-- Organization
INSERT INTO `organization` (`id`, `name`, `description`, `abbreviation`, `display_name`, `industry`, `issuer_identification_number`, `agency_code`, `system_code`, `issuing_authority`, `address_line1`, `address_line2`, `login_logo`, `login_logo_width`, `login_logo_height`, `sidebar_logo`, `sidebar_logo_width`, `sidebar_logo_height`, `primary_color_code`, `secondary_color_code`, `tertiary_color_code`, `quaternary_color_code`, `quinary_color_code`, `alt_name`, `privacy_policy`, `version`, `created_by`, `created_date`, `last_modified_by`, `last_modified_date`) VALUES (1,'Unifyia','Unifyia Institute of Technology','UIA','Unifyia','2','9999','9999','1234','Unifyia','address1','address2','data:image/png;base64,iVBORw0KGgoAAAANSUhEUgAAA+gAAAFNCAYAAACT7UWQAAAACXBIWXMAAC4jAAAuIwF4pT92AAAMd2lUWHRYTUw6Y29tLmFkb2JlLnhtcAAAAAAAPD94cGFja2V0IGJlZ2luPSLvu78iIGlkPSJXNU0wTXBDZWhpSHpyZVN6TlRjemtjOWQiPz4gPHg6eG1wbWV0YSB4bWxuczp4PSJhZG9iZTpuczptZXRhLyIgeDp4bXB0az0iQWRvYmUgWE1QIENvcmUgNS42LWMxNDUgNzkuMTYzNDk5LCAyMDE4LzA4LzEzLTE2OjQwOjIyICAgICAgICAiPiA8cmRmOlJERiB4bWxuczpyZGY9Imh0dHA6Ly93d3cudzMub3JnLzE5OTkvMDIvMjItcmRmLXN5bnRheC1ucyMiPiA8cmRmOkRlc2NyaXB0aW9uIHJkZjphYm91dD0iIiB4bWxuczp4bXA9Imh0dHA6Ly9ucy5hZG9iZS5jb20veGFwLzEuMC8iIHhtbG5zOmRjPSJodHRwOi8vcHVybC5vcmcvZGMvZWxlbWVudHMvMS4xLyIgeG1sbnM6cGhvdG9zaG9wPSJodHRwOi8vbnMuYWRvYmUuY29tL3Bob3Rvc2hvcC8xLjAvIiB4bWxuczp4bXBNTT0iaHR0cDovL25zLmFkb2JlLmNvbS94YXAvMS4wL21tLyIgeG1sbnM6c3RFdnQ9Imh0dHA6Ly9ucy5hZG9iZS5jb20veGFwLzEuMC9zVHlwZS9SZXNvdXJjZUV2ZW50IyIgeG1sbnM6c3RSZWY9Imh0dHA6Ly9ucy5hZG9iZS5jb20veGFwLzEuMC9zVHlwZS9SZXNvdXJjZVJlZiMiIHhtbG5zOnRpZmY9Imh0dHA6Ly9ucy5hZG9iZS5jb20vdGlmZi8xLjAvIiB4bWxuczpleGlmPSJodHRwOi8vbnMuYWRvYmUuY29tL2V4aWYvMS4wLyIgeG1wOkNyZWF0b3JUb29sPSJBZG9iZSBQaG90b3Nob3AgQ0MgMjAxOCAoV2luZG93cykiIHhtcDpDcmVhdGVEYXRlPSIyMDE4LTA4LTI2VDEzOjQyOjQ0KzA1OjMwIiB4bXA6TW9kaWZ5RGF0ZT0iMjAxOS0wOS0zMFQxNzoyOTo1OCswNTozMCIgeG1wOk1ldGFkYXRhRGF0ZT0iMjAxOS0wOS0zMFQxNzoyOTo1OCswNTozMCIgZGM6Zm9ybWF0PSJpbWFnZS9wbmciIHBob3Rvc2hvcDpDb2xvck1vZGU9IjMiIHBob3Rvc2hvcDpJQ0NQcm9maWxlPSJzUkdCIElFQzYxOTY2LTIuMSIgeG1wTU06SW5zdGFuY2VJRD0ieG1wLmlpZDozYTk5NDI2Zi00M2ExLTNiNGQtYWNjNS0xNjk0YWY5MjY5OTgiIHhtcE1NOkRvY3VtZW50SUQ9ImFkb2JlOmRvY2lkOnBob3Rvc2hvcDozZjVhYzhkNS1hMDk0LTU2NGItYmI1My1iMWFlZDBhODI0NjMiIHhtcE1NOk9yaWdpbmFsRG9jdW1lbnRJRD0ieG1wLmRpZDoxNTM2ODZGOTI0QTlFODExQTBDRUFEQzg3REFBM0E3RCIgdGlmZjpPcmllbnRhdGlvbj0iMSIgdGlmZjpYUmVzb2x1dGlvbj0iMzAwMDAwMC8xMDAwMCIgdGlmZjpZUmVzb2x1dGlvbj0iMzAwMDAwMC8xMDAwMCIgdGlmZjpSZXNvbHV0aW9uVW5pdD0iMiIgZXhpZjpDb2xvclNwYWNlPSIxIiBleGlmOlBpeGVsWERpbWVuc2lvbj0iNjAwMCIgZXhpZjpQaXhlbFlEaW1lbnNpb249IjIwMDAiPiA8cGhvdG9zaG9wOkRvY3VtZW50QW5jZXN0b3JzPiA8cmRmOkJhZz4gPHJkZjpsaT5FRkZGQUM5MzE0M0YwNDdEQUI4RDQ5NjIyMkRCNzJCMzwvcmRmOmxpPiA8cmRmOmxpPnhtcC5kaWQ6RUM0NzY0RDcwQUE5RTgxMUEwQ0VBREM4N0RBQTNBN0Q8L3JkZjpsaT4gPC9yZGY6QmFnPiA8L3Bob3Rvc2hvcDpEb2N1bWVudEFuY2VzdG9ycz4gPHhtcE1NOkhpc3Rvcnk+IDxyZGY6U2VxPiA8cmRmOmxpIHN0RXZ0OmFjdGlvbj0iY3JlYXRlZCIgc3RFdnQ6aW5zdGFuY2VJRD0ieG1wLmlpZDoxNTM2ODZGOTI0QTlFODExQTBDRUFEQzg3REFBM0E3RCIgc3RFdnQ6d2hlbj0iMjAxOC0wOC0yNlQxMzo0Mjo0NCswNTozMCIgc3RFdnQ6c29mdHdhcmVBZ2VudD0iQWRvYmUgUGhvdG9zaG9wIENTNiAoV2luZG93cykiLz4gPHJkZjpsaSBzdEV2dDphY3Rpb249ImNvbnZlcnRlZCIgc3RFdnQ6cGFyYW1ldGVycz0iZnJvbSBpbWFnZS9wbmcgdG8gYXBwbGljYXRpb24vdm5kLmFkb2JlLnBob3Rvc2hvcCIvPiA8cmRmOmxpIHN0RXZ0OmFjdGlvbj0ic2F2ZWQiIHN0RXZ0Omluc3RhbmNlSUQ9InhtcC5paWQ6NkM4MDI1QjUyNUE5RTgxMUEwQ0VBREM4N0RBQTNBN0QiIHN0RXZ0OndoZW49IjIwMTgtMDgtMjZUMTc6MTY6NDUrMDU6MzAiIHN0RXZ0OnNvZnR3YXJlQWdlbnQ9IkFkb2JlIFBob3Rvc2hvcCBDUzYgKFdpbmRvd3MpIiBzdEV2dDpjaGFuZ2VkPSIvIi8+IDxyZGY6bGkgc3RFdnQ6YWN0aW9uPSJzYXZlZCIgc3RFdnQ6aW5zdGFuY2VJRD0ieG1wLmlpZDpjZGFiODZhZC1jODk2LTQxNDgtYWIwZS0xNjZhZWU1ZDA5ZDciIHN0RXZ0OndoZW49IjIwMTgtMTAtMTZUMjI6MzY6MDQrMDU6MzAiIHN0RXZ0OnNvZnR3YXJlQWdlbnQ9IkFkb2JlIFBob3Rvc2hvcCBDQyAyMDE4IChXaW5kb3dzKSIgc3RFdnQ6Y2hhbmdlZD0iLyIvPiA8cmRmOmxpIHN0RXZ0OmFjdGlvbj0iY29udmVydGVkIiBzdEV2dDpwYXJhbWV0ZXJzPSJmcm9tIGFwcGxpY2F0aW9uL3ZuZC5hZG9iZS5waG90b3Nob3AgdG8gaW1hZ2UvcG5nIi8+IDxyZGY6bGkgc3RFdnQ6YWN0aW9uPSJkZXJpdmVkIiBzdEV2dDpwYXJhbWV0ZXJzPSJjb252ZXJ0ZWQgZnJvbSBhcHBsaWNhdGlvbi92bmQuYWRvYmUucGhvdG9zaG9wIHRvIGltYWdlL3BuZyIvPiA8cmRmOmxpIHN0RXZ0OmFjdGlvbj0ic2F2ZWQiIHN0RXZ0Omluc3RhbmNlSUQ9InhtcC5paWQ6OWRiOTIyYTQtN2RjNy1iMDRlLTlkNDUtNDU4MGJjMjUxNTcyIiBzdEV2dDp3aGVuPSIyMDE4LTEwLTE2VDIyOjM2OjA0KzA1OjMwIiBzdEV2dDpzb2Z0d2FyZUFnZW50PSJBZG9iZSBQaG90b3Nob3AgQ0MgMjAxOCAoV2luZG93cykiIHN0RXZ0OmNoYW5nZWQ9Ii8iLz4gPHJkZjpsaSBzdEV2dDphY3Rpb249InNhdmVkIiBzdEV2dDppbnN0YW5jZUlEPSJ4bXAuaWlkOjNhOTk0MjZmLTQzYTEtM2I0ZC1hY2M1LTE2OTRhZjkyNjk5OCIgc3RFdnQ6d2hlbj0iMjAxOS0wOS0zMFQxNzoyOTo1OCswNTozMCIgc3RFdnQ6c29mdHdhcmVBZ2VudD0iQWRvYmUgUGhvdG9zaG9wIENDIDIwMTkgKFdpbmRvd3MpIiBzdEV2dDpjaGFuZ2VkPSIvIi8+IDwvcmRmOlNlcT4gPC94bXBNTTpIaXN0b3J5PiA8eG1wTU06RGVyaXZlZEZyb20gc3RSZWY6aW5zdGFuY2VJRD0ieG1wLmlpZDpjZGFiODZhZC1jODk2LTQxNDgtYWIwZS0xNjZhZWU1ZDA5ZDciIHN0UmVmOmRvY3VtZW50SUQ9InhtcC5kaWQ6MTUzNjg2RjkyNEE5RTgxMUEwQ0VBREM4N0RBQTNBN0QiIHN0UmVmOm9yaWdpbmFsRG9jdW1lbnRJRD0ieG1wLmRpZDoxNTM2ODZGOTI0QTlFODExQTBDRUFEQzg3REFBM0E3RCIvPiA8L3JkZjpEZXNjcmlwdGlvbj4gPC9yZGY6UkRGPiA8L3g6eG1wbWV0YT4gPD94cGFja2V0IGVuZD0iciI/PvK5kLsAAGDsSURBVHic7d13mCRV9f/xd03e2dkc2F12yUvOOYMEAcUAgqDkoIAgQVEBAREkCRIUkCBJUBAFBBSB31cJAgqIIIjkDEtYNufdmenfH6eb7t2d0FV1qqu6+/N6nn5mdqfvqTs9HerUvffcIJfLISIiIiIiIiLpaki7AyIiIiIiIiKiBF1EREREREQkE5Sgi4iIiIiIiGSAEnQRERERERGRDFCCLiIiIiIiIpIBStBFREREREREMkAJuoiIiIiIiEgGKEEXERERERERyQAl6CIiIiIiIiIZoARdREREREREJAOUoIuIiIiIiIhkgBJ0ERERERERkQxQgi4iIiIiIiKSAUrQRURERERERDJACbqIiIiIiIhIBihBFxEREREREckAJegiIiIiIiIiGaAEXURERERERCQDlKCLiIiIiIiIZIASdBEREREREZEMUIIuIiIiIiIikgFK0EVEREREREQyQAm6iIiIiIiISAYoQRcRERERERHJACXoIiIiIiIiIhmgBF1EREREREQkA5Sgi4iIiIiIiGSAEnQRERERERGRDFCCLiIiIiIiIpIBStBFREREREREMkAJuoiIiIiIiEgGKEEXERERERERyQAl6CIiIiIiIiIZoARdREREREREJAOUoIuIiIiIiIhkgBJ0ERERERERkQxQgi4iIiIiIiKSAUrQRURERERERDJACbqIiIiIiIhIBihBFxEREREREckAJegiIiIiIiIiGaAEXURERERERCQDlKCLiIiIiIiIZIASdBEREREREZEMUIIuIiIiIiIikgFK0EVEREREREQyQAm6iIiIiIiISAYoQRcRERERERHJACXoIiIiIiIiIhmgBF1EREREREQkA5Sgi4iIiIiIiGSAEnQRERERERGRDFCCLiIiIiIiIpIBStBFREREREREMkAJuoiIiIiIiEgGKEEXERERERERyQAl6CIiIiIiIiIZoARdREREREREJAOUoIuIiIiIiIhkgBJ0ERERERERkQxQgi4iIiIiIiKSAUrQRURERERERDJACbqIiIiIiIhIBihBFxEREREREckAJegiIiIiIiIiGaAEXURERERERCQDlKCLiIiIiIiIZIASdBEREREREZEMUIIuIiIiIiIikgFK0EVEREREREQyQAm6iIiIiIiISAYoQRcRERERERHJACXoIiIiIiIiIhnQlHYHKikIgrS7ICIZoHcCcTAcmJp2J0REqk0OaGwfzug9ryRoHkhu0dy0uyRVYNJNe6XdhYqpqwTdwcrAcUC3U7zRwG+APzvFE0nCGcBYYJ5DrEZgFnCKQyyRNB0CrAZ8M+2OiIiI9OJnwKT8V6kSStDDuQXYxDnmOc7xRLx9DPzIOeYk4DLnmCKVNBX4BvAM8MuU+yIiItKT7wAfoQS9qmgNevl2wT853xz4r3NMgbOAEWl3ooZcAVzkHPOnQItzTJFKmpL/egXwlTQ7IiIi0oNd81+XAdZIsyMSjkbQy3elc7xLgCecYwp8GTgVS/5+kG5Xasp3gT2BFZziDQDOBr7nFC/rAmAw4Ze/zwY6/buTOS1Ae8g2i4A5CfSlXKWfn38APgM8lE5XqlIr9jfPlXn/bmBmct0py0CgOWSbOdhzNS2NwKAUj18pc4GFIdsshy25Kvc5WGp6hDbVpi1/C2s48B79/D1ynQvIdXeWUx8qynO4C/vb1rszSr4/HfhaSv2QkIJcLsr7UnWKUSTuQOBGx668D4x3jCdFHwBjsA/c0cAn6XanpmwE/Ms55ihS+BulUCSuA/gfMCRkuz2Bv/p3J3MOxS5alvuBFAD/hz0+adkTuL3k3zlgPeD5dLpTdb6DnTyW+zf/EFiLdC9Y/R6bTRfmxOlg4M5EelOejYC/pXj8SgiAY4EbQrb7IfATol34uRRLeGrVWOBp7KJUGM3AK9gM0fm93SkHNA9djlF7/hK6Osl19ZnLrwn8I2Q/3sLej+vZWiw9S3cEVVzcVEXiZEkXOsfbxzmemB9gyTnYB/aVQP28mpP3NLbW9ijHmOdi63hrXQMwIUK7Ad4dyajBhB8hGdP/XSoqwE4i18ZODqVvQwn3N29NqB9hjCH887QjiY6E0Iq9vmpdlN/xF1iSHaXtacC1wNsR2laDm7EkPYof0EdyXtA2fiOaOsawaOrr9HPZvJnwf6PlQt6/Fv2wh/87ntq+sFQztAa9f0dgo3xebgUec4wnZjhLF9z7CrBxCn2pZccC0xzjHQ6Mc4yXVTlgRoR2aU6NraR+T+Z6kPZ0554MBB7H3o+kb2F3hcjCqE+U59wC916EUw9LZCD6e8hOMY752xhts+xzwA4R214H3N/XHQrTT1onbEZu0XzKmNPWFaEfnucp1Wg4PU9n/3alOyLRKEHv39mOsRYChznGk6Jf0vPz2XNpgtjJ3qHOMX/iHE8kTWOxJF1FEEWy7+/A7yK23ZLanKUX9bxpLnBkOXdsbOmgeeREuuZPj3go6cdxvfz/UOCACvZDIlKC3rfD8K0GfgL2Bia+1gO+2svP1sTWAIqfPxJ+PVhfDsHqBVRM/VTekJSshmZKiVSLQwhfYK7gWlIpa5KYc4CREdseSJmzvtqW24zmYcuRW6RT4oQc28fPTqlYLyQyJeh9O80x1hvYdjzir7+rvddQH1VsK+kQ53iquC+1ZmPgL2l3QkT6NY/osxsHAz937EualgVOjtj2YRYvmtmjT6e3L7cZue5udLk8EfthI+W9WR2b/SEZpgS9d3sAyzvGO9wxlhTtQ/+VOpuwKfDi52Xgesd4xxC+WqxI1u0K3JR2J0SkXzcTfevbY4CJjn1Jy29itN233Ds2NLXSOnY9uuZNpbYmH2TGqWXc54ykOyHxKEHv3RmOsf4OPOgYT0xA+Yn3fsC6CfalHp2A7U3soYW+p2SJVKv9sS3kRCTbelsqV45b3XqRji8A20VsexK2DWJZ2sZvQvOwFcktmB3xcNKHrbAR8v7sjO8gpDhTgt6zzfBN5o52jCVFZwPDQtz/hoT6Ua9mAOc7xjvBMVa/NLFOKug4fJdMiYi/d4AfR2y7IXYxrlpFnRH3BiHPA1rGbwwNDehTOBFhtlCLupxBKkAJes++7xjrT8DzjvHEjCH8m8sG1GbF1TSdhV/hw1HY1ngitehMtMWNSNadAbwXse1V2J7d1eZ8ohdELnvWQQ4Igkbaxm9E59wpaHq7u+WBz4a4/6HAgIT6IjEpQV/aMsCejvEqOipYR34Vsd01rr2QeSy9/3wc33OMJZI1P8eW24iIrw7HWFGnurdTffVuJhB9UOo64OkwDdqW3YDmESuTmz8r4iGlD2HPn5qBbyXREYmvKe0OZNBRjrHuBl5zjCdmC+DzEdsOxaaw/citN/IzbNuOdodYmwFrAS84xBLJopuBycADaXdEpBfzgbfz31fDMGcAvO8Y7x9YwbQoF9MOw2pO/NexP0mKWhhuDmXueV6qZcw6BE2tkOuGoBqeWlVjAPCNCO2+i53DScYoQV9alCd4b8qppCjh/Tpm+9OxqWiTHPoidjJ3MfBDp3hHoqnAUtvux7ZhCzX6JFIh/wU2SbsTKTsMm00ZZQrwrcDavt1JxJeBbSK2LXvPcyjZXm3CpnTNm6Hk3N83sWK7YY0FvogNKEqGaIr74nYExjnFegitPU/C4cAqDnE2coghRT8FOp1i7U+FLh6qRI2k6FF83stEvOmtERYAB0dsuxbVsbXudRHbPQzcEbZRy8iJtIxeg+550yMeVvoQZ3mgCphmkBL0xX3TMZamUPtrwWe7oveBxxziJG7IZt+kceDItLtRjpn47Ys+FLuiK1LL2rCptKPT7ojIEnRuaG7DtsmN4nKyXYDrAsLtglNqnyiN2iZsRkPbEOj2upYveZ8Hlo3RfmO0DXHm6E24aDCwh1OsV4BHnGJJ0cXAQIc4BwFTHeIkqnXZDRm56zm0LLNW2l0p108dY3leLBPJqpFYku5Rv0FE/EVKRrEBhajFbJO2PHBixLYnAR+FafDp9PbxG9G9YJamt/s7IyMxxJHWoBftjd/2GBc6xZGi5fGpNvkI8Ne+7xLQsdaXyHV3QneXwyGj6Vh3L7rnz2TgxM8y742HU+tHCK9hSzu2d4i1C7bt2mSHWCJZthLwOLB+yv0QkaV9gNVXOTtC268DF5G9WhO/jdgu9J7nBc2DxtIyanW65k2LeGjpxTrYCHhce6BzrkxRgl7ktfXNLOAGp1hS5DV9+pD+7jBq9wvoWGsPuuZOIZfrdjpseN1zpzL/vacYsNK2tCyzJgs/+l9qfQnhfHwSdLCtbi53iiWSZethFw53TLsjIrKUc7CicStFaHsLsKpvd2LZE9gyYtuo28/RtuK2NA4aQ/cnr2oE3ZdXcV6wWRU/cIwnMShBN8OB7Zxi3UKIypZSlm2AzzjEuRa7AtyrIZt+g/bVdmP++0+Tld1lgrYhDFhh22pJ0O/Dpr8t4xBrT5SgS/3YASvadGjaHRGRpRxAtNo1E7GCcVmZ7n51xHa/JcJMgE+nt49bj9yieUrOfQ0m+hKMnhyBEvTM0Bp0szt+j8U1TnGkyOODLUc/a67aJmzKkC2+xaIpr2Wnhm3QQNesDxmwwhYEzVmuN7OYuNvgFWyHXTxLVFb+1CLYDJ+z0u6EiCzlceAPEdteQrQtsLydAYyI0K4TOCrqQRvbBtM8ajVNb/cX+W/SiyHA15xjSkRK0M1XnOK8DPzLKZaYQ/GZHvY9YHpvP2wcMIyRu51H97wp5BbNz9RV3u5502kZux6ty1TDtqqA30hBI/AFp1gi1eJU4Li0OyEiSzmEaNuJDgSudO5LWMsQfXehI7CdWiJpm7AZzcNWILdoTtQQ0rOohf764jllXmJQgm5vnLs4xfJaJy2mBbjMIc5rwM96/WnQyKgvXkLQPIDO2ZMhyN7LIrdwDh3reF1HStwr+BXF8dpZQaSaXAIcmHYnRGQxs4m+w8ghWEGvtNwcsd3TRN8vHYCWMetArpusLBusEV/BdgHxthawWQJxJaTsZSKVtxPQ6hQramVM6dmF+Owj2mdhkxE7n07ruA1YNO1tgoYMlmUIAjpnvM/ANXanY82q2R78Bqc4O5DtvWRFknIjtvxKRLLjeqLPlPydZ0dC+Cx2rhvF3lEPmgOChiZax29E59wpUcNIz05PMPYZCcaWMilBh92c4jwGvOsUS2A54NsOcX4PPNPbDzvW3ZuOtfZg4SevEDQ0OhwuOZ3T32HYdt+jacj4tLtSDq8TkUHAtk6xRKrNPcBWaXdCRBazV8R2axB9BD6OqHVhzgXejHPgtmU3pHn4yuQWzooTRha3EbBugvF3BariRLOWKUGHnZ3i3OoUR8wNTnGO6O0HrWPXZcQOp7Jo2tvQnd52amUJArrnzyRobmPYtt9JuzflmIztOe/BawmKSDV6BDuxF5FseJto+6KD7Uwy0LEv/TmLaLuqfAicEvfgrRM2IWhsgpzKsToKW0tgbv4Wxskh7y/O6j1BX5Vo+1r25I9OccT2AvbYVu00oMeyoY0doxm56zl0zZtCbtHcTBWF61VDI4umvEn7xF0YuPrn0u5NOW53iuPxXBCpVg1YBekxaXdERD51KvBBhHZNVG7LtbFYP6PYN86Bc9iK89ZlN6Zr3nS0/tzNMoQvnvs1wl9sORxoC9lGHNV7gr6DU5yngfecYonP6PnHwE96++HQzY6gefiKdM76qKeicF8EtnboQyK65nzE4A0PzOZ6+cXd5RRnfWBZp1g90rV9ybihwJPYkg8RyYY+69v0YV9gE8+O9OI3Edv9AXg47sFbRq9B84iV6V4wI24oKTo/5P1zwN2EL/TXAhwZso04qvcEfXunOF6JiNj2Qh5rX77R2w9aRq5C+2q7svCTV3tLcu/Eby9vX0FA1+zJNC+zJu0TvVZnJOZt4N9OsTJ7wUSkTFOAv8doPwEbSddQlEg2PEr05Y1JL4vcjWizzzqxivOxta24LQ2tHdDV5RFOYBhwUMg2N+W/zsJqZYXx3ZD3F0f1nqBv4RTnXqc49a6DvrZDK9+T2BXDHg3d8hiCxma6F83v6ceHY6+LFfGbYeErCMgtmEn7qp9Nuyfl8HptbOcURyQtA7ET5nNjxFgbeMilNyLi4VBgYYR2K2EDEkm5MWK7b2LbyUVWmJHWOm49uubPrI4lhNXh+AhtSmslnBmy7Xjg8xGOKQ7qOUFfC6sUHtck/PZ8rnc/BzxKqfd6hXHAClvTtsLWLJr+Tk9V2xuBi0r+HWvvz+QEdM78gAErbkPbhE3T7kx/HnCK43UxTSQtbdgIyCnEu3C1LX1cgBSRipoHHBax7SXAEL+ufOpcYFSEdk9j28jF1jxkPM3DV6J7vqa3Owq7s9HjwCsl/36A8MtxwxakEyf1nKB7rf95yClOvVsdn2lV1wEv9fyjgKFbH0f3wtnQ3eOUq7NZfI3n8sAxDn3yl+smB7SvsmPaPenPk4DHJ/S6wGiHOCJpKlwU/jx28hTVF3A6kRaR2G4G/hmx7Q2O/QCr13JSxLZRt49bStuK29A4aAx09jhTUcI7ALvAG8aPe/i/80LG2AQb0JQKq+cE3WvoMXYhDQGK62TiWEgfVxgHb7AfLSNXpavnwnBjgR/00OwibOp9tgQNdM36gAErbEVj+/C0e9OXBcRLRAoagPUc4oikaVHJ99sAL8aIdTDw01i9EREve0ds92V8a6xELQx3HvBW3IMXp7dvQPeC2T2da0k0YS+6vEvPMxh/RfglGRpFT0E9v3LWcYoTtuiCLO0LwMYOcX5AL3s9NjS3M2jD/emcNam39VBX9BKzGbjYoW/ucgvn0jh4WdpX3S3trvTHaz/0jZziiGRBN7Z0Y1KMGN/L30QkXe8Bp0ds+1unPnyeaPVaPsRx3+umQcvQusxadM+b6hWy3m0BrBmyzYW9/P8C4JqQsfYGRoRsIzHVa4Legc9o3PvACw5x6p3HnqBvYeu5ejR4k0No6ljGCpYsXQR5Q+wqdm8OB1aN170EBA10z59O+8qZr5/2hFOcDZ3iiGTFDGAzYHqMGD8l+hpYEfFzFvBOhHYT8EmQb4jYbh+HY3+qbcJmNA0ZR07T272cFvL+C4Gr+/j5BRH6oIruFVavCfoa+Own+y+HGPXuR/isLT60tx+0LrMWgzc6iEXT3yboebpVOWs5o1ZETVTXnE9oGbsurcusnXZX+vI0vcxsCEnroKQWvQdsTrRK0AW/Avb06Y6IxBB1qvs5wMgYx/1pxPZ/wGmWW3F6+4b5XXJUvd3BBGzLvDCuBfq6OvI28P9CxjwG/UErql4T9NWc4vzDKU69Gg6c4RDnIeDB3n44ZIujAMj1vK3anlgBsv5sjk3Fz5ZcNwQNDFzri2n3pC8zgWcc4qxGgoXicv3fRSQpLxN/Hert9D0TSESS9yTRa+pEbTeeaEtdFmG1LNw0DhxB6/gN6ZrziWfYetZTbaT+lFMI7qyQMQfh/FyRvtVrgu61/twj6ahnVznFObC3H7SvvD1ty2/Jomlvw9LbqkHva8970teUoXQEDXTNnET7xJ1pGjI+7d705XmHGI34XVwTyZqngJ1ixriTaGtQRcTPN7Dt18LalWjvAbdEaANwBDAnYtsetY7bgKYhy5LrjPLryxLaCL986f8ob5nF34HXQ8Z2q1Mg/avXBH11pzhxKvDWu43w2dLjUqxa5VKCpjaGbvMduudNs5HmpZ0CLBPiWGPybTIl17mAhvbhtK+8Q9pd6cvTTnGUoEst+yvx3xcforxZQSKSjAVEH228OeT9v0i02Tf/wnGrxk+nt49Zl1xXJ5oN7eJILEkPo6et1Xrzk5CxJwLbhmwjEdVrgr6KQ4zX6CUxlLLc4BBjDvD93n44eMP9aR62Ip2zJ/e01ccQwk/xAdsrPVv7mgUNdM+dQtvyW6bdk770sjd9aGErmYpUm9uxwpRxPA4s79AXEYnmNmyUMqxlgDND3D9qkh11rXyvgqCJtgmb2KCIeDgx5P1fBR4Ncf9fA7NDHkNbrlVIPSbow4CVHOK87BCjXu0HeFQ1+za9FFZqHDiKQRsewKJpbxH0PLX9EqI//8NMi6+I7rlTaR27Di2jMjvA/DLximAVrOwQQyTrriX8vrelBmK7Jwzz6Y6IRPDViO1OA8aVcb8LiTZgcC4Oe54vqXXcejQNW57uha6z5uvV7sCyIduUs/a8VDfhz2d3AFYI2UYiqMcEfTnCTxnpyasOMepRCz4J7ov0ceV46BbfoqF5ALlFPRYPX494xS72ATaI0d5drruboKmFgWvsnnZXejOZ8OudejLWIYZINTif8CdcpZbBkvRmn+6ISEhx9hf/TT8/X4NoW19NIqGlegNW3JqgoQVyXUmErzdh/0Yzibbb0MUR2pwaoY2EVI8Jepg1x33xSDbq0WnAYIc4R/T2g9bxmzBwjd1ZNP3dnqa2g8++69c6xPATBHTNnkzb8lsSNLWk3ZvevO8QYxxWLE6kHpxM/yfqfZmIrWsXCaMz7Q7UkPOwRD2s7em7YNztkXrTR1HdqArrz1vGrEvX/Olo/XlsqwNbhGxzPRDlysiHwL0h2xwItEY4loRQjwm6V6nrt5zi1JPh+Fy5/Rt9rO1qGb0GQWMzdPd6juFxwroB8HmHOG66F86hach42sZvnHZXevO2Q4wxlDf1T6RW7E/4PWtLbUP4wlNS31qwZRLVchsKNCXxQDjZN2K763r5//2xEfSw7iehC3YtIyfSPHwFcgtmJRG+3kSZGXFJjOOdH/L+zdhOBZKgLL+hJWUFpzjvOcWpJ1fic1HokL5+mFs0n1zXot5Gz8HWdu5H/Is115ClZDGXIwgaaFtuC+a99XjavemJR92GRmyauwo0Sj35LPBPYLOI7fcDPgGO9+qQ1LR1KW7VVA3DoS3A0USb4lsJDwN/IPwODROw6cSl1babib7l634R2/VrwIpb0zBgOF1zpkBQDU+ZzBoEHBqyzf8j3qDhI9iy3Ykh2nwfuCzGMaUf9ZagN+Azgj4XJQhhbYhP1dBf0O8ej7m+f2wOBR6I2Zex2IyAc2LG8REEdM35hLYJmxM0tZHrnJ92j5ZUzt6c5fBapiJSTbYBniX6TgbHYUl62K11pP40krXdSvo3JO0O9OMg4MuEP+8+C0vIP87/+xfAgAjHPwGYEqFdnz7dXm3sBnQvmKnkPL6jCT+QFabqf2/OIdyOABOAXbBZGZKAepvi3gGMcIjzHgm80dU4j/025wLfc4gDdsUxyhYoS8rUtmvdC2fTNHx52iZkcpp7lHV4PRntFEekmizC1iXGuTh8FvAtn+6IZErmrkgvYS7RpwUXlqisTB/1d/rwEvGmQPepZdiKNI9eXdur+Tg+5P1fIdzWar3RlmsZU28J+jB8kqnJDjHqyX7YlLm4vg0s6O9OQVNrfnp7vyPpXsVS7icrlZJzOehaSMeaX0q7Jz35xCmORtClXs3EprlPjxHjcmwnChGprBuAf0Vot3P+dnbE47rveV6qdcLGNHWMJtfZ7+mZ9G0vwp/fhF0/3ptuwk9Z34JotRCkDPU2xX0YPvvCznCIUS8a8dlW7RV6L5iymK550/IF4vqdavUWVil1WWx0KooGrCp9Y4wYfoKA3PyZNI9cjaCpNWsfmJOxUY642xyOdOiLSLX6ANgSeJ7oOxrcCkwlXvE5EQnvq8AbEdpFXZJ3OfDfiG37VKzevg7dC+f2VfdHyhO2iPJsfOsuXILVaArjdOBrjn2QvHpL0Edg1T7jmuoQo16cg8+2ageXe8eFHz5vSXpjM3T1mzM/HKtX/cpB0EDQUKGXWi5Hw+BxzH3mt+S6FlbmmOWbii0NWTZmnKyvNRRJ2ovYmvQ41SAfADYGnnbpkYiU402sDkQl9pKeDhyT5AGa2ofTOm5DuuZq1WdMG2G7A4VxJdG2VuvNR8BdQJgpmPtiy6a0vsFZvV3uGofP+tWPHGLUg/FYpce47gL+Ue6du2Z9RNesj2hoilJHxUkuB7kcjQNH0dQxhqCxlaCxJfFbQ9sQuudPZ+Z/brE+ZEsnPhe3POpIiFS7fwCfixnjMWxdq4hUzmnApAocJ7Gq7QWt4zehacg4cp3zkj5UrYuyBfGF7r2IVkT0O+69kLobQR+Gz1phXSkqzzVOcb4Z5s65rgUs/ORlBo5a1aqKVlI+KW7sGE1DawcLPniO2c/9noWTX6bM6vKxBI3NdM+fSecsr3ps7sIWIenJQIcYIrXgL9j0wlsitm/Ftm9bA78aESLSv72xC2RJuR+4N6nghbOZtgmb5pfSqXp7DGOAPUO2uYtkBgv/hS2fWidEm29jU90zNypUzeotQR/kFMcjyah1WwG7OsQ5h+L2ImXrnPUBQVML9n5RgQ+OHhLzOS/8kdn/uzv5Y1cXj8vs2SjIJ5INt2LLiK6K2H4k8ASwFtmvhC1SKx4Hfgt8PaH4iY+eNzQPoGXcerakUOL4boQ2SW6XeRZwW4j7DwEOwCrBi5N6S9A7nOJUeFi2Kt3gEGMK8MMoDRdNfpXcogVWtCTKVO9cN0FLBw3N/dczy+W6aWhqI2gekE/M72T2/+6J0Ou6MMshRotDDJFacjU2Q+y8iO1XwkbzNnLrkYj05zDgK9hMFk/HU4GtgFvHb0zz0OVYNO3tpA9Vy5qBo0K2+S/RdgMo1++x5Yhhdr06GSXorpSgRzPHKU6tOhJYxSFO5P16F05+he55UwgamsMVS8t10dA6mMaO0Sya+iYLp73Vb5OgsYVc10LmvHwfc15UYt6PuQ4xlKCLLO18rK7MORHbbwj8FdjRrUcilRN1R4M0zQcOBX7jGPNF4FLHeEspDHkMWGErcrkcFZupWJsOJfyyvSRHzwsuxkbSy7U6NnM2yWUbdaXeEnSvE/v0t9PKrjbshR3Xfwg3xWYxXfOm0DnzQ5qHr0jXvDIS9EJiPmgMXTMnMfOp65j1/O10zVY9QGcer51qPBETqYRzsenuYbfKKdgBe9/9qluPRCqjWs9nfwscjW2d6KEir90AaBm9Jt3zZ6DkPJawhZRnAL9LoiNLuJxwCTrAGcDO/l2pT9X6hhaVV9X6bqc4tegi4u9zDbaeJbruLhZOeYWWcetBX+ujPk3Mx9I58z1mPnUts5//A52zlJgnxGNLEJ0NiPTuZGw70SMjtt8buIIYM5ik6r0E7J//vhrebwPgrbQ7EcM+wLsOcRLb83xJLWPXo3n4inTODl0iSIp2xpYXhVGJ7fnAimGHrZGwE7A8oDUPDuotQff6oFGlwp6tTPi1ND25BasiGUvn9PdoGjzO9kLvaR16EBA0t1ti/uQ1GjGvDF3cEkneUViSvm+M9p9glXml/kwFnk67E3XkPey1dmaMGNOxatoVMWCFrQia2yHXRXVcw8mksFurzcX2Pq+UcwhfxPAU4IgE+lJ36i1B90qs9W7Us+sdYuTwSfKZ9+ajzP7PbXQvnA3dSwzc5pPzRdPeZPbzt9Olq8CVoteOSGV8DSsct0vE9qdhhaYSXc8qmeRdtEz6dxZWNG75iO33owKDR4UDtI7bgC5Nb49jIrB9yDZXAp3+XenVC8CTwKYh2hwCnIBPvaG6Vm8JutfonddU+VqyC7CNQ5xTsDU2sXXOeJfJf/qORyjxo9eOSOXsim2hFuYEq9Ql2GjqTV4dEpFe7Q38g/B1Vu4kwT3Pl9Q6Zh2aR66i7dXiCTt6DraEtNLOAsJUP27GlkddmEx36ke9nSwrQU+Ox+j5JKJvEyTVweOioKbJi5RvK2xNcVS/BnZ36ouI9O4p4N8R2lX0vKl13Ho0tA2B7koO5taUwcCBIdvcA7yfQF/68yfgw5BtouzrLkuotxH0eU5xNP1rcd8DxjrE+YZDDE8BcHj++6jFzZqAmcCtLj2qfh6vHZ0ViJSvE9gCKx61bMQY92CJ/uNenRKRHkU5T63o1qNBQxN0d6Pp7ZEdQ/iBvnOT6EiZfkq40fsxwJeAu5LpTn2otwR9llOcwU5xasFgou+7W+pxKjhFq0w5YGvCX+nsyWRsj+F61+EQY4FDDJF6Mh3YDFtTOCRijEeAtYk3Gi8ifWuO0KaiCXquuxPVSo7l+JD3fxFb+pCWq7AkPUzOeBpK0GOpt6nas53iDHKKUwuuwOdCj0cSnISDAI/S7jc4xKgFAx1ieOylLlJv3gc2J/rrpxE7SfSYLSUiUo/2AUaFbHN2Eh0JYS5wXcg2GwHrJdCXulFvCfpMpzgeo4C1YB2scmhcvwJed4iTFI+p9+MBVayDAQ4xNIIuEs1L2KygqIZiSbo+A0VEwjs55P2fA36TREdCOgKYE7LNj5LoSL2otynun2DT3OOOgIe9+lWrrnGI0QUc5xAnSfcAzwAbxIxzPjbjYH7sHlWvoQ4xvJaqiNSjJ4HPEX1J0fLAo8D6Xh0SEakDGxJ+VDmHFQH0mH0Yxyzs3DVMP/YAhmM7gUhI9Zagf4itBY6boI906Eu12wVb0xjXqVTHfomHA0/HjNGEreM5Nn53qlI7ti9zXFMcYojUs79gIyJXRWy/HnAHsKdbj0REaluU6ubrUd1Txb8N/DjtTlSjepviPg2fPbaHOsSodmHXo/TkY6pnW7V/A39wiPNtbASqHo3ErqbGNd0hRqWp3K1kzdXASTHa7wFc69QXEZFaNhz4etqdSMG30+5Ataq3BH0qPlMtPEYBq9l3gHEOcQ5ziFFJR+JTutTj4kY1GoXPe87HDjEqTXu3900lgdNxPvEukh4KXODUFxGRWnVC2h1IyQjq88JEbPWWoM/ARtHjGoNVtK1Hg7Fp2nE9BvzJIU4lTcG2johrB2BHhzjVxmtpSDUm6AuJVj27XhLXKNsEaVaCj5OxQp1RnQh836kvIiK1pgHb+7xenZJ2B6pRvSXo8/A5uR8LLOsQpxpdhs/FiUMdYqThbHyeQ9c7xKg2HrMuwGfbu0oLiPZ+Wy91QqK8p3S596J+fQO4PUb784FDnPoiIlJLDqC+l8auhW3xKSHUW4IO8I5DjEZggkOcarMW9kYT17XAKw5x0uKx7doE4HiHONVkZac41TiC3omNoocVZWS5GkVJ0MNu+SJ92wv4vxjtrwO+5NQXEZFa8YO0O5AB2nItpHpM0N90ilOPI+g3OsSYT/VP9bkb+KdDnAuor/2EV3GIMRd43yFOpXUBMyO0a/XuSEYNiNAmygUP6dvO2DZsUf0R2NanKyIiVW8bYI20O5EBuwLj0+5ENanHBP0DpzgeyUY12RPYyCHOidTGPuAHO8RowpYM1AuPWSfvUb3brE2P0CbtvU8rJUqCPs+9FwKwFfBSjPYPA+s69UVEpJr9MO0OZIjWoodQjwn6JKc4qznFqRZXO8R4C7jcIU4WvIzPOvKDgNUd4mRdI7CSQxyv128aPonQZpB7L7IpSgFBTXFPRiewBfEuZj8OLOfTHRGRqrQ8sEvanciQw6ifWYGx1WOC/g4+a1i91tNWgx9hWyXEVWtFhI7FZ5ptPRSMWwXb/SCu9xxipGVGhDYe+8ZXgygXPKMsGZDyTAc2BWZHbD8QeAIY4tUhEZEqo90tFtcCHJV2J6pFvVQILrUIeA0YHTPOmkAbtTFduy+jgDMc4vw/4CGHOFkyG/gecGnMOJsDewB3xu5Rdq3qFCfO1Nu0RUko62XtWpSLN0rQk/Ue9t70HNEu5o/BanWsBXQ79ktEJOvaiVZQ+G3gz1gym9WtRHPY4NSehP/sPhG4xLtDtageE3SAV4EtY8YYhk1NfjZ2b7LtKqc4hznFyZqfA98l/nTOq6jtBH0dpzj/c4qThukR2tTDTJ1G7EJgWF4FP6V3L2BFjh6L2H514FHif96KiFSTI4HmCO32x94zq8EDWGHQMJYFdgf+5N6bGlOPU9zB7yS/1ke3NsZGduO6GHjXIU5WeezpPgo41SFOVm3gFOdVpzhpeCtCG6+947NsJaJN5a/mrRqryePA52K03wIbERIRqRffjdDmTaonOQe4i2i1dU7z7kgtqtcE/QWnOJs7xcmqmx1izMSmgdeyv2JT+OM6i2gjidVgfYcYU6nuBP25CG3GABO9O5IxUXeH8KglIuX5C/C1GO0/h8/niYhI1n2JaBfXf+bdkQqIssRzU2Bt747UmnpN0L3WsW7qFCeLDsCnUv2x2B7QtS7KWqOeXOEUJ0tWxmdbwv8CCxzipCXq/u0bu/Yie6JcgPgYJeiVdivwrRjt92PxtYeNsXojIpJNUbZWmw/8yrsjFRD1nPV0117UoHpN0F8n2nTTJa0PDHaIkzVN+GyH9gJwo0OcavA2th49rr2ADR3iZIlXguk18yUtk7BZAGF5LQ/Iqu0jtHkaFR5Lwy+Jt6/vcRSnN86N3x0RkUxZD9gkQrvrqc4BiKnA7yK02xuf3aFqVr0m6BBtuumS2qjNUfQL8Nl/+SCHGNXku0TflqjUrx1iZMnWTnGecoqTlkXY1lNhxVn/m3VN2BrlsLT+PD3nABfGaH8mtjys2i+4iYgs6eSI7S5y7UVl/TRiuyjr9OtGPSfo/3aKs61TnKwYDxzvEOcubJSrnnRiI0RxrYVNB60V2znFecYpTpqiLK9ZExjr3ZGM2AkYEKHds879kHC+B1wXo/2D1HZRTBGpPyOBfSK0ewjb/rla/Rt4PkK7o8nuVnKpq+cE/UmnONs7xcmK653iHO4Up9pch0+NgyuojTWay+KzxdoUqnuLtYIoFVoD4CveHcmIvSO2e8izExLJYcAdEdu24TezRkQkC74TsV3UEegsOTtCm8HAId4dqRX1nKA/hY14xrU5tid6LfgMNqIV14+JtvVCrTjQIcZg4DyHOGn7jFOcp4CFTrHS9PeI7WpxuUhAtAT9PXxqiEh8X8F2sRARqWcN2IhwWJOwXTKq3e+wXZvCOsm7I7WinhP0T/CZMtsM7OAQJwuudYgxBTjDIU41ewq4xyHOidgIdDXbxSnOY05x0jaZaMtrNgZWde5L2vYhWq0Ljy0Nxc9OVH99CBGROA4iWtHoal57vqTLIrSZSO0tFXZRzwk6RB/NWtLuTnHSdAywokOcbzrEqAWHOcWpxm03ChrxS9AfdoqTBfdGbHemay/SF3UNci2MNtSarYCX0+6EiEhKoowELwKu8u5IiqLuZHSGZydqRb0n6H9zilPtVZZb8bmK9yzR1yTWmsn4TFHfFVtGUY22BkY5xJmBX82ILLgzYrt9gDGeHUnRjlgxxCj+7NkRcbEIe5+Kso2giEg125poM9xuxWfnn6z4iGifz58BlnfuS9Wr9wT9n0CXQ5zRwGYOcdJyDjZVP64jHGLUkh8BcxziXOMQIw1eF67+SXXuD9qbfwMfRGz7C8+OpCjKVDiA+9H+2Vk1HTtR1f70IlJPTozYLuqIc5b9LGI7bbm2hHpP0KcQbV/inuzlFKfSliV65clSf6S2Rjk9LMRn27W1ga87xKm0qBW6l1SLRaii1nvYi+qvfn0csHrEtld7dkTcvUj1Pz9FRMo1DvhShHb/Af7l3JcseBB4O0K7b+AzUFgz6j1BB3jAKY5XMlJpHoXhwF5csrRr8VmbeTnVte3aevjUNAC4zylOlsSZFfFHoMmpH5W2CnBJxLYz0BKaavAPaqMui4hIf6KO/NbC1mq9ifK7taFZuItRgg5/coqzPLClU6xK2Q6fIl5nUt/bqvXHY4usoVTXtmte24K9DTzvFCtL3iH6xcERVOdFixbi7V9ei9MBa9Wf8dluUkQkq1qAIyO0mwHc4tyXLLkOq0sS1ve8O1LNlKDD09i+uh4OdopTKV7bqv3IIU4tewKfC0EnAmMd4lTCfk5xvC6gZdEpMdruCFzv1ZEKeYx42wZGXdsm6bgJODbtToiIJOQbQHuEdpcDOee+ZMl8ouUXy2GFkQUl6AVRqyovaV+qZw3F0cDKDnE0JaU8hzrF8VqSkKRdscKJHv7gFCeLnibeVo8HAzf7dCVRQ7CLVBvHiHERNuog1eUXwOlpd0JEJAFRR3zrYTZY1J2hNOCXpwTd3O4UZxCwp1OsJLXjs63av/B77GrdZOAnDnF2A7ZxiJMkr4s2k4FHnGJlVZTpcaX2Ax4lu1uUbA78F9g0RoxO4DSf7kgKzkKzH0SktuxCtM/du7DtyGrdq9i5SVibE72IbE1Rgm4ewZIBD992ipOki7C1M3F5jQrXi9OxrYjius4hRlJGEq2iaU/uosJbNqUw5+x/wA0xY2yFVc/OWqHGs7CCYeNjxjkaba1W7U6k+pZkiIj05ocR29VycbglnR2xnUbRUYJekMNvKu1WwKpOsZKwGj4jnDdSm8W7kpQDvukQZxWyu7TgSCBwivVbpzhZdyQwJ2aMAdgWZI8Bn4/do3gOxq6en+oQ61m0tVqtOBS4O+1OiIjEtDrRZjK+BDzu3Jcsuw/4IEK7fYFhzn2pOkrQi25yjJXlSoQeo6/dVMdMgSz6PfCMQ5xLgFaHON68nhcfYftp1oMF+C2N2RIrrPcfbL/xuKPX5VoFOBlLzK/P/9uDtuuqLV+i9petiEhtOzliuwtce1Edoi5virp9Xc1Qgl70D+BNp1gHAwOdYnnaDZ+t4E4CZjnEqVcHO8RoI/p+0knZC7/icJ4XzKrBA/h+eK+LPT/eBP4Pu2i4NdEqzvZkEFZJ/hSs0N2rwDn4JeYA+wPvO8aTbNgOmxkhIlJthgIHRGg3l/o7rwG4imhLFY/BbzZmVWpKuwMZcz22p3dcTdiT63yHWJ48KoC/R31eBfT0HLYH5tdixjkSuBB4PXaPfMTZNmxJWV5nn5TvA+sDOzvGbMIS6R3z/56CvYafwZL3KcBUYHb+6zzswm03dpFxeMnXkcBEYB1gAnaikpSfAb9JML6ka0useOBKaXdERCSEbxMtcbySaHuDV7vZ2G4zB4ZsNwS7EPJr9x5VCSXoi7sOnwQd7GQ7Swn6efjsoZ21QlTV6kjiJ+hgBcayUNV9C2ADp1jPYEXPUpEj1cu2n8Wmp6+bUPwR+dt6CcX3cCtWVExq1zyssv8LwDIp90VEpFzHR2x3iWMfqs1PCZ+ggw361G2Crinui3sf+JtTrOHA4U6x4loe+IFDnL9jRR8kvplEX8dUamtsu4+0nesY65eOsapRYWuyenQnPheuJPumAJsRv0CiiEglfB07tw/rfuBd575UkxewbZnDWg07x61LStCXdqljrDMcY8XhMbUd4CCnOGLOI1qFyyV5/X2jWhdbV+phPjYdqp7NAzYm2h6i1ex6/IrlSXV4G5t9k8IOhyIioZwUsV09ba3Wm6hbrp3u2osqogR9aXcDk5xiLUu0YhKedqK4/jSOX+JXRE+KDnOIsSzp7hwQtUpnT67HEtR6twBbulAve0f/ENuGS+rP82RjmY6ISG82x+qvhPU6fjNzq9kfgU8itNsZWM63K9VBCXrPLnOMlXZBNY/R1QXACQ5xZGl/wWdfzPOwytqVtjF2EcjLRY6xIsvQcN6hwFFpdyJBH2BbqZ2TdkckVY8BX0y7EyIivfhhxHYXu/aiukWdoRz1sa9qStB7dgXRtgXoyTKkt2f4cfhceToOS9IlGR5LBxqAyx3ihOV5MetB4DXHeLXiSmAN4K9pd8TZr7Hf689pd0Qy4R6iFRISEUnSeOxCcljzSX8JYpZcEbHdofhtEVs1lKD3bAa+U0vPpvIV8wfhs+7lVWwfQ0nOa/g8xgcQbQpWVDtgRZ68nOUYq9a8hM1UOIjsbKsX1T+BXbHfZUbKfZFsuQm7ICwikhXfjdjuOixJFzMVuC1CuybgaOe+ZJ4S9N55JguDiF4gIapLgRaHOFoXWhnHAQsd4tzoEKNcv3KM9QI2gi59+zWwKnAsdvGsmvwT+CpWFOz+lPvioTlCm0b3XtSen5PdwkADI7SJ8jzxFOU51+HeCylXlMe+1rdMjvIcHux07BFE31pN09uXFnX76TOosy05laD37m2sqIGX7+OzD3k5VgMOcYhzH/VXSTotC4DvOMTZgMpUwj4KWNExXuZOyDO0Dn1J3cAvsET9a8C96XanT3OB32D7u28B/D7d7rhaCHRGuEn/ziIj9SiWMBPoItzf2+PCaxxRnqOa2ZKeGYT/ey1KpaeVE+U5PNXp2IVz6TDH7gL+hJbs9eTfwCOEfx9tx6eoctUIcrkMn4Y6C4IgbJN1gOccu3Av8HnHeL15AtjUIc4Y4COHOFK+V4CJMWNMA0biV0dhSe3YHsZtTvHeAZZ3iuUq9DtGelYCvoJVPN0Gv79NFNOB/8NGyf9ItMqt1aANG10J8yE6mdo/mfZ0PXBw/vtJ2PtEmhc5RmB/93L/5gGWKKS5M0ULMIpwfV6IPVel8kYCrYT7e31CheoE5YDBG+7P0K2OY9G0typxSLBZKKNC3D/A3ic8zl9XwN6zw7zPB/lj64Jszxqx/CLMY9oABJNu2qtu9pOv9WkxcT2PXenZ1ine54CtsIq1SfksPsn5ZSg5T8MxxJ/+Owz4AXBu/O706Gf4JoBnOsaqV29gO0ZcAIzG3gP2wC4yrkm0qbnlmoqtkX8GS8ifxEYaa9184P20O1HjDsEKne6Q/3faIwpTUj5+FAvR87Sa1OoFzTgW4bf9cVhvpXTcWtaF3pP6pRH0/m2GrZ308gawsmO8Jb2OjabFMR8bKZgbvzsSwePYdOA4OoHhwKz43VnMGsD/HONNxhLKzKqiUfTejMCWvUzA3hvWwEYjBgFDgAH57wtVUnPYr50D5mDPobnY1MtZ2N/sOWzmw3tY/YDZlflVpE69i1VSroGXo0j1SmkEXQSASTftlXYXKkYj6P17AngY2M4p3krAKSSz7+9xxE/OC3GUnKfnIGyqexxN2LZr3tsW3eIc72TneLK0KdhFn760sXSCDpZ4p72GVmRL4E7s8+2NlPsiIiKSKBWJK4/3PuZnY+taPLXjs63am8DVDnEkulfxqZB+AFY0zssJwHqO8SahPUKzYj42VX0qVsOg8L2Sc8mCd7FZRfWwdEJEROqcEvTyPI9vRXeAOxxjNWJFmTy2VTvIIYbE57UX8L/x2ZpiOfyrKh/jHE9EatcitD5XRGRpuRyQo7F9OE2Dx356a2gdBLlu0i/fIWFpinv5vg182THeBtj0Xo9CXiOw0a5biV65uxX4L/B3h/5IfHOxqtxfJ1511jFYVfi4Bf88LyiBrWG+0zmmiIiISJ3IQXc3jYPHEjQPYME7T9A5++NPf9oyciItY9ama/ZH5DoX0tC29Pbwue4uuudPh+5uiFarSxKgBL187wGXAMc7xjwH2yvx+ZhxJgO7x++OZMwd+CfGUfwI2Mg5Zl3tZykiIlILgoYmguYBBE1tkOsi17lQiV0qbFS8afgKLPzwBWb/93bmvnTvYmPljW2DGbj2nnSs/RWCxhYWTHp2qShBUyutY9YBAjpnfWCj8fp7pk4JejgnAYcDHY4x7yH+enTNXZGkbAKc4RzzDuBfzjEToY8oERGRolyuG7o7yXV30tDcTuOgsXTN+oBc5wIItHK2MqyWa/Oo1Zj74p/45L5TPv1JQLHSa9f8mcz81w3MfeleGloHsXDK60tFCoABK29Pxzp70zp+E+haqEQ9A7TNWngHAL/2CFTiJvyrbYvE1QR8AIx0jjuSKtlPWB9NIiIiRQ2tg2hoG0quexENA4bSsdYetK/6WRpaB9E5431ynfOVqCeq5+S8r/OVcjO99lV2pGPtPWkdvzF0Lcpcol5P26wpQY/mWXyrWQMcDNzoHFMkjj8Bn3eOeRJwvnPMRGTj40hERCQ7esoaWkatRsc6e9E+cUcaWgcrUU9MSXL+v3v45P4fAj7nK6V/1/ZVdvg0Uc8tmkfXrI+gocHpSNEpQa9Rjgn6GsD/vIKVWCuhuCJhnYRPAcNSb2L7GGeeknMREZHyFDKJTxP1VXakoW0InTPeU6LupjQ5v5tP7j8V8D9fWSxRn7gTgzc8kJax69I57R1yi+ZCQ6PzEcunBL1GOSboABcC3/UMiFXaXgHbk1gkLbsCf0kg7iZo7bmIiEhNKibqq9Kxzt5K1L3kctDQQMuoNZjzwp2JJeeLHTL/NWhsZvAmhzF4wwPIdXfSOXMSQUM6JcyUoNco5wQd4EN89pgu9QiwnXNMkXIth410e3+KXgN80zlmIpSci4iIRPdpoj5yVTrW3Yv2VXZSot6nHARNBA09PC45oKGBpqHLMfv525n617OAyp2rFP6WbRM2ZfhnTqZx0Bg6p70FKSTpStBrVAIJ+lbAo95BgV8B30ggrkhfmoHXsCTd08fYfuyZf7NRci4iIuKjmKhPtBH1iTsRtLTTOe3tfOGxOv/UzXVD0EjjoDG2Zd2ieUvfJ2igsX04s569hWmP/Mz+q8LdBPtbNg4cyeg9r6JpyHg6p75R8SRdCXqNSiBBB7gCOCqBuN8FLkogrkhvHiKZ2RvbAn9PIK67Oj9VEBERcVfINJpHrMKQTQ+jfdVdWDTljXyCWp+fvLnuThrbhtDQPoz5bz3O7P/eSdecyUvdLwgaIGhgwUcv2L8r3dESOaCxfTij97yapqHL0Tn19Yom6UrQa1RCCTrAe8CyCcT9GnBrAnFFlnQLsG8CcX8JfCuBuO7q8xRBRESkMgoZx4idTqdj3b1Z+PHLdZmk57o7aRw4iobmAUz920+Y81J5ZX+y8CjlgMYBwxj9lWtoGrYcnVMql6TXU4KuRSA+vpBQ3F','350px','100px','data:image/png;base64,iVBORw0KGgoAAAANSUhEUgAAAfQAAAF3CAYAAABT8rn8AAAACXBIWXMAAC4jAAAuIwF4pT92AAAMd2lUWHRYTUw6Y29tLmFkb2JlLnhtcAAAAAAAPD94cGFja2V0IGJlZ2luPSLvu78iIGlkPSJXNU0wTXBDZWhpSHpyZVN6TlRjemtjOWQiPz4gPHg6eG1wbWV0YSB4bWxuczp4PSJhZG9iZTpuczptZXRhLyIgeDp4bXB0az0iQWRvYmUgWE1QIENvcmUgNS42LWMxNDUgNzkuMTYzNDk5LCAyMDE4LzA4LzEzLTE2OjQwOjIyICAgICAgICAiPiA8cmRmOlJERiB4bWxuczpyZGY9Imh0dHA6Ly93d3cudzMub3JnLzE5OTkvMDIvMjItcmRmLXN5bnRheC1ucyMiPiA8cmRmOkRlc2NyaXB0aW9uIHJkZjphYm91dD0iIiB4bWxuczp4bXA9Imh0dHA6Ly9ucy5hZG9iZS5jb20veGFwLzEuMC8iIHhtbG5zOmRjPSJodHRwOi8vcHVybC5vcmcvZGMvZWxlbWVudHMvMS4xLyIgeG1sbnM6cGhvdG9zaG9wPSJodHRwOi8vbnMuYWRvYmUuY29tL3Bob3Rvc2hvcC8xLjAvIiB4bWxuczp4bXBNTT0iaHR0cDovL25zLmFkb2JlLmNvbS94YXAvMS4wL21tLyIgeG1sbnM6c3RFdnQ9Imh0dHA6Ly9ucy5hZG9iZS5jb20veGFwLzEuMC9zVHlwZS9SZXNvdXJjZUV2ZW50IyIgeG1sbnM6c3RSZWY9Imh0dHA6Ly9ucy5hZG9iZS5jb20veGFwLzEuMC9zVHlwZS9SZXNvdXJjZVJlZiMiIHhtbG5zOnRpZmY9Imh0dHA6Ly9ucy5hZG9iZS5jb20vdGlmZi8xLjAvIiB4bWxuczpleGlmPSJodHRwOi8vbnMuYWRvYmUuY29tL2V4aWYvMS4wLyIgeG1wOkNyZWF0b3JUb29sPSJBZG9iZSBQaG90b3Nob3AgQ0MgMjAxOCAoV2luZG93cykiIHhtcDpDcmVhdGVEYXRlPSIyMDE4LTA4LTI2VDEzOjQyOjQ0KzA1OjMwIiB4bXA6TW9kaWZ5RGF0ZT0iMjAxOS0wOS0zMFQxNzoyNDoxOCswNTozMCIgeG1wOk1ldGFkYXRhRGF0ZT0iMjAxOS0wOS0zMFQxNzoyNDoxOCswNTozMCIgZGM6Zm9ybWF0PSJpbWFnZS9wbmciIHBob3Rvc2hvcDpDb2xvck1vZGU9IjMiIHBob3Rvc2hvcDpJQ0NQcm9maWxlPSJzUkdCIElFQzYxOTY2LTIuMSIgeG1wTU06SW5zdGFuY2VJRD0ieG1wLmlpZDo1ZjU3N2M2Zi1iZGM0LWY0NGYtOTJhOC1lN2Q1ZjI0YTM5ZmQiIHhtcE1NOkRvY3VtZW50SUQ9ImFkb2JlOmRvY2lkOnBob3Rvc2hvcDo2MzJhNmQwZS0wNjQ1LTI4NDEtYWEzMy1kY2IwMWYxM2RkZTAiIHhtcE1NOk9yaWdpbmFsRG9jdW1lbnRJRD0ieG1wLmRpZDoxNTM2ODZGOTI0QTlFODExQTBDRUFEQzg3REFBM0E3RCIgdGlmZjpPcmllbnRhdGlvbj0iMSIgdGlmZjpYUmVzb2x1dGlvbj0iMzAwMDAwMC8xMDAwMCIgdGlmZjpZUmVzb2x1dGlvbj0iMzAwMDAwMC8xMDAwMCIgdGlmZjpSZXNvbHV0aW9uVW5pdD0iMiIgZXhpZjpDb2xvclNwYWNlPSIxIiBleGlmOlBpeGVsWERpbWVuc2lvbj0iNjAwMCIgZXhpZjpQaXhlbFlEaW1lbnNpb249IjQ1MDAiPiA8cGhvdG9zaG9wOkRvY3VtZW50QW5jZXN0b3JzPiA8cmRmOkJhZz4gPHJkZjpsaT5FRkZGQUM5MzE0M0YwNDdEQUI4RDQ5NjIyMkRCNzJCMzwvcmRmOmxpPiA8cmRmOmxpPnhtcC5kaWQ6RUM0NzY0RDcwQUE5RTgxMUEwQ0VBREM4N0RBQTNBN0Q8L3JkZjpsaT4gPC9yZGY6QmFnPiA8L3Bob3Rvc2hvcDpEb2N1bWVudEFuY2VzdG9ycz4gPHhtcE1NOkhpc3Rvcnk+IDxyZGY6U2VxPiA8cmRmOmxpIHN0RXZ0OmFjdGlvbj0iY3JlYXRlZCIgc3RFdnQ6aW5zdGFuY2VJRD0ieG1wLmlpZDoxNTM2ODZGOTI0QTlFODExQTBDRUFEQzg3REFBM0E3RCIgc3RFdnQ6d2hlbj0iMjAxOC0wOC0yNlQxMzo0Mjo0NCswNTozMCIgc3RFdnQ6c29mdHdhcmVBZ2VudD0iQWRvYmUgUGhvdG9zaG9wIENTNiAoV2luZG93cykiLz4gPHJkZjpsaSBzdEV2dDphY3Rpb249ImNvbnZlcnRlZCIgc3RFdnQ6cGFyYW1ldGVycz0iZnJvbSBpbWFnZS9wbmcgdG8gYXBwbGljYXRpb24vdm5kLmFkb2JlLnBob3Rvc2hvcCIvPiA8cmRmOmxpIHN0RXZ0OmFjdGlvbj0ic2F2ZWQiIHN0RXZ0Omluc3RhbmNlSUQ9InhtcC5paWQ6NkM4MDI1QjUyNUE5RTgxMUEwQ0VBREM4N0RBQTNBN0QiIHN0RXZ0OndoZW49IjIwMTgtMDgtMjZUMTc6MTY6NDUrMDU6MzAiIHN0RXZ0OnNvZnR3YXJlQWdlbnQ9IkFkb2JlIFBob3Rvc2hvcCBDUzYgKFdpbmRvd3MpIiBzdEV2dDpjaGFuZ2VkPSIvIi8+IDxyZGY6bGkgc3RFdnQ6YWN0aW9uPSJzYXZlZCIgc3RFdnQ6aW5zdGFuY2VJRD0ieG1wLmlpZDoyY2FlOTRkMS1lY2ZmLTg3NGYtOWMzZC05MGFmNjUxYjUzZDQiIHN0RXZ0OndoZW49IjIwMTgtMTItMjBUMTk6NDg6MzgrMDU6MzAiIHN0RXZ0OnNvZnR3YXJlQWdlbnQ9IkFkb2JlIFBob3Rvc2hvcCBDQyAyMDE4IChXaW5kb3dzKSIgc3RFdnQ6Y2hhbmdlZD0iLyIvPiA8cmRmOmxpIHN0RXZ0OmFjdGlvbj0iY29udmVydGVkIiBzdEV2dDpwYXJhbWV0ZXJzPSJmcm9tIGFwcGxpY2F0aW9uL3ZuZC5hZG9iZS5waG90b3Nob3AgdG8gaW1hZ2UvcG5nIi8+IDxyZGY6bGkgc3RFdnQ6YWN0aW9uPSJkZXJpdmVkIiBzdEV2dDpwYXJhbWV0ZXJzPSJjb252ZXJ0ZWQgZnJvbSBhcHBsaWNhdGlvbi92bmQuYWRvYmUucGhvdG9zaG9wIHRvIGltYWdlL3BuZyIvPiA8cmRmOmxpIHN0RXZ0OmFjdGlvbj0ic2F2ZWQiIHN0RXZ0Omluc3RhbmNlSUQ9InhtcC5paWQ6MGFmN2ExMDYtOWYxYi1iODQ0LTg1MjEtYjgzNDFhMjhhNTliIiBzdEV2dDp3aGVuPSIyMDE4LTEyLTIwVDE5OjQ4OjM4KzA1OjMwIiBzdEV2dDpzb2Z0d2FyZUFnZW50PSJBZG9iZSBQaG90b3Nob3AgQ0MgMjAxOCAoV2luZG93cykiIHN0RXZ0OmNoYW5nZWQ9Ii8iLz4gPHJkZjpsaSBzdEV2dDphY3Rpb249InNhdmVkIiBzdEV2dDppbnN0YW5jZUlEPSJ4bXAuaWlkOjVmNTc3YzZmLWJkYzQtZjQ0Zi05MmE4LWU3ZDVmMjRhMzlmZCIgc3RFdnQ6d2hlbj0iMjAxOS0wOS0zMFQxNzoyNDoxOCswNTozMCIgc3RFdnQ6c29mdHdhcmVBZ2VudD0iQWRvYmUgUGhvdG9zaG9wIENDIDIwMTkgKFdpbmRvd3MpIiBzdEV2dDpjaGFuZ2VkPSIvIi8+IDwvcmRmOlNlcT4gPC94bXBNTTpIaXN0b3J5PiA8eG1wTU06RGVyaXZlZEZyb20gc3RSZWY6aW5zdGFuY2VJRD0ieG1wLmlpZDoyY2FlOTRkMS1lY2ZmLTg3NGYtOWMzZC05MGFmNjUxYjUzZDQiIHN0UmVmOmRvY3VtZW50SUQ9InhtcC5kaWQ6MTUzNjg2RjkyNEE5RTgxMUEwQ0VBREM4N0RBQTNBN0QiIHN0UmVmOm9yaWdpbmFsRG9jdW1lbnRJRD0ieG1wLmRpZDoxNTM2ODZGOTI0QTlFODExQTBDRUFEQzg3REFBM0E3RCIvPiA8L3JkZjpEZXNjcmlwdGlvbj4gPC9yZGY6UkRGPiA8L3g6eG1wbWV0YT4gPD94cGFja2V0IGVuZD0iciI/PqkhRtMAADnoSURBVHic7d13mFXl9fbxLyMWQMEudjSKHRv2buy998Q3liSaGDVqrCCKWKKJRhNjiT8TTexpGnuLvWAv2GNBsSsoYkHl/WPN6LA9M3PK3nutvff9ua65pMycfYfArPO09fSaMmUKzuYB7gfmBz5wztKVr4A5gHHAEOB93zgiIqU3LfAYsCTwLjCNa5qu9QcmAqsDz3gG6RWgoJ8JHOAdok4/Ac7zDiEiUhHbA1d5h6jTJcDungG8C/pg4Fmgl2eIOp0D7OcdQkSkYkYCx3iHqNPKwGivh3sX9POAfT0D1GkcNu0zwTuISAv6ApPbP0SK5Elgae8Qdfg7sIPXw9u8HgysSDGKOcDPUTGXYhuE/R0+yDeGSFN+5h2gTtsDG3o93LOgH+n47EacC/zTO4RIiw4DemMFvb9vFJGG3Qmc6B2iTm61zWvKfVPgOo8HN+gVYClgknMOkVashX1D7HA68EunLCKteARY3jtEHX4A/DXvh3oV9LuANT0e3KCtgau9Q4i06HZg3cSvrYh9cxQpkjWAu71D1GEMNhjMlceU+7YUo5hfiIq5FN/ufLeYAxybcw6RNNwDnOYdog5LAvvk/VCPEfrjWHOWyF7FdlRO9A4i0oIZgaeBBbr4/e3Q/hAppseAZb1D9OA1bJSeWx3Je4T+M+IXc7CNQyrmUnTH0HUxBzg6ryAiKStCM7IFgEPyfGDeI/RngMXzfGATrgR28g4h0qJFsdH5tD183r7An7KPI5K6s4nf7OstYDHgozwelucIfT/iF/NPgSO8Q4ik4BR6LuZgXbhmyTiLSBaOAd72DtGDgcAv8npYXgV9BuDwnJ7VisOB/3mHEGnRNtjm03oMRBvkpJg+oBjHLw8F5srjQXkV9L2BBXN6VrPuB87yDiGSgkYL9IHE32AkUsslxO9pMoCclgbyKOi9KEbbvuHeAURSsDewXBNfd1zKOUTyUoTv3T/BCnum8ijoPwaWyOE5rfgLcLN3CJEW9QZ+1eTXbg1skWIWkbw8DPzWO0QPBmJ3gmQqj13uj9LciCEvk7Czgq845xBp1THYJrdmPUYx2mqKJM2MdWeb2zlHd17FNoZ/ltUDsh6h70jsYg421fiKdwiRFi1G65vblkOnPKSYxhP/zvQFgf+X5QOyHqHfB6ya5QNa9CL2jfBr7yAiLboCewPdqk+wUcTrKbyWSN5GA0O9Q3TjOawtbCY1J8sR+jbELuZgPYFVzKXoNiWdYg7QDzg+pdcSydsp3gF6sBjwo6xePMsR+k04XvReh/uA1b1DiKQgiyslvw/clvJriuThP8Dm3iG68TAZzSJkNUJfk9jFHGCUdwCRFOxHNhvZoq9HinQl+vf2FYGtsnjhrAr6nhm9blpuAq71DiHSolnJrsvbemQ4NSiSofuAS71D9CCTGpnFlPtAbOG/f9ovnKK1gbu8Q4i06EyyvXXqdayHhG4elKJZCnjKO0Q3pmD/tp5L80WzGKHvRuxifjkq5lJ8Q8j+Csn5sD7UIkXzNHYbW1S9yGCUnsUI/Ulg6bRfNEWrAA96hxBp0dXAljk850vs33OqIwmRHCyKXdk9jXeQLryBHRFNbQYs7RH6dsQu5heiYi7Ftx35FHOwdrLDcnqWSJpeAE73DtGNeYFd03zBtEfoNwAbp/mCKfoCW7PQ9ahSZNNia4ODc36u9p1IEc0GPAvM7h2kC6OBldN6sTRH6CsRt5gDnIeKuRTfcPIv5gAnOTxTpFXvA7/3DtGNVOtmmgX9hym+Vtq+Ivb/qSL1GAQc4vTsNYDdnZ4t0opzgA+9Q3Qjtc1xaRX0WYFdUnqtLJyLNvVI8Q0H+jg+/1hsyl+kSN4m9oBuB2DhNF4orYK+A3HXKAD+4B1ApEUb4d/oZVHU512K6RzgY+8QXZgW2DmNF0qroEcenV+O3ZMrUmRRrjXdD5jLO4RIg8YBf/YO0Y0wBX05rE1kVGd6BxBp0TbE+Tc2gJSmB0Vydha2nyqiZYH1W32RNAp65NH51cC93iFEWtCLeJdNpDKaEMnZC1gvkqh2a/UFWi3o05LePcxZiNz6T6QevwCW9A6RoOZMUlTneQfoxra0uBet1YK+JXGn3+4EbvQOIdKCeYER3iESLgMu8Q4h0qTRwL+8Q3RhVqwLZNNaLeiptq1L2TneAURadCIws3eITiYBR3qHEGnRH70DdKOlmtpK69eFsLPdEc+lPo+1ef3aO4hIk9YDbvMOkXAkcLJ3CJEU3I9d1BXRUODhZr6wlRH6dsQs5mDHE1TMpchO9A6Q8ALwG+8QIimJvDluh2a/sJWCvnULX5u1q7wDiLTgR8Cq3iESjgcme4cQScm/iNtopumbFJst6EOAtZp9aMb+gY0mRIpoeuAY7xAJo4G/eocQSdHb2AbPiJaiyb4TzRb0yKPz//MOINKCYcQ7ORLtHLxIGiJPu2/TzBc1uynuQezat2jGYO9uRIpoMPZ3eBrvIJ1cRuzTLCKtuAtY0ztEDS9iG7u/bOSLmhmhr0DMYg6aFpRiG0GsYg4w0juASIYu9g7QhUWAdRv9omYKetML9hn7hLj/54j0ZCvijYR/jS42knK7FLu4JaJtGv2CZgp61PXzvwOve4cQaVK0Y2rPE29znkjaPibu5rjNsU2ydWu0oC/f/hHRld4BRJp0MPH2fpyEjqlJNfzdO0AXBtHgabJGC/pmDX5+Xp4FrvUOIdKEgdjO9kj+S+y7o0XSdC9xb+VsqOY2WtC3aPDz83I50HQPWxFHxwKzeIdI+JV3AJGcRZ1237SRT26koC9OvO5VHaJOmYh0ZzXgp94hEs7FGsmIVMk/gU+9Q9TQUN1tpKCv1niWXNwLPOkdQqQJh3sHSPgIHVOTanoduNk7RBdWr/cTGynokVu9ihTNBsQ7MXIS8IZ3CBEnV3gH6MLa9X5ivZ3i+mDnUQc1GSgrn2NTEq845xBpVLTrG58Blka3FEp1zYRdCT63d5CE8VjXuLd6+sR6R+irEK+YA9yIirkUz/7EKuYAw1Exl2r7GLjOO0QNMwNr1POJ9Rb0DZqOkq1/eQcQadDswHHeIRL+ga4cFgG42jtAF+qqwfUW9HVaCJKVj4AbvEOINOg4rKhH8TXxzsGLeLmVmB1H61pHr6egLwys3FqWTNwIvOkdQqQBq2DT7ZGchPq1i3T4hJgDxSWBoT19Uj0FfVVgupbjpC/iWodId6JNtY8DTvEOIRJM1NrS4/G1egp6XYvxOfsMa08pUhS7ABt7h0g4FdsIJCLfugN41ztEDT3W4noKesTL3+9Eu9ulOKYFjvcOkfAMcKbDc/th/etFovoAW0uPZlXs30+XeiroQ9o/orneO4BIAw4HFvUOkeB1TG1X4BGst4VIVBGn3Regh/1sPRX0iJvhAG7zDiBSp3mAQ71DJNyE3zG1PbDGHXs6PV+kHv8lZm/3bvtX9FTQozW/AHgYeMI7hEidjgMGeIdIONrpubvy7RHY4VhnLpGIxgJ3e4eooaURet1N4XN0o3cAkTqtD+zjHSLhdOAhh+fOCJzc6edzo2taJbaIx9dWBfp39ZvdFfRlsbNv0Wi6XYoi2pGwN/A7OjcMWwPs7BhgGYcsIvW43TtADXMDK3b1m90V9B4PsTsYBzzgHUKkDvsT79/QccAEh+cuChzcxe9FO5sv0uFR4GnvEDV0uRTeXUGPON1+DzDRO4RID/rjt07dlQeA852efTR2dK+WbYl3Pl+kw13eAWpoqqB3Oax3dIt3AJE6DMN2t0cy3Om5a9HzjvYT8ggi0oSINWcFoG+t3+iqoC+M3TMezcPeAUR6MBg4xDtEwl+xo2oe6rn4ZSjw86yDiDThMeBz7xAJC2D3o39HVwV9SWD6zOI05wXgce8QIj04FOjlHaKTyfitU+8KbFjn5x5FvON9Ii8R85h0zc2kXRX0lTIM0qxHgS+9Q4h0Y11gX+8QCaOAFx2eOx0wsoHPnxs4MaMsIq14xDtADTVrdFcFfekMgzTrQe8AIj1opIDl4SXselQPhwLfa/Br9ifmYEKqLeLJqppHymsV9OmI2b894rskkQ67Eu8io1HAFw7PnQc4rMmvjXY6QORR7wA1LAXMnvzFWgV9EWxTXCRvoYIucfUHfu0dIuFm4EKnZ48EZm7ya7cGdksvikjLHgee9Q6RMAc1Nq7XKuhDuvh1T4/j0xBDpB7DgPm8QyQc7vTclYG9WnyN47GZQpEIphBzlL5s8hdqFe4VcgjSqNHeAUS6sAzxblM7A79vQGn0Z/8ecEQKryOSlojr6N/pFdPVlHs0Ed8diUC8ndnv45dpI2D7lF5rGPHukJfqesw7QA3f2XSaLOjTEm+H+6eooYzEtBmwhXeIhDOAd52efWSKr9Wb+prSiOThMWwvVyRLALN1/oVkQZ8PGJRXmjo9C7zqHUKkhmgXi7yGXY/qYU/sHH6afgCsl/JrijRjAvEuapkDWLDzLyQL+uJ0fYmCF023S0QHE+82teOBTxyeOx3ZjaZHZfS6Io2KeNJqqc4/SRb0QfnlqJvavUo0sxJv09YdwAVOzz6IxpvI1Gs1er7cRSQPEVvATnXEPFnQazZ8dxbt/J/ICGBO7xAJXrepLZDDs48kVn98qaaItajbEXq0gj4BeMo7hEgn6wAHeIdIOBu40+nZo4B+GT9jMbRBTvxF3M81uPNPOhf0mbB/OJG8DIzzDiHSybHeARI+wG9z3jrAHjk96wgSG4BEcjYRux8hkoWB+Tt+0rmgz9f5N4IY4x1ApJM9iLfr+hTgHadnH5/js/oQ71SBVE+0ne4zYctewNQFfYHvfq47TbdLFH2BE7xDJDyKXw/5HwBr5/zMPYHv5/xMkc4i1qRvZq46F/Sa17E5e947gEi7w4g35eu1Ea43freiRVvykGqJWJO+qd2dC/pAhyA9ibZeIdU0J3buPJL/tH94OAS//TZroWNs4udlfHo9dOeb2h15yv1N4BXvECLYaHSAd4iENNusNmIO0rmApRUjgBmcM0g1jcU6MkZScw19IYcg3XkdGO8dQipvOeAX3iESfovfWt4wrLGOp0H4TflLtX1NvKNrC9J+3XBHQZ8emN0tTm3R/tCkmk7xDpDwNn7tUFcjzhn8o0k01RDJSbQR+qy0zyB2FPS52z8iec47gFTeTtiVoJEcg50995DnMbWe9CJWHqmOaB3jZseOnX9T0OfBjuVEooYy4mk64l0McifwJ8fnR9vhux2wrXcIqZyItWlemHqEHo1G6OJpGLCId4iEo5yf/0vinTw5ge+2sBbJ0gveAWqYB779hxBtQ9wX2G5CEQ+DgEO9QyT8CbjHOcPn+J1978qSwIHeIaRSXgfe8w6RsBB8W9DncgxSywTgQ+8QUlkjiHcs6jfeAdpdAtzuHSLhGOLdfiflNYF4J7AGwrcFPdo/hleAd71DSCVtTLzGJacRayOO1xn4rsxKvLa8Ul6fA//zDpEwB0y9KS6S170DSGVFay06jnjF6gHgj94hEvYFVvcOIZUR7eja3GAFvTfxCvr73gGkkvbGzlpHcio2xRfNScRrgRntzZiUV7QaNRCYpQ27ljBaW0ttiJO89SPehq/HgDOcM3RlLPGa7mwEbO8dQiohWo3qD/RrA2Zs/4gk2h+WlN8RxLvP4AjvAD04ARjjHSIh+p+ZlEO0Kfd+wExt2GJ6tBG6Vycsqaah2E7pSP4C3OgdogdT8L+oJWko6vMu2RvvHSChFzBXG/F2uIMKuuQrWgvRicSb/u/KtcDl3iESTgBW8A4hpfYBdlFLJHP2BmbyTpEwGXjHO4RUxvbApt4hEk4m3pRedw4ALsKO80xxzvIVMD/wmXMOKbf3sF4ps3kH6aR/b+L1cJ9AvB2EUk7TACO9QyS8iO1sL5J3geu8Q4jk6APiFfS+bcQKBPbO+lPvEFIJBwJLeIdIOBZrfSwicU0m3izQbG3Ea/v6AfHOt0r59AUO8g6RcBvWWlVE4os2kzx7G3aXaiRq+Sp5GIattUYSraWqiHTtbe8ACbO0EW9TnC5lkawtQ7zzymcAD3qHEJG6RatV/Tsay0TykXcAKb1h3gESJgC/9g4hIg2JVqv6tBFvl7s2xEmWtgB29A6RcDzwpncIEWlItFo1Qxvx7n2O9ock5dELu1QkkgeB33qHEJGGTfIOkDB9x+UskUS8WUrK4VBgae8QCbohTKSYok25Tx9xhD7RO4CU0kDgKO8QCZcDN3iHEJGmRDtePV0bML13igQVdMnC8cDM3iEStBFOpLg+9g6QMH3ETXHR3vVI8a0K7OsdIuFc4BHvECLStGhr6DO0AdN5p0iI1k5Pii9av/YJxMskIo2JVqumbcN2/kYy2TuAlMouwAbeIRJOAd7wDiEiLfnSO0BCr4gF/SvvAFIa0wAjvEMkPINdjyoixaaCXodof0hSXMOBxbxDJByJ/53hItK6aIPPXm3eCWrQNztJw+LEa/F6JfBv7xAikopwtSpiQf/aO4CUwnHEmn2aQrzpfxFpXrQROhGn3MO965HC2QLYyTtEwinAGO8QIpKqUPWqjWCBiPcGQ4pnhHeAhFexxjYiUh7RamfIKfeImaQ4dgNW9A6RMApdOiRSNuFmuCOO0KfxDiCF1Zt4l53cD5zvHUJEUhdu8BkuEDEzSTEcBgz2DpFwhHcAEclEqNE5xByhq6BLMwYBR3uHSLgYuMM7hIhkord3gIQpEYtnxEwS30ign3eITj7Hjs6JSDlFWx6e0ka8c9/RrnOV+DYC9vAOkXA08JJ3CBHJTLRaNaU38Xbf9vEOIIVzoneAhKeA33iHKJAlgZWwC2sizNDNCDwEvOYdREKLVqs+7028K+AiTZtKfD8j3jG14d4BCmY64EJibTK6A1jXO4SE1tc7QMJnbcQr6DN6B5DCmBE43DtEwh3AP71DFMxjxOu7vw6wq3cICS1arfq8jXhT7v29A0hhjATm9w6RMMo7QEGNAp70DpFwAjCDdwgJK1qt+jziCH0m7wBSCCsCB3mHSLgQuNk7RIEd5h0gYWHizRxIHNFq1RcRC3q0nYMS0zHeARI+x0Z00rwbibdccQjwPe8QElK0WvV5GzDJO0VCtJ2DEs827R+RnA78zztECUR7UzQ98S77kRii1arP2oCJ3ikSZvYOIOFFa9jyCrpNLS2PEO/I3x7EO0kh/mbxDpAwqQ0Y750iYTbvABLaIcAQ7xAJxxBvc2mRjQTGeYdI0Bs2SYpWqya0Ae96p0iYk3g9ciWGhYg3JXsd8DfvECUzgXh7JDYDfugdQkKZyztAwnttwFveKRIGoOYyUtuxxDtGdKR3gJK6ELjFO0TCscTbCCU+ehFvefidiFPufVBBl+9aH9jTO0TCmcAT3iFKbIR3gAQdY5MO/YhXpyZEPLY2AJjDO4SEE62d6nvEm/4vm3uAC7xDJBwODPYOIe5mJd4I/dOII3SA2b0DSCibYa04IxlFvP0nZXQCsTYc9gaO8g4h7mYjXmOZD9uAt4EvvZMkRDsOIL5GegdIeAI4wztERbwCnOodImFPYD3vEOIqYo16uw14n3ijdE25S4dDgRW8QyREuxCm7E7FrlaNRD37q21W7wAJk2nf5f4psaa0IN6FG+JjDuAI7xAJlwE3eIeomInEOwe+GrCPdwhxE61GfUp7Y5lPsFF6JPN4B5AQRhCvecOJ3gEq6jysi1wkxxJvHVXyMa93gIQPgY/b2n/ymmeSGqId2Jf8rQ3s7x0iYQTxrviskgO9AyTMh6beq2qgd4CEsXQq6NGaywxC3eKqLtoU64vASd4hKu5u4h1jOwAY6h1Ccrewd4CEtwE6Cvp7jkFqmRuN0qtsT+IdUzsF+MI7hHAidlVtJNEuC5JszUi8Kff34NuCPtYxSC0zEW8XoeSjD/G+QT4M/Mk7hAB2RW20Y4ybATt4h5DczEK8pjJj4duC/opfjpragMW9Q4iLY4AFvUMkHOsdQKbya+AF7xAJx/Ht91Mpt0WB/t4hEl6Bb/8Cvu2Xo0sLeAeQ3C1GvDPe/wSu9Q4hU5lMvD7vS2JX+0r5RTuyBvAmfFvQ38K2vUcyt3cAyd1wYBrvEJ1MQZdxRHUJ8foBDENHbqsg2v/HX5Eo6O8Qb6f7Et4BJFcbALt5h0g4HXjaO4R0KdpJiJmAg71DSOaW9A6Q8A6Jgv5V+y9GEnFaQ7IT7TzvOOIVDJnafcDZ3iESDgGW8g4hmYpWm94DJsDUmzhe9MnSpfnRtHtV/AJY2TtEwtG0/yOR0IYTazDSC3UTLLO+xNu0+xK2PDhVQY92+cHMwELeISRzs2E72yO5G/izdwipy/vEa/izFbCldwjJxALEG6F/U7s7F/Ro7V9B6+hVcBzxbteLttNeuncGMNo7RMIJ3gEkE4sTa+MudKrdnQv6Mw5BejLYO4BkaiXgZ94hEs4F7vUOIQ07yjtAwhDgSO8QkrpFvQPUMKbjB50L+pvEa6m4tHcAyVS0c7ufoPXPoroFuNw7RMKRxGsRKq0Z4h2ghnEdP+hc0F8lXvelRYg3vSHp2ADY2TtEwihiLj1JfUYAX3qH6GQm4jXAkdZEG6GPw9ohA1MX9K+Jt9N9YTTtXlbR+nE/h7UUleJ6FusdEMk+wOreISQVA4lX0F8Bxnf8JNl7eAyx9MbagUq57A2s6h0i4TisH4MU2+nAR94hEtRtsBwGE+/SsGc7/yRZ0F/KMUi9dElLucxIvMtObgAu9Q4hqXiTePsgNiHe8pI0LuLgcqpl8mRBfy7HIPVa0TuApGok8c5xRtshLa05BXjMO0TCSdjVwFJcQ70D1DDV6bRkQX+BeN2xVgSm9Q4hqVgVOMg7RMLJwKPeISR1h3kHSFgIW9aR4opW0KeQKOi9pkyZkvykB7HzwZGsgL7plsFNwIbeITp5Hbto4WPvIJKJS4FdvEMkDAGe9A4hDVsQ22PW1ztIJy9i9wZ80fELyRE6xJx2X847gLRsO2IVc7ANVCrm5TWS9h7XgURrcyz1GUKsYg42o/5F51+oVdAjXhcZbcZAGjfCO0DCi8BZ3iEkU2OA07xDJOxEvDe20rNol0dBjVpdq6A/kkOQRkX8w5T6HQUs4x0i4ShgsncIydzxwFjvEAmneAeQhq3iHaCGh5O/UKugjwEmZp+lIYsTb2e01Gde4AjvEAnXAVd6h5BcTCTeMcnlgf28Q0jd+hPzjvu6RuivE+88ej+0jl5UI7AWmJFot3G1XEi8C3eOxnoySHzLAPN4h0h4FXg5+Yu1CjrEO8MJmnYvonWw1peRnI2d5JBqibYZbV7gV94hpC4Ra8+T1JhJ76qgP5FtlqZE/EOV7g33DpDwIfF6yEs+bgcu8g6RcAh2HEpii7h+XvPoY1cF/aEMgzRrCDCLdwip2z7A+t4hEo4D3vIOIW6GA5O8Q3TSF+sgJ3FNQ8zl3tG1frGrgj4GeC+7LE0ZSLxOPVLbAOKtU98P/M47hLh6lXjHJ3cFNvMOIV1ajng93CfT4Aj9PeDxzOI0bw3vAFKXo4i3iUT92gXgVOJ9b4u2C1++FfHq26fo4qrzrgo61DjjFsB63gGkR4sTb7PPJdgaqgjEK6ArAwd6h5CaItacLtugd1fQa87RO1sJnUeP7hDvAAlfASd4h5BQ/g1c4x0i4Si0Ryia/sBq3iFqeKCr3+hphP5FN7/voQ+ado9sJeIdUzuVxI1EIlgHuUjmBI70DiFTWRnbuxVNl5vWuyvoLxPzhjP1QY7r194BEsYCJ3qHkJAeIt4xtsOw66Ilhoi15nm62QPSXUGHbob2jtZB96NHtAewrneIhGHoNjXp2gjgM+8QCcO8A8g3Iq6fj8aWEWvqqaDfl26WVHyPmAf9q2warJVlJHcCf/EOIaG9TLxZpa3RMbYIliTmLZ/3d/ebPRX0e4jViKHD1t4BZCqjsN3tkWg9UuoxCnjOO0TCaUBv7xAVt6V3gC7c0d1v9lTQxxLvUgOATbwDyDeWBg73DpHwO2L+vZV4viDeMcsl0BtSb5t7B6jhEbpoKNOhp4IOMafdlybmdEgVRTvT+wm2s12kXlcD13qHSDgKWMg7REUtSsGOq3Wop6DflUKQLETcgVg1WwI7eIdIOBN4wzuEFM4I7wAJMxCvfXJVbEjMJY9up9uhvoI+mpgXWmzlHUDCfRN8GX0TlOY8BJzuHSLhB8Q7OVIFEWvLp6Q0Qh9PzPXIVdCZTU8HACt4h0gYBXzuHUIK6xTsit1IojXAKbuFiXdLJMCDwCs9fVI9BR3iTrtv5B2gomYl3nnZu4ELvENIob1NvDbBawG7eYeokPWJ2eekrhpcb0GPerFF1KMFZXc0MId3iIRo5+ClmH5LN601nUTbhV9mW3gH6MJt9XxSvQX9cWzLfDSrod3ueVsJ+KV3iISLsEYyImmItg9jWawtrGRrIWBT7xA1vEydp83qLehQxw47Jzt7B6iYaFOSHwPHeIeQUvkPduVuJMOB+bxDlNwOwHTeIWq4kzpbFDdS0P/bVJTsbUvMNY8y2pl4+xZOwBogiaRpOLFum5yReKdKymZH7wBdqHvJu5GCfi/wQeNZMrcwOpOeh+mAkd4hEp4DfuMdQkrpJeI1KNobWNM7REmtQszl26+wDb91aaSgv0edC/MOdvUOUAGHYh2UIjmUbm4eEmnRCOAF7xAJo7wDlNQu3gG6cCf25rIujRR0sLWliLYC5vYOUWKzAwd7h0j4N3H/Pko5fEm8DXJrA3t6hyiZvsD23iG60ND3uEYL+q3EvH2tP7CNd4gSG4YV9UiifaOVcvob8WYmjwf6eYcokS2A+b1DdOHmRj650YL+OnHPpO/kHaCkVgB+4R0i4VTgUe8QUhnRLiBaAJ3sSFPU2nE/PdyultRoQQe4pomvycO6xNzUUHTRRsLvACd7h5BKuRv4h3eIhEOBwd4hSmARYGvvEF1oeEmxmYJ+M7GOc3S2h3eAktmKeJ2TTibmaQspt2gnPHqjUXoadiXmzWoANzb6Bb2mTJnSzIOuBzZp5gsz9g6wGHahjLTuMaxLVRQPoVkY8XMacIh3iIQNsL1N0rg24BliznQ8iB2la0gzI3SAy5v8uqzNiV05KK0bTqxiDjbNKOJlGHXceJWzaGfli2QXYhZzgCua+aJmC/r1xB0F/8g7QAkMJt5taucRt/2wVMOnwJHeIRKWR290m7W3d4AufE2TR3KbLehv0+B2+hwtD6zjHaLgjibeutJvvQOIAJcR7xjbUcBc3iEKZlli3nsO1mb9uWa+sNmCDk1OCeTkh94BCmxt4v35/YEm/4KLZCDayY9Z0PXBjdrdO0A3rmz2C5vdFAcwA/AssGCzL5ChT4ElgFe9gxTQncBa3iE6eRdYEms9LBLFBcBe3iESVgUe8A5RAAOw2jXQO0gN47GN3e8088WtjNA/A/7ZwtdnqQ/aHNeMHxGrmIN1xVIxl2hGABO9QyREO1oX1W7ELOZga+dNFXNoraBDvGYLne0FTO8dokBmIN5GuEeB33uHEKlhLPEaHG1IvL4REe3jHaAbf2/li1st6HcBo1t8jawsRLy14MiOxf7MIjnCO4BIN04ExniHSNBaeve2xdpZR/QiLV441WpBB7g0hdfIyn7eAQpiCeBw7xAJVwI3eYcQ6cYUrF9DJKui73vd+al3gG5cgd3w17RWNsV1mB/rthP19p/diP2mI4IrgR28Q3TyNTAEeNo7iEgdrgU28w7RyVvAUqhFctL3gVu8Q3RjCA1expKUxgh9LC3O+2cs2j3e0WxPrGIOthFOxVyKIlqzmYHACd4hAorcgOdaWizmkE5BB7g4pdfJwkrorvSu9CLemdoXsLVJkaJ4gngb5PYDVvYOEcjaxLx/pEMqNTStgn4LdpFHVAd4Bwjqp9jUXCQjgMneIUQadBIwzjtEQrR73D393DtAN14F/p3GC6VV0AH+muJrpW19Yq1xRdCPeFOFNwOXeIcQacJHxDsHvhmwo3eIAFYl9p/DpVhfl5alXdAnpPh6aTvIO0Awh2MbGiM53juASAvOAR72DpEQbRe+hwO9A3RjCvCXtF4szYL+NvC3FF8vbRsCG3uHCGIx7EKHSM4H7vYOIdKiaGvpSxPvSGqehmLXpEZ1JdaGNhVpFnSAi1J+vbRFK2JeRgHTeIfoZDxa75NyuAq4zjtEwrHAIO8QTqI32kltdA7pF/QHiH3Ob21gO+8QzjbEjqpF8mvgTe8QIimJtnTUh3j7ZfKwLrFPOD1Cym/+0i7oAOdm8JppquJf7M6inU8dQ7xpSpFWPACc7R0i4cfAGt4hcha9dfR5ab9gFgX9KuCpDF43LUOB/b1DODmUeGdTf4ltDBEpk6OJN+t0uneAHO1M7D1TY8mgf0sWBR3gsoxeNy2HYbeLVcmcxJud+Ddwo3cIkQyMJ17TppWAvb1D5CT6RsCrgElpv2hWBf0vwCcZvXYaBlG9ZjPHA7N6h0g41TuASIbOxabfIxkJzOwdImM/Apb3DtGDC7N40awK+uvAnzN67bQcBcztHSInqwE/8Q6RcA5wj3cIkYxFmxWbm3KfKOlL/P99l5FC3/ZasiroAH/M8LXTMDNwjHeInET7Cx6xq5ZIFm4nXvfDg4BlvENk5AhgQe8QPfhDVi+cZUF/mtjtYMHWkwZ5h8jYTsTbHPIb4vW9FsnKicTb+FnGwcwsxN/wfD0ZNtDKsqBDhu9EUjI9MMw7RIZ6YZedRPIs1thGpCqeBk7xDpGwE9bjvEyOBGbzDtGD32f54r2mTMn8jeN/gM2zfkiL1semxsrmCOwWqEi2B/7hHUIkZ32xnguRpoNvJPaVoo1Yltg3fgLcB6ye5QOyHqFD/FE6xOvslIZFiXds5hpUzKWaJhFvL8vG2I7wMoj2va6WzPeV5TFCB1s3iP5O8BfAWd4hUnQJsKt3iIQhZLS7U6Qgon0vHAssCUz0DtKC3Yh9MRjAg8AqWT8kjxE62Cao6EYC83iHSMmGxCvmp6FiLhJtlD4/8S8w6U4/4i0r1pJLl768RuhgTeg3zethTboUe7dXdPdiZ8+jGAcshXXPEqm6PxBvN/aywBPeIZpwFvBz7xA9yGV0DvmN0CHeLs9adgW29Q7Roh2IVczBdtqPd84gEsVxwAfeIRKKeIxtbeIXc8jx8qk8R+gA1wKb5fnAJozBmi587R2kCb2wd9lLewfp5AHKdzxGpFURT6BsQrHuVrib+DfI5fr9L88ROtg6anRLUtxd78cSq5hD/CsMRTycDDzjHSKhCLOoHQ4mfjGHnO+ryHuEDnAFsGPeD23CUOBh7xANmB/7BtHPO0gnFwJ7eYcQCWp34nXTPAj4nXeIHiyMXdHdxztID24FNsjzgR4FfWXi3UBUy13YGk1RnA/s4x2ik6+w2Y7nvYOIBBZtA+v7wBLAu95BuvFPYBvvEHXYFLghzwfmPeUOtuMv2mUFtayF3ZteBGsQq5iDTd+pmIt0L9pmtNmwmyij2otiFPMbybmYg88IHWARbMpkeo+HN2hF4BHvED24HVjXO0QnL2DH1CZ7BxEpgGizawArAQ95h0hYCOtlEWlZsSsrA6PzfqjHCB3gReLt8OzK+d4BenAIsYo52CUJKuYi9RkGTPAOkRBxHf08ilHMf49DMQe/gg72F+Ytx+fXawXivvlYDLuaMZJbgb97hxApkLeI10FudWItOR5MzhvMmvQpjqe5vKbcOxwAnOkZoAGrY7flRDIY21DzOr5vzsDOwPfDpunGOmcRKZppsU24MwBfOGf5ChgIvI29Qfe2GLZE29s7SB2Ow/HKau+CPg121GpRzxB1ehxYzjuEiEjF3Aas5x2iDu9ig6zxXgG8R3VfUZxmBstSnKwiImXwK4pRzMEuIRvvGcB7hN7hHjK++D1Fm2FXIIqISHaK0rMEbKZ5aZxbhnuP0DtEPveY9H/A7N4hRERKbDrgL94hGnA0Ae7/iFLQ7wD+7B2iTgOBc71DiIiU2B+Axb1D1OlqrHuduyhT7gBzY9MWA7yD1OkItKYuIpK2vYE/eYeo09fYVHuIi3aijNAB3sQaLBTFycCG3iFEREpkReI38+psJEGKOcQaoXco0ga594Ah2JsRERFpXj/sePD3vIPU6RlgGey0VgiRRugdfukdoAGzE+/6QxGRIvozxSnmYLUqTDGHmAX9AeAs7xANWJ+cL7EXESmZw4EdvEM04BIcblPrScQpd7Cpl6eBBb2DNGBP4CLvECIiBbMFcI13iAaMx26THOec4zsijtABPqFYU+9gZyaLsvYvIhLBEsAV3iEa9CsCFnOIO0LvcDmwk3eIBryOtYj9wDuIiEhwvYFHsWNfRXErgW99izpC73Ao8LF3iAbMh62tiIhI9y6mWMUcgs8cRy/oY7HpjSLZGDjBO4SISGC/BHbxDtGgY4AnvEN0J/qUe4crgB29QzToYOAM7xAiIsH8kGL1aYfgU+0dilLQZwfGAHN4B2nQtsC/vEOIiASxNnZ3R5F8ji0NvOgdpCfRp9w7vIdNdxTN5VgnIRGRqlsA+Id3iCaMoADFHIozQu9wPbCJd4gGjQWGAu94BxERcdIHeJDibYJ7EFjFO0S9ilbQBwFPYY1niuRpYGVgkncQEREHdwNreIdowgrY0bpCKMqUe4dXCH5soAtLAX/3DiEi4uBvFLOYH0WBijkUb4Te4VKKd+QB7NzlD71DiIjk5HTgIO8QTbgZ2Mg7RKOKWtBnxqbe53XO0YwzgQO9Q4iIZOxYbENZ0UzE1vpf9Q7SqKJNuXcYD+zlHaJJvwBGeYcQEcnQIRSzmAPsSwGLORS3oAPcBJziHaJJR2HXBYqIlM2+wGneIZr0J+Ay7xDNKuqUe2c3UsC1jnYHAb/zDiEikpIidoHrMBo7jVRYZSjocwFPUrwuch1+iG2WExEpss2B/3iHaNJn2E2Zz3sHaUWRp9w7vA3s6R2iBRdRzB37IiIdNqK4xRxgHwpezKEcBR2sg1yRbzi7lOJdPiMiAnZpyY3eIVrwR+ysfOGVYcq9s1uB9b1DtGB7itnrWESqaT3s+24v7yBNehRrzf21d5A0lK2gz4rdV1vE8+kddqXAuyxFpDI2Bm7wDtGCicAQ4GXvIGkpy5R7hw8ofie2S4H/5x1CRKQbW1PsYg7wI0pUzKF8BR3gNoq9ng5wIcXe6Cci5bUV8C/vEC06G7jKO0Tayjbl3tnVwJbeIVp0GMVt0CAi5bMXcIF3iBbdA6zpHSILZS7ovbFGAcs552jVH4H9vUOISOWdABztHaJFrwDLY+3DS6fMBR3ge9guxpm8g7ToEmB37xAiUllnAT/3DpGCocDD3iGyUsY19M5eArb1DpGC3dDOdxHx8UfKUcx3osTFHMpf0MHOSB7gHSIFO2O7SqfxDiIilXEp8FPvECkYAVzpHSJrZZ9y7+x07DKUonsOWBt4xzuIiJRWX+B2Cn5ZSbuLqMipoSoVdLAR7sbeIVLwJrAuJeg9LCLhDATuAAZ7B0nBg8CqQCUKXdUKell2vgNMBjYDbvEOIiKlsSL2PWVm5xxpeBXb0f6hd5C8VGENvbMvgS2wG9qKblrgZuBA7yAiUgq7AQ9RjmI+CbvOtTLFHKpX0AHeADbBinsZnAH83juEiBTaCEpy41i7zYGnvUPkrWpT7p1tBlzrHSJFt2L9lT/xDiIihdEGXIHd9FgWPwD+6h3CQxVH6B2uw6aYyuL7wGvAat5BRKQQlsQ6p5WpmP+MihZzqHZBBztjeZR3iBTNCtwL7OEdRERC2wKbkp7fO0iKTsMuXamsqhd0gJOwtoZlcjFwincIEQnpCOAa7xApuwS7zKrSqryGnnQZ1o2tTO7Bbpyr1E5PEalpBuDv2P6hMrkZ2Mg7RAQq6FO7DtjUO0TKPsY2y93uHURE3KyIbQKeyztIyu4D1gK+8g4Sgabcp7YZ5St8MwG3AcO8g4iIiwOw8+VlK+aPAuuhYv4NjdC/azrsXd8K3kEycCewDZqCF6mCGbAjaVt6B8nA/4CVgA+8g0SiEfp3fYFdfvKkd5AMrA2MxRrriEh5rYYdYy1jMX8NWAMV8+9QQa/tE2xdpoxFvR9wPfAHoJdzFhFJ34nY8dU5vINkoKOYv+UdJCJNuXevN7ZTvAxXCNbyDnYedbR3EBFp2eLYxt6FvINk5HlgFWC8c46wNELv3pfYpotHvYNkZE7sesFjvYOISEsOBJ6hvMX8f9iS4XjnHKFphF6fvsADwNLeQTL0OLAr9k1BRIphQexSlTW8g2ToNWwD3DveQaLTCL0+k4A1KfftPcsCY4CR3kFEpC6HYL3Yy1zMxwKro2JeF43QGzMAW1NfyjtIxp4CdqHcb2BEimoQdg/Fqs45sjYW263/hneQotAIvTETsA1yj3sHydjSWFH/DdoJLxLJMOBlyl/MXwGGomLeEI3QmzM9cAs2DV92rwP7ADd6BxGpsNWBC4HB3kFy8AS2GVnnzBukEXpzPsfOqVehyM0H3ABciZ1hF5H89AYuwJb6qlDM78ZG5irmTVBBb80mWKGrgh2Ad7HRuohkbydsM9he3kFycgM2UJrsHaSoVNBbtxO21lwFfYDzsQ56GzpnESmrNbFjspcDszhnycsFlO+my9xpDT09+2PtVKvkLmBf4DnvICIlMD9wDuW7r7wnxwCjvEOUgQp6urYF/uEdwsGFwJHA295BRApoAHA8ds1p1U6V7IONziUFKujpWxe7f7xq/zC/wI7U/No7iEiB/BT7NzOTdxAH2wL/8g5RJiro2RgK3Ar09w7i4E3gV8BfvYOIBLYttvemrL3XuzMZ21B8m3eQslFBz848WFFf3DuIkzHAYdjtTyJi1sEK+YreQZy8AXwf7bvJhAp69m6i2jvCH8V6Tt/uHUTE0crAbyl33/WejMaWJCc55ygtHVvL3kbYztWqWh6bWnsQ2MA5i0jeVgf+ix1Dq3Ixvwx7U6NiniEV9HzsBxzkHcLZSsDNwP3ovKmU3zrYrNQ97T+usuOwq5klY5pyz9eawLVUc7Nc0gvAScBfgK+ds4ikZRfsCOcQ7yABTAa2B67xDlIVKuj5mw24HhuxCrwHnAGcBXzkG0WkKX2w42eHAPM6Z4nieWzv0GveQapEBd3P+agvemeTgPOAs7HRu0h0CwI/xrpEzuwbJZSrsJbYKi45U0H3dQBwpneIgG7Gmm3c4h1EpIY1sF4LW3kHCWg4MNI7RFWpoPtbF1tjmtE5R0TPAX8E/gxM8I0iFdcX2B34GbCsc5aIvsLWy//tHaTKVNBjmBVbV1/ZO0hQn2NLFGcDzzhnkWpZGFsf/ynVbM9aj2eBjdF6uTsV9FjOAA70DhHcA9hlDpejTXSSjb7Adtgel6ofOevJRcCe3iHEqKDHswXWhKGfd5DgJmLTe3/DZjdEWrU+Nq2+LdW5h7xZX2OFXHc2BKKCHtOswNVUu7NUI8Zhhf0K4CHnLFIsQ4AdsUJexYtSmvEM1hzqVe8gMjUV9NhOAI72DlEwT2HNaq5BF0BIbQsDm2MjzKpektKsc7H9BBKQCnp8SwNXUt1b21rxPHYE7mqsn/YXrmnEyzRYl8atsbsVlvKNU0hjgZ2B+7yDSNdU0IvjHOAn3iEK7C3s5rvrscti3vGNIxmbFTsSuim2A3t+1zTFdhmwG2oUE54KerFsja0Va8Nca77ALs24GvgP8KJvHEnJgthU+lbAWthudWneV8De2BKWFIAKevHMjO0s3dw5R5k8CdwF3Nn+33G+caROc2JT6WtjBXx5oJdrovK4C5tif9M7iNRPBb249sI2qPT2DlIynwKPAaOxUfz9qGFGFPNizZfWBIYCK6AOi1k4BPitdwhpnAp6sc2GTYdptJ6dr4Cnsc1ADwGPYjvpP/cMVQHTAktio+6hwGrAMu2/Ltm4Ezu+97p3EGmOCno57IF1T5vOO0hFjAMexgr849jtcM8DX3qGKrA2YBFgMFa0h7Z/LOAZqmIOAH7vHUJao4JeHrMAF6PRuocvgTewhhtPt/93DNZ4Q+vxU5sL27y2BDYCXwI7RjY/Gn17uBPbwf6GdxBpnQp6+WyGbZpT60p/H2M76N/BivxYbDrzf8B72Iajsk3dTwvMjS0HLYwV6vmwwj0XNhIf4JZOOnyK7cO5zDuIpEcFvZxmAE7DrnqUmD7DRkVvYgV/XPuPPwTGY+fm38W+8X4EfICt53tow8519wf6YMV6buxN48ztP54H23U+N7Z5TUfG4roI+AW6krh0VNDLbVFstK5rWYtpCnZm/mPgfewb8HjgE+wNwUSs4E9q/7VJ7R9fYJdnfA1Mbn+dXtjouRfWOa3j532xIt2v049nxN4U9sMK9gCsiM8ETI+OhhXVGGzT22POOSQjKujV8APgTOybs4hUy2fAocAfvINIttq8A0guLsbWL0/3DiIiuboA+7evYl4BGqFXzyDgT8D3nXOISHYewDa9jfEOIvnRCL16XgE2ALZo/7GIlMdbwK7AqqiYV44KenVdCywEHIauFRUpg5HYaQMdRasoFXQ5Dfsm8HtsV7SIFMufsaOCw9EVp5WmNXTpbH5sN/w2zjlEpGe3AvthrYdFNEKXqYwFtsUuxLjWOYuI1PZfYA1sL4yKuXxDI3TpzhLACcB23kFEhJuAI4FHvINITCroUo/FsTPsm3gHEamgu4ADsat7RbqkKXepx7PAptiVljc7ZxGpinuBtds/VMylRyro0oiHgY2AlYB/+UYRKa2bsCK+BjY6F6mLptylFYsAxwA/RBd2iLTqKuA44CnvIFJMKuiShrmAg4GfYzd0iUh9vgDOxfpBvOacRQpOBV3S1Ac4APglVuRFpLYPsZ4PZ2BX4oq0TAVdsjANsCM2atdd7CLfegL4HfA34HPnLFIyKuiStVWA/bEC38c5i4iHycA/gbOBO5yzSImpoEteZsJugfoJsIJzFpE8PA2cD1wMfOCcRSpABV08rAD8GNgdmNE5i0iaPgOuwDa63eucRSpGBV08DQB2wY69re6cRaQVDwN/bf94zzmLVJQKukSxBFbYd8buaReJ7g3gSuAi1MlNAlBBl4jWB36EXeOqKXmJ5DPgGuwO8huAr13TiHSigi6R9QM2xkbtW6Jd8uJjMnAdtjZ+HTo3LkGpoEtRzAZsBmyBFfkBvnGk5D4Fbgf+DVwNvOUbR6RnKuhSRDNil8RshRX5OXzjSEmMx6bRr2n/r46aSaGooEvRzQCsi43c1wOWdE0jRfMCNhK/DrgVmOgbR6R5KuhSNktjd7evgd3fPq9vHAnmbeyI2b3A9cAjvnFE0qOCLmXWG1geG8GvjZ11n9UzkOTuI+A+4E7gv1gxVw91KSUVdKmSmYDVgLWwHvMrATN7BpLUTQRGAw8Cd2Mjca2FSyWooEuV9QdWxUbuKwEromtfi+Z9bNT9EHAPNhr/0DWRiBMVdJFv9QOWApbD1uKXbf/5bI6Z5FvjsQtPHgee6vTfjxwziYShgi7SvQHYzvmVgWWwFrWLoqNyWXsfeAkYgxXtB7FirulzkS6ooIs0ri8wGCvsi2NFfpH2/6pVbWMmAc8CL7b/9xnsKNnzwMeOuUQKRwVdJD1zAAtixX0+YGFgfmzKfiFgoF80N1Ow28f+B7wLvAq8DIzDRuCvYkfJRKRFKugi+ZgZK/hz8G2hnxMr8vMAs2Cj+zkozih/ElakPwYmYEV6HNYm9VWsiH+IFXRNlYtkTAVdJIZe2FT+LNiIfgB2Gc0ArPDPhe3Kn6n9Y0ZsE1+/9s+bHpgOO3s/DdDW/pq9Es/p+Af/NfBl+8dk7Gz2p8An7R8TsUL9Mbbp7B1sJD2h/fMmYEX6A6yw69YxEWf/H8AREG+/glDyAAAAAElFTkSuQmCC','40px','30px','#00bcd4','#00bcd4','#00bcd4','#00bcd4','#00bcd4','Unifyia','http://epicidentity.com/#',0,'Test','2020-08-03 13:39:51',NULL,NULL);

-- customer_branding
INSERT INTO `customer_branding` (`id`, `uims_id`, `logo`, `background`, `policy_statement`, `language`, `organization_id`, `version`, `created_by`, `created_date`, `last_modified_by`, `last_modified_date`) VALUES (1, NULL, 'data:image/png;base64,iVBORw0KGgoAAAANSUhEUgAAAQAAAABVCAYAAACmRjqWAAAABGdBTUEAALGPC/xhBQAAACBjSFJNAAB6JgAAgIQAAPoAAACA6AAAdTAAAOpgAAA6mAAAF3CculE8AAAABmJLR0QA/wD/AP+gvaeTAAAACXBIWXMAAC4jAAAuIwF4pT92AAAAB3RJTUUH5AgfAAc5aU/h8wAAGVBJREFUeNrtnXmYXWV9xz/nzkwmM8lMQpbBIYDIKkGWgEiCiAjuCAYVURyU9nFXqljcWtvqg7V1oa0KFNtSqSUVGAXRUja1EUSRrRFlCYuBTJIJMGFClskyy+0f39+b894zd+49955zJ5n2/T7Pfe49557z7u/v/b2/7YWAgICAgICAgICAgICAgICAgICAgICAgICAgICAgICAgICAgICAgICAgICAgICAgICAgICAgICAgICAgICAgICAgICAgIDGIrJPwNRBd08v3T29k5pnc87pNZVJswjsnNRa1Y8CMM3KnEv5y03CYs2p1JVOEzAa1Zlf1vxreT4PQlWskE6j2rvcZO2/+uws1XDZ5tFlqZAnAWgH/go4wrtXBL4H/CDnShWAvYFngLEc0+0E/gI4zLs3Bvwz8JM602wC2lDnFoFtwGgd6USWTpNd7wR2VHj+BNS/d+REBJL5bwNGKjzfAkz32nCoSjHaqG88jllZ3Dho98pYBIYiGKul/jYLmywth2Fge+LRaUCr/R61ctTV1EZMjgHmdPf0/iwjIUmNPAnA64ALUEc6rADuqbdRKuClwN8CFwGP5ZjuC8CDwMdR5zrMBX4NDNSR5kLgH6xddgKfBX5TRzrtwN8DR9r1vwFXVHh+X+ALwB8D9+VABGZa/kegyfZXwE8rPH8G6p8IeMradMMEz7YAXwZOrLGYEbDO0u63e0uBj9l/Y8A3gVr56gLwJ4CbhdvRwnBX4rmzgE/a7yetHBvrbN8C8F7gAMtne53p1IS8CMAM4AOUTv5taJI+3YAyfwR4C/AHNMhGMqUYo4gGy+nEnQ9wvOV3VR1pdgBLrG2Ggdl1lq0JOAqt7AD/XeX5MeBlwOXA+cDDGYlAE3A08HK7nlfl+W6rN4iATqvwbAERlsV1lKuPeBUGuBP4FHCcXc8EfhPB6jR1t9X/OODTVgcQB/tgmcf38co8izrnk63+BwBnWlsd193Te9dkcAGFnNJZApycuPdT4KYGlPkk4N2or3rsOk8MAd8GnvfutVheHXWkVyRm+UfJthCPTfB7Iowi4nUZcGAObTPmfVerh1++alueYuKZYWBris8QsMWVxQrUB/w1sNnSOgr4KNBUTdZg/7cDf0o8+VcDX/HSq7eO1bAUEYFZaHw3ZUksLfIgAE1otfQnxxDwL6hz8kQHou5z7Xou8A7yF3j/hvHE6wTi1Xeq4RTgW8A+U0Qz8GPgzSk+b0LczTOJ9/8LuNZ+R2gbdGLKvN+KVmIQZ3kp2so2BLb6zwPOIZ6PZwCHTIZGII8twH7AaYl79wDLG1DepUjW4LAFuJ38ZQw7gWXA29D2BsRKvgX4OfkKHicLpwNfBy6I4PlJEzPXhzXAHfW8aNqAHcAlwKuBQ4D5iKVfEcHmcnU3wrgArf5uK3sn8K9AscHt9VokAHTYD429rzQ223w4gBOA/b3rMeBGYFPOZe1Ggpnp3r3rgVtbFxzbCB3q3Yyn/K8m5j6mIs4BLgY69nBOoFBEkzntx4ddP4qElk6F+3pK5Tq7YG1RQHKsRXZ7EPgqsKFRk9/GaxtwLqUyksjK+qJGcwFZCUABTYoW796zwM9yLqdj44717q1BHbx9zms+D1qh85JpgDQCtybuHUypmnOqwI3hJjTI/xyYvocTgTywjLgPW4ELgZdMUO+XAx9EY6iItCx5j+NyWEwsP3sGaUxA4+yNjc4864TpJJa2OvwWeCLnch5J3DkQ6+YfNArZDnwJOCpnivkLSoU/M5FQbarhD8AtaGC3AJ9A6quW/6tEwCjeJqSJcjKCI5CqrtnV2xP8XUQs+Ps9kpmMNJj1b0bC5Vl23YsEtmOon84FOhrJBWQlAPsiyaWPe5AKMC9MQ/YF/jZjBXAl8V78jcCHkf53Wo4NtpLxasxjmCQJbY7YDHwGuNmupyMu4EOkkI5PcdyN7CXG0Hx/H/CqxDNLkXwHNHa/Dqxq5OS3MXoEEmSC7AeuAX5IPOZOBF7ZyMbJSgAOpFSvPYw4gDxxKqV7tx3IuGOtXc9DK1o70gickmPeG9Be0sfB1KcO3J0ooC3TBYirAXEzF6MJUdjDiEDR+TKk/ZRNRF9jiAA446u5iBjOsvf2pVTwdyOahI2G2+c7ruMXwANo8t9o92YA76GyDUUmZCUAByQKtxlYlWP5ZqF92yzv3u3ADd71W4mp5GzUmbNy4gJGGG9puDewV451nCwU0FbgY8C9dm82YpGXwh7lPNSKtpdpPhVlP0YE1ls93XbuNGJd+0eIJfB9wNeAoUlY/fdFkn7QoraM2KT5WmI7lNcDRzZqG5BVDbggcT0IPJdj+c6mdEUfRGa1/r58NVqpHZFYggb098hHPbg6cd2JVpE8Cd1k4iFkGHMVYkHnI2HqZuD2vJyHMmIpsTS+GvqtPuuqPHcr8H0kS2pBsoAhJFwuIEOey4AVk1T/04FD7fdvMcvO/qvPprund4Vdvx3oQvPgf2iA+jkLAWhGVMzHRvIz/tkfsaw+h3EN4/XDy62hOomdwtbn2EbPIk7AtVUrpRzJlIHnMXcfmgBXom3c/sjg5Y+AX+0BRGBv+6RBH1VYZM824O+Q1uow5KPxTeIt7J3WHg2tuq3ks5GAr4l4xR/wTH+3I47gdCSveRtwRXdP71N5mwdn2QK0MN4efCuSA+RRrg8SO76A2NdLy6Q/DPwSWX/dbN8PkF9Hbk7k2UypLcKUgtcoyxER6LPrQ9EKeBTs9u3AKNLfp/lsJ0Vf2wMrkYHQDqvibPt7EPgbYGCSCN8pxD4Vq4j3/D6WA/fb74PQVjd3ZOEAIkr1/6CVMg825VjEmrlxOAp8B3gk+eAkOEwk6xSRr73BpMPjBG5GAtTLgRehvfDlqO0f242cwE2ov9PQoSFq23ZegyTvZ9n1GNoOVXOuygvTkWDPCR2vB1b549i2AYNW1sWIU3gXcHV3T++GPMd8FgKQdOAATYysi8d0pKPu9u7dgwwzKo3HAlLvHEQ8xp9Hg7yS33w1NCXqVM74bMrBIwI/QtLmbwJzkED1UuD9jJd/TBZWIU6uEXXeDFyN1H4tyODrP4DhRneqsf+LkGYLtFVdBoxNIOS7AQkpF9p7pwHX5VmmLARghPEeUvUGdfDxBkrZnW1ocD5T5b0ics/8NjF13YwMLeoN5gEiSH6dxpg6EY4qwiZEEQnHOpGkvAP5W1wCfCSaPLbYR6HBefoBREaAHZNUxwJayefY9fPICnBJhXcG7bsVcQ4/IUc7m6wEYE3iXieafC/UmeZctPrP9O7dDPxnineL1ji3ErN3nUiNeBel7r21YB6lW52dlHcNrVSuPZZjMCIwiiwrO1CgjzYkeNoIXBTV3597HCqFDmskbIU/iNjTEOBwZHFYrcgOJwPHd/f03pHXNiDLXrZIbIzjsBcxdasH76bUv/85JLndmvL9Lfa8H7nHxQ+oFwsoHTNbqY2Y7CQOWFJObpIWTYl38xC2ArtG2DDitC6x3wXkavtFZGS1xxKxKYSzKLVoTUOL/GdmI+1BbpG8sib0NFo9nGnsbKQafLiOtA5GRiquTEXg35EpZy24G+3xPkE84T6ObOGfrDGtgpXLxwC1EYAh4vBOLcBedQrX2ilVP+bqbWkr43a0DZiFdOvN9j0I/GN9xQ6w1b+LUp//25FreRoc5b17OvCt7p7eh/PgArISgFWIHZ5t160oDNVtNabjLLL8YJyPoUFXa6SVESTJfjOxocVhlv5na0yvA7FpPp6iNpZ40D7dqAMPq+FdoMRXfb5XxzW1plMNRgS2An+JBIPnIx37Z6zsU1r7sZvxBmK19ibk67885bsHITnBAWgcvAOZcWcmyHlwAOuICUCEvOWaqS1O32LgPGJ2ZxjppOv1Knzc3r/EyhJZ+tcDv6ohnQNQ4/v4HbUJAQetPAvt+kRgRgRba+y9xUimAdqbP15n21SEEYGNwOcQ13EOIgafJnAA9cLZ9Lst3F3AvWlX8O6e3qeQfOsCYh+CK7t7etdm5QKyUvQB5Drp4zhKVXjV0I4Ef/O9e79GqpksWGbpOHRZPu01pHECpQFAdiIrulqwExkquclzPOb/XcMGcC7wTuL+egQZRjUEVtDnUPg150HYThwdKSAljP1fQhySbBhZ/qWVa4G41l7iiMMvJfYizISsBGCE0sEN8GIqqzWSOB2x6w5bkG36hhrSKIcNlo7f0Mm8KmEacsTw22gd9Xk73kIctroD+DMsSGc5b7aEl1srIlwuHmGRxkRcKoF1aD+SpdQVnisAEAd6LrEH6SPUuEW2Vf4+NNdcmu8m5gjrRh57ujsptcSahpw50rgwdiE1nb8q34gmTB64hVIzy3bLryvFuwsZH3H4bmLT2VSwifQIEmg6QnkSMmx6EzYwyri2NiP5wzeQh6Pbrq0gZ2OQKmV/AgkC782S1v9HeD7/LrJPEW1D19fBum9D9hpu+7kYeFVWL8E81AmPIl/rM7x7pyGBx/0V3ouQkOkV3r1+5O2X16EI2yy9U5GpK2glfS+SD1Q6reodlBKKYWSPUI/6bRTpexchrgJEBK5Bfgv3Iau7rahPuqz9FlOqNnoGHVDRN8mb8YeQEPUqJOQNSIddsf3suh8RgHq776doy30sWsx6kDahbsO0PDiA7ejgBH9idKFAE5Ui5xyBxWu36yKKwPpADmXycT/wXUrj4n2YytL4g5Dwy+fOV1KnvbhlvM7qeyOxJqITOYZchAjElcgG/mK05/cn/+NITVqLiazr37ptX7yRer/l/yTpxk00we+Jnq3l+azw/TmyzIEJy2wr8/6IALj/bgUeqUdwZ+88i+aaw+uBRVm4gLzUOrcxXhj4TmKPpySmoQi/L/bu/R5Zo+Xt8zyGJtVD3r2DkG1AOaOcAnKG8aX/7sSgfrLhSUv7k8i/oZogaASpHS9DLs8/JH2I6iGkpemzctfdrl5+d1i7PU31KEKbEVfTh4hfJfVrEQ3uPvvUa7WZFtu8svVRv1HVJi+Ncm18IhrrfUitvYzsp1jdgDjGPjR+XkuGeZwnpb0QxVLzV/1r0YAfSjz7RjShnMnvCFpd/inH8iTxITSRXPk2oUmVPN/uFchBxtdkrLIyZzqHMNHY89CW4DhkbDQHmeCOWNnWoP3+vZb/KKTnHSNJ7OdbtjuB/mJG4uqV/+1ogt9WYQ/VgbQXLv/1xQmIQKRnuohlQZuK2YXAlerRhuINRNau64t1sNHdPb0uOAyujv1Xnz1q/4H62An/RoD+/qvPzkQAunt6I7SlcC7p2y3furYVeR4Oei3ak/ihu89ErPR3E3kejFhZV+g+Gi/Yug4dEuGCmETIUGg5MVWehYJl+pN/DAnsMkc6dpW1iTSA9m+3260m4pDUoyQmax29647Pyg2eHf0NVDdp3kx6n4ki1Z298sQ24vDbWbCJytqYAeo7ULYSimTnRBuG9xIfkew+TzA+dHgzGvDuM1n+GW6iuY9PAJuQem5novwPoJNaGlagWgJd7gmYCmUM2D2YgSTbyYNbfs748GF7Gs5Ge0+/3FsQBxMQEJASL0MSc38iubhn8zOk20ichljCZJkvo/To6YCAgBQ4B5kt+hNqFEXqTWOEM5k4FQn3klzLHez5XEtAwB6JZmSwsoPxq+p1lOq3dxcKyHjpScZP/icoNVAKCAioETNReK4Rxk+w5cS27bsDM5Au/tkyZVtHqVVjQEBAnZiNjmUqRwSeQrr/yY6xvxBtRVw46eTk9y23AgICMmIWssdPbgeKdu/HaB/esPPPDF3I+jApoHSfVciJKdfJX0m1V87+1b830f+V0q+WT0T1fCulXUuds7RNLfWt1g5Z1Ktp0qzWzmn7NaqSZ5Y+mQiTccrtDiRQG0L2AG3ef03IJv9M+96E2PLc4t0hQd67gK8iq8Rymoh7kX9ArZGMqiKSwUwX2hINR541XCRrribsXiTZSZurv7073buehj4jXhogTmuOPTsGjCQGjYvpN2ZWd23+M3ZvRpl0pyEbiC5Ld3sao35Uj2KK51qQOfh0EkZLE6VjbTTf6txhZR7x2mEu8rFoxpzKImlyuiyf7VENdlWRZEXzULzLTmuHYctvhvVdMdmf1lddVsYOe3en99+ufrQ82r3rJstz1zuJvpxv/7WT8mCUiTBZx1wPI1falcgJKKkJaAOORivwiYhr2IYsyWo1nYys8RajSf0l5HW4P+Ntpncgu4ULyP9UY1eYY5C84SUoTsLj2GCPZMe9HxbcI9JkeCs6B869exKKQkQkweQivANSjEhciAjoYfZ8M15M/0i+40PAhij2ddiOuXFHGkznIX8MN5lejJyXDreyn4aee4IKA86IyXuAoaiCTb+V+33WT4tQjPznE+mcBwz6UYkj+Wh8Dn0fjaziBowwfBrJlo5Ek/Exe+fVwAesfQ5HMStTjatIY/UL9u7RaJFaZ5P0fGKbfCK5d3cBT0WyJj0XjelT0Ph7GnjB+vEY7OTpSMT7XDQGRyOFt3cxI05C3Okme/Ys1J+HWB89QgZvwDxNgathFJmQPgx8HrnbJiPMzEI2929AA+JB5IX2O2u8AWScM4wGYROipHsh2+5DrGFfjsx8Z1YozxMogvD3yNlkNoEZVufvoE4+GflBuPr63E4rpRxKO6URiWYw/mTigrXD9619utHEfZb4aPM5xPYMRWunI4EvR2pnt8oVvHw+hI6s/hmaLPtY38xkgpiIRji6EKc3QuWwZbNRZJsveuXy09kHmZVvQX3vt8ljKIKxD2dRejmxqaxLswOFgvsRmlgvxYhsCrQiM+WvUUo0nP+CbxI9Oy4+a9HW90wr24+892dQKvtyK75r/+nWf5cgp7rXEZvTt1tay5PtVg8mkwA4rES+5TehlXdJmXJEaCB3I2IwiibpZjQgtiNWrMUaZCbq5Lbq2TOAJuBllHoINgpFK9d81LGrvajAyTMDql1D+Q4fs88IWpHutnZ9tEw6ERpca9EKfEWZfI6wNr7Nu78OuWtXw/EobsJCFAF5cIIRusnK8E60MAx67eLSuRERqk5im/sxtJqeisbFCmKbk3a0Ym5ARMBFp3b/zbM+qGXFHEOLy2usfX9v7ef+S/ZN0fs9QiwAH57guXL9WkQL21xE8H1OqoA4pgLi6h4gw8lXuyvK6zY0Cd+G2PQ7qHzaSRMaBAuIWbFFyOrwQESJq03+9cjffikSBk7G5Hd4GWLbjqSB3IY3gjYQe6GVQwEFpnwYsbHTS19nvrWXcz0+Hh0V9lF0/No42LLXifpmPZoclWwpdiD3701oC7PQS2cvRITW261jE7KHmWgs7EOp8LgZecotsDTca0XEnl+MxtrKGpu2zdJcwPhxVpa+eTM8Slx71ZwQY4hL+4Zd30zpu/OsLF1knMO7gwPwMYAm5fWINV6K9mv75VS2zWiQ34y0Db8juz92rYiQkPE7aHKchdhPd+holBgNu4RKE6A40ejx7r+IyqHLXUCMm9A++z2UDqTn0KSPolhDMoi4sUNRGLhyOAYRgSVooixGQVQmWnG3oAAXfeisvketTY5Dk/yViAV/JYqHN2JlfxBt3ZJ12oi2QuUOC70FbYX6MTlHSt45QsZi303c38VRJfojzfhyQt9kPi7NAuI0Vlt7vOD9OYLG850p8qmKPSXO+yBi996PBGPnoQMqf4n84oeo3l8jaACsRCGUv4D2X29GgkA36XYHnOdhO7E6FDTwD0STpQmtgr5brB+5xqGN+Ag2P/1WS/9QxB39MpFOOW2S89FoRftix9I+ZPfOQNzBBrQl2BtxDuXQimQvl6KV/RJEgBdOQLD2QX3djLg/91gbIiTfsnS+gdjnQ6O47M2+/tZDC7G03m+fAuI0rkEEuBbvTudB2pzIbxSx5gvt/5lIKLemzPvJJliHtFMdVrbDKT2G3j1/vZX15ERdOu0zk+rcREXsbg4giVEkEf8D6qxONOj2swbbGwla2q0hhq3hNlijrkH7ygGynQicJzZa+T+IBsp1xGqdFYjV/ZTVJQKu8gbZC5QOqI1owF2IVssfWFpbkIBxCE3iXkpPQVpL6dZjNbDNOw3oCrQdc4NpK5KR9CCuZSsabLczMfvchVj2tZbuGBK87W/1TGKL1f14RGR+bGXvtjqv984t/DWaXA9bWdaWSW8UjYXzUd//Fi0qRTQ+XGSe25CmqZd0AVJ22HvlFiDHQR1tdVhFLHdx2MB4Iv4kEkJ/0vqsHTsl2P7fRqxdWEasGdpk6b0WEdsBxAnVclZlCYLFW4NharcZ+skQMJIIDFJAhK0Frf47iqXvFoql+uE2e2eEONLSdLQCj6LBUxI9yFRuo0XZAWB5jRRj/TVoMRhN3GvyyjaAEZFyMyGKpfAjifI3AzuL45935ehGA3jQJrxblMqmY3VvKiZsRaK4HZxMYJiYyO0qm9deO4opdgGmjmymzPHhXp57I0LxDImQbZY3xVJdvvtytgnPAUPFMnnarVZrj1HPNsRxcFvT1KNC/QIaiWQDF2v4P0rcS9tZE+VRTKRRLt1y+VdKe6KyVkq3Ut2rpZO2HSdKs1qZKpUxbR2qtUu199LUpVKeAQEBAQEBAQEBAQEBAQEBAQEBAQEBAQEBAQEBAQEBAQEBAQEBAQEBAQEBAQEBAQEBAQEBAQEBAQEBAQEBAQEBAQEBAVMU/wuXTXXxbT3iMAAAACV0RVh0ZGF0ZTpjcmVhdGUAMjAyMC0wOC0zMVQwMDowNzo1Ny0wNDowMM5v7rsAAAAldEVYdGRhdGU6bW9kaWZ5ADIwMjAtMDgtMzFUMDA6MDc6NTctMDQ6MDC/MlYHAAAAAElFTkSuQmCC', 'data:image/png;base64,iVBORw0KGgoAAAANSUhEUgAAAQAAAABVCAYAAACmRjqWAAAABGdBTUEAALGPC/xhBQAAACBjSFJNAAB6JgAAgIQAAPoAAACA6AAAdTAAAOpgAAA6mAAAF3CculE8AAAABmJLR0QA/wD/AP+gvaeTAAAACXBIWXMAAC4jAAAuIwF4pT92AAAAB3RJTUUH5AgfAAc5aU/h8wAAGVBJREFUeNrtnXmYXWV9xz/nzkwmM8lMQpbBIYDIKkGWgEiCiAjuCAYVURyU9nFXqljcWtvqg7V1oa0KFNtSqSUVGAXRUja1EUSRrRFlCYuBTJIJMGFClskyy+0f39+b894zd+49955zJ5n2/T7Pfe49557z7u/v/b2/7YWAgICAgICAgICAgICAgICAgICAgICAgICAgICAgICAgICAgICAgICAgICAgICAgICAgICAgICAgICAgICAgICAgICAgIDGIrJPwNRBd08v3T29k5pnc87pNZVJswjsnNRa1Y8CMM3KnEv5y03CYs2p1JVOEzAa1Zlf1vxreT4PQlWskE6j2rvcZO2/+uws1XDZ5tFlqZAnAWgH/go4wrtXBL4H/CDnShWAvYFngLEc0+0E/gI4zLs3Bvwz8JM602wC2lDnFoFtwGgd6USWTpNd7wR2VHj+BNS/d+REBJL5bwNGKjzfAkz32nCoSjHaqG88jllZ3Dho98pYBIYiGKul/jYLmywth2Fge+LRaUCr/R61ctTV1EZMjgHmdPf0/iwjIUmNPAnA64ALUEc6rADuqbdRKuClwN8CFwGP5ZjuC8CDwMdR5zrMBX4NDNSR5kLgH6xddgKfBX5TRzrtwN8DR9r1vwFXVHh+X+ALwB8D9+VABGZa/kegyfZXwE8rPH8G6p8IeMradMMEz7YAXwZOrLGYEbDO0u63e0uBj9l/Y8A3gVr56gLwJ4CbhdvRwnBX4rmzgE/a7yetHBvrbN8C8F7gAMtne53p1IS8CMAM4AOUTv5taJI+3YAyfwR4C/AHNMhGMqUYo4gGy+nEnQ9wvOV3VR1pdgBLrG2Ggdl1lq0JOAqt7AD/XeX5MeBlwOXA+cDDGYlAE3A08HK7nlfl+W6rN4iATqvwbAERlsV1lKuPeBUGuBP4FHCcXc8EfhPB6jR1t9X/OODTVgcQB/tgmcf38co8izrnk63+BwBnWlsd193Te9dkcAGFnNJZApycuPdT4KYGlPkk4N2or3rsOk8MAd8GnvfutVheHXWkVyRm+UfJthCPTfB7Iowi4nUZcGAObTPmfVerh1++alueYuKZYWBris8QsMWVxQrUB/w1sNnSOgr4KNBUTdZg/7cDf0o8+VcDX/HSq7eO1bAUEYFZaHw3ZUksLfIgAE1otfQnxxDwL6hz8kQHou5z7Xou8A7yF3j/hvHE6wTi1Xeq4RTgW8A+U0Qz8GPgzSk+b0LczTOJ9/8LuNZ+R2gbdGLKvN+KVmIQZ3kp2so2BLb6zwPOIZ6PZwCHTIZGII8twH7AaYl79wDLG1DepUjW4LAFuJ38ZQw7gWXA29D2BsRKvgX4OfkKHicLpwNfBy6I4PlJEzPXhzXAHfW8aNqAHcAlwKuBQ4D5iKVfEcHmcnU3wrgArf5uK3sn8K9AscHt9VokAHTYD429rzQ223w4gBOA/b3rMeBGYFPOZe1Ggpnp3r3rgVtbFxzbCB3q3Yyn/K8m5j6mIs4BLgY69nBOoFBEkzntx4ddP4qElk6F+3pK5Tq7YG1RQHKsRXZ7EPgqsKFRk9/GaxtwLqUyksjK+qJGcwFZCUABTYoW796zwM9yLqdj44717q1BHbx9zms+D1qh85JpgDQCtybuHUypmnOqwI3hJjTI/xyYvocTgTywjLgPW4ELgZdMUO+XAx9EY6iItCx5j+NyWEwsP3sGaUxA4+yNjc4864TpJJa2OvwWeCLnch5J3DkQ6+YfNArZDnwJOCpnivkLSoU/M5FQbarhD8AtaGC3AJ9A6quW/6tEwCjeJqSJcjKCI5CqrtnV2xP8XUQs+Ps9kpmMNJj1b0bC5Vl23YsEtmOon84FOhrJBWQlAPsiyaWPe5AKMC9MQ/YF/jZjBXAl8V78jcCHkf53Wo4NtpLxasxjmCQJbY7YDHwGuNmupyMu4EOkkI5PcdyN7CXG0Hx/H/CqxDNLkXwHNHa/Dqxq5OS3MXoEEmSC7AeuAX5IPOZOBF7ZyMbJSgAOpFSvPYw4gDxxKqV7tx3IuGOtXc9DK1o70gickmPeG9Be0sfB1KcO3J0ooC3TBYirAXEzF6MJUdjDiEDR+TKk/ZRNRF9jiAA446u5iBjOsvf2pVTwdyOahI2G2+c7ruMXwANo8t9o92YA76GyDUUmZCUAByQKtxlYlWP5ZqF92yzv3u3ADd71W4mp5GzUmbNy4gJGGG9puDewV451nCwU0FbgY8C9dm82YpGXwh7lPNSKtpdpPhVlP0YE1ls93XbuNGJd+0eIJfB9wNeAoUlY/fdFkn7QoraM2KT5WmI7lNcDRzZqG5BVDbggcT0IPJdj+c6mdEUfRGa1/r58NVqpHZFYggb098hHPbg6cd2JVpE8Cd1k4iFkGHMVYkHnI2HqZuD2vJyHMmIpsTS+GvqtPuuqPHcr8H0kS2pBsoAhJFwuIEOey4AVk1T/04FD7fdvMcvO/qvPprund4Vdvx3oQvPgf2iA+jkLAWhGVMzHRvIz/tkfsaw+h3EN4/XDy62hOomdwtbn2EbPIk7AtVUrpRzJlIHnMXcfmgBXom3c/sjg5Y+AX+0BRGBv+6RBH1VYZM824O+Q1uow5KPxTeIt7J3WHg2tuq3ks5GAr4l4xR/wTH+3I47gdCSveRtwRXdP71N5mwdn2QK0MN4efCuSA+RRrg8SO76A2NdLy6Q/DPwSWX/dbN8PkF9Hbk7k2UypLcKUgtcoyxER6LPrQ9EKeBTs9u3AKNLfp/lsJ0Vf2wMrkYHQDqvibPt7EPgbYGCSCN8pxD4Vq4j3/D6WA/fb74PQVjd3ZOEAIkr1/6CVMg825VjEmrlxOAp8B3gk+eAkOEwk6xSRr73BpMPjBG5GAtTLgRehvfDlqO0f242cwE2ov9PQoSFq23ZegyTvZ9n1GNoOVXOuygvTkWDPCR2vB1b549i2AYNW1sWIU3gXcHV3T++GPMd8FgKQdOAATYysi8d0pKPu9u7dgwwzKo3HAlLvHEQ8xp9Hg7yS33w1NCXqVM74bMrBIwI/QtLmbwJzkED1UuD9jJd/TBZWIU6uEXXeDFyN1H4tyODrP4DhRneqsf+LkGYLtFVdBoxNIOS7AQkpF9p7pwHX5VmmLARghPEeUvUGdfDxBkrZnW1ocD5T5b0ics/8NjF13YwMLeoN5gEiSH6dxpg6EY4qwiZEEQnHOpGkvAP5W1wCfCSaPLbYR6HBefoBREaAHZNUxwJayefY9fPICnBJhXcG7bsVcQ4/IUc7m6wEYE3iXieafC/UmeZctPrP9O7dDPxnineL1ji3ErN3nUiNeBel7r21YB6lW52dlHcNrVSuPZZjMCIwiiwrO1CgjzYkeNoIXBTV3597HCqFDmskbIU/iNjTEOBwZHFYrcgOJwPHd/f03pHXNiDLXrZIbIzjsBcxdasH76bUv/85JLndmvL9Lfa8H7nHxQ+oFwsoHTNbqY2Y7CQOWFJObpIWTYl38xC2ArtG2DDitC6x3wXkavtFZGS1xxKxKYSzKLVoTUOL/GdmI+1BbpG8sib0NFo9nGnsbKQafLiOtA5GRiquTEXg35EpZy24G+3xPkE84T6ObOGfrDGtgpXLxwC1EYAh4vBOLcBedQrX2ilVP+bqbWkr43a0DZiFdOvN9j0I/GN9xQ6w1b+LUp//25FreRoc5b17OvCt7p7eh/PgArISgFWIHZ5t160oDNVtNabjLLL8YJyPoUFXa6SVESTJfjOxocVhlv5na0yvA7FpPp6iNpZ40D7dqAMPq+FdoMRXfb5XxzW1plMNRgS2An+JBIPnIx37Z6zsU1r7sZvxBmK19ibk67885bsHITnBAWgcvAOZcWcmyHlwAOuICUCEvOWaqS1O32LgPGJ2ZxjppOv1Knzc3r/EyhJZ+tcDv6ohnQNQ4/v4HbUJAQetPAvt+kRgRgRba+y9xUimAdqbP15n21SEEYGNwOcQ13EOIgafJnAA9cLZ9Lst3F3AvWlX8O6e3qeQfOsCYh+CK7t7etdm5QKyUvQB5Drp4zhKVXjV0I4Ef/O9e79GqpksWGbpOHRZPu01pHECpQFAdiIrulqwExkquclzPOb/XcMGcC7wTuL+egQZRjUEVtDnUPg150HYThwdKSAljP1fQhySbBhZ/qWVa4G41l7iiMMvJfYizISsBGCE0sEN8GIqqzWSOB2x6w5bkG36hhrSKIcNlo7f0Mm8KmEacsTw22gd9Xk73kIctroD+DMsSGc5b7aEl1srIlwuHmGRxkRcKoF1aD+SpdQVnisAEAd6LrEH6SPUuEW2Vf4+NNdcmu8m5gjrRh57ujsptcSahpw50rgwdiE1nb8q34gmTB64hVIzy3bLryvFuwsZH3H4bmLT2VSwifQIEmg6QnkSMmx6EzYwyri2NiP5wzeQh6Pbrq0gZ2OQKmV/AgkC782S1v9HeD7/LrJPEW1D19fBum9D9hpu+7kYeFVWL8E81AmPIl/rM7x7pyGBx/0V3ouQkOkV3r1+5O2X16EI2yy9U5GpK2glfS+SD1Q6reodlBKKYWSPUI/6bRTpexchrgJEBK5Bfgv3Iau7rahPuqz9FlOqNnoGHVDRN8mb8YeQEPUqJOQNSIddsf3suh8RgHq776doy30sWsx6kDahbsO0PDiA7ejgBH9idKFAE5Ui5xyBxWu36yKKwPpADmXycT/wXUrj4n2YytL4g5Dwy+fOV1KnvbhlvM7qeyOxJqITOYZchAjElcgG/mK05/cn/+NITVqLiazr37ptX7yRer/l/yTpxk00we+Jnq3l+azw/TmyzIEJy2wr8/6IALj/bgUeqUdwZ+88i+aaw+uBRVm4gLzUOrcxXhj4TmKPpySmoQi/L/bu/R5Zo+Xt8zyGJtVD3r2DkG1AOaOcAnKG8aX/7sSgfrLhSUv7k8i/oZogaASpHS9DLs8/JH2I6iGkpemzctfdrl5+d1i7PU31KEKbEVfTh4hfJfVrEQ3uPvvUa7WZFtu8svVRv1HVJi+Ncm18IhrrfUitvYzsp1jdgDjGPjR+XkuGeZwnpb0QxVLzV/1r0YAfSjz7RjShnMnvCFpd/inH8iTxITSRXPk2oUmVPN/uFchBxtdkrLIyZzqHMNHY89CW4DhkbDQHmeCOWNnWoP3+vZb/KKTnHSNJ7OdbtjuB/mJG4uqV/+1ogt9WYQ/VgbQXLv/1xQmIQKRnuohlQZuK2YXAlerRhuINRNau64t1sNHdPb0uOAyujv1Xnz1q/4H62An/RoD+/qvPzkQAunt6I7SlcC7p2y3furYVeR4Oei3ak/ihu89ErPR3E3kejFhZV+g+Gi/Yug4dEuGCmETIUGg5MVWehYJl+pN/DAnsMkc6dpW1iTSA9m+3260m4pDUoyQmax29647Pyg2eHf0NVDdp3kx6n4ki1Z298sQ24vDbWbCJytqYAeo7ULYSimTnRBuG9xIfkew+TzA+dHgzGvDuM1n+GW6iuY9PAJuQem5novwPoJNaGlagWgJd7gmYCmUM2D2YgSTbyYNbfs748GF7Gs5Ge0+/3FsQBxMQEJASL0MSc38iubhn8zOk20ichljCZJkvo/To6YCAgBQ4B5kt+hNqFEXqTWOEM5k4FQn3klzLHez5XEtAwB6JZmSwsoPxq+p1lOq3dxcKyHjpScZP/icoNVAKCAioETNReK4Rxk+w5cS27bsDM5Au/tkyZVtHqVVjQEBAnZiNjmUqRwSeQrr/yY6xvxBtRVw46eTk9y23AgICMmIWssdPbgeKdu/HaB/esPPPDF3I+jApoHSfVciJKdfJX0m1V87+1b830f+V0q+WT0T1fCulXUuds7RNLfWt1g5Z1Ktp0qzWzmn7NaqSZ5Y+mQiTccrtDiRQG0L2AG3ef03IJv9M+96E2PLc4t0hQd67gK8iq8Rymoh7kX9ArZGMqiKSwUwX2hINR541XCRrribsXiTZSZurv7073buehj4jXhogTmuOPTsGjCQGjYvpN2ZWd23+M3ZvRpl0pyEbiC5Ld3sao35Uj2KK51qQOfh0EkZLE6VjbTTf6txhZR7x2mEu8rFoxpzKImlyuiyf7VENdlWRZEXzULzLTmuHYctvhvVdMdmf1lddVsYOe3en99+ufrQ82r3rJstz1zuJvpxv/7WT8mCUiTBZx1wPI1falcgJKKkJaAOORivwiYhr2IYsyWo1nYys8RajSf0l5HW4P+Ntpncgu4ULyP9UY1eYY5C84SUoTsLj2GCPZMe9HxbcI9JkeCs6B869exKKQkQkweQivANSjEhciAjoYfZ8M15M/0i+40PAhij2ddiOuXFHGkznIX8MN5lejJyXDreyn4aee4IKA86IyXuAoaiCTb+V+33WT4tQjPznE+mcBwz6UYkj+Wh8Dn0fjaziBowwfBrJlo5Ek/Exe+fVwAesfQ5HMStTjatIY/UL9u7RaJFaZ5P0fGKbfCK5d3cBT0WyJj0XjelT0Ph7GnjB+vEY7OTpSMT7XDQGRyOFt3cxI05C3Okme/Ys1J+HWB89QgZvwDxNgathFJmQPgx8HrnbJiPMzEI2929AA+JB5IX2O2u8AWScM4wGYROipHsh2+5DrGFfjsx8Z1YozxMogvD3yNlkNoEZVufvoE4+GflBuPr63E4rpRxKO6URiWYw/mTigrXD9619utHEfZb4aPM5xPYMRWunI4EvR2pnt8oVvHw+hI6s/hmaLPtY38xkgpiIRji6EKc3QuWwZbNRZJsveuXy09kHmZVvQX3vt8ljKIKxD2dRejmxqaxLswOFgvsRmlgvxYhsCrQiM+WvUUo0nP+CbxI9Oy4+a9HW90wr24+892dQKvtyK75r/+nWf5cgp7rXEZvTt1tay5PtVg8mkwA4rES+5TehlXdJmXJEaCB3I2IwiibpZjQgtiNWrMUaZCbq5Lbq2TOAJuBllHoINgpFK9d81LGrvajAyTMDql1D+Q4fs88IWpHutnZ9tEw6ERpca9EKfEWZfI6wNr7Nu78OuWtXw/EobsJCFAF5cIIRusnK8E60MAx67eLSuRERqk5im/sxtJqeisbFCmKbk3a0Ym5ARMBFp3b/zbM+qGXFHEOLy2usfX9v7ef+S/ZN0fs9QiwAH57guXL9WkQL21xE8H1OqoA4pgLi6h4gw8lXuyvK6zY0Cd+G2PQ7qHzaSRMaBAuIWbFFyOrwQESJq03+9cjffikSBk7G5Hd4GWLbjqSB3IY3gjYQe6GVQwEFpnwYsbHTS19nvrWXcz0+Hh0V9lF0/No42LLXifpmPZoclWwpdiD3701oC7PQS2cvRITW261jE7KHmWgs7EOp8LgZecotsDTca0XEnl+MxtrKGpu2zdJcwPhxVpa+eTM8Slx71ZwQY4hL+4Zd30zpu/OsLF1knMO7gwPwMYAm5fWINV6K9mv75VS2zWiQ34y0Db8juz92rYiQkPE7aHKchdhPd+holBgNu4RKE6A40ejx7r+IyqHLXUCMm9A++z2UDqTn0KSPolhDMoi4sUNRGLhyOAYRgSVooixGQVQmWnG3oAAXfeisvketTY5Dk/yViAV/JYqHN2JlfxBt3ZJ12oi2QuUOC70FbYX6MTlHSt45QsZi303c38VRJfojzfhyQt9kPi7NAuI0Vlt7vOD9OYLG850p8qmKPSXO+yBi996PBGPnoQMqf4n84oeo3l8jaACsRCGUv4D2X29GgkA36XYHnOdhO7E6FDTwD0STpQmtgr5brB+5xqGN+Ag2P/1WS/9QxB39MpFOOW2S89FoRftix9I+ZPfOQNzBBrQl2BtxDuXQimQvl6KV/RJEgBdOQLD2QX3djLg/91gbIiTfsnS+gdjnQ6O47M2+/tZDC7G03m+fAuI0rkEEuBbvTudB2pzIbxSx5gvt/5lIKLemzPvJJliHtFMdVrbDKT2G3j1/vZX15ERdOu0zk+rcREXsbg4giVEkEf8D6qxONOj2swbbGwla2q0hhq3hNlijrkH7ygGynQicJzZa+T+IBsp1xGqdFYjV/ZTVJQKu8gbZC5QOqI1owF2IVssfWFpbkIBxCE3iXkpPQVpL6dZjNbDNOw3oCrQdc4NpK5KR9CCuZSsabLczMfvchVj2tZbuGBK87W/1TGKL1f14RGR+bGXvtjqv984t/DWaXA9bWdaWSW8UjYXzUd//Fi0qRTQ+XGSe25CmqZd0AVJ22HvlFiDHQR1tdVhFLHdx2MB4Iv4kEkJ/0vqsHTsl2P7fRqxdWEasGdpk6b0WEdsBxAnVclZlCYLFW4NharcZ+skQMJIIDFJAhK0Frf47iqXvFoql+uE2e2eEONLSdLQCj6LBUxI9yFRuo0XZAWB5jRRj/TVoMRhN3GvyyjaAEZFyMyGKpfAjifI3AzuL45935ehGA3jQJrxblMqmY3VvKiZsRaK4HZxMYJiYyO0qm9deO4opdgGmjmymzPHhXp57I0LxDImQbZY3xVJdvvtytgnPAUPFMnnarVZrj1HPNsRxcFvT1KNC/QIaiWQDF2v4P0rcS9tZE+VRTKRRLt1y+VdKe6KyVkq3Ut2rpZO2HSdKs1qZKpUxbR2qtUu199LUpVKeAQEBAQEBAQEBAQEBAQEBAQEBAQEBAQEBAQEBAQEBAQEBAQEBAQEBAQEBAQEBAQEBAQEBAQEBAQEBAQEBAQEBAQEBAVMU/wuXTXXxbT3iMAAAACV0RVh0ZGF0ZTpjcmVhdGUAMjAyMC0wOC0zMVQwMDowNzo1Ny0wNDowMM5v7rsAAAAldEVYdGRhdGU6bW9kaWZ5ADIwMjAtMDgtMzFUMDA6MDc6NTctMDQ6MDC/MlYHAAAAAElFTkSuQmCC', 'http://epicidentity.com/#', 'en', 1, 1, 'ADMIN', '2020-08-07 11:22:09', NULL, '2020-08-07 11:22:13');

-- Config_Type
INSERT INTO `config_type` (`id`, `name`, `description`, `version`, `created_by`, `created_date`, `last_modified_by`, `last_modified_date`) VALUES (1, 'WORKFLOW', 'Workflow', 0, 'ADMIN', '2019-04-24 12:46:02', NULL, NULL);
INSERT INTO `config_type` (`id`, `name`, `description`, `version`, `created_by`, `created_date`, `last_modified_by`, `last_modified_date`) VALUES (2, 'DEVICE PROFILE', 'Device Profile', 0, 'ADMIN', '2019-04-24 12:46:07', NULL, NULL);
INSERT INTO `config_type` (`id`, `name`, `description`, `version`, `created_by`, `created_date`, `last_modified_by`, `last_modified_date`) VALUES (3, 'MANAGE_IDENTITY_DEVICES', 'Manage Identity Devices', 0, 'ADMIN', '2019-04-24 12:46:07', NULL, NULL);
INSERT INTO `config_type` (`id`, `name`, `description`, `version`, `created_by`, `created_date`, `last_modified_by`, `last_modified_date`) VALUES (4, 'PAIR_MOBILE_DEVICE', 'Pair Mobile Devices', 0, 'ADMIN', '2019-04-24 12:46:07', NULL, NULL);
INSERT INTO `config_type` (`id`, `name`, `description`, `version`, `created_by`, `created_date`, `last_modified_by`, `last_modified_date`) VALUES (5, 'MANAGE_PRINTERS', 'Manage Printers', 0, 'ADMIN', '2019-04-24 12:46:07', NULL, NULL);
INSERT INTO `config_type` (`id`, `name`, `description`, `version`, `created_by`, `created_date`, `last_modified_by`, `last_modified_date`) VALUES (6, 'APPROVAL', 'Approve / Reject request', 0, 'ADMIN', '2020-10-26 18:09:51', NULL, NULL);

-- Config
INSERT INTO `config` (`id`, `organization_id`, `config_type_id`, `name`, `description`, `display_type`, `active`, `version`, `created_by`, `created_date`, `last_modified_by`, `last_modified_date`) VALUES (1, 1, 1, 'CONTENT_SIGNING_CERTIFICATE_REQUIRED', 'Content Signing Certificate Required', 'CHECKBOX', b'1', 0, 'USER', '2019-04-24 13:50:23', NULL, NULL);
INSERT INTO `config` (`id`, `organization_id`, `config_type_id`, `name`, `description`, `display_type`, `active`, `version`, `created_by`, `created_date`, `last_modified_by`, `last_modified_date`) VALUES (2, 1, 2, 'CATEGORY', 'Category', 'DROPDOWN', b'1', 0, 'USER', '2019-04-24 12:35:35', NULL, NULL);
INSERT INTO `config` (`id`, `organization_id`, `config_type_id`, `name`, `description`, `display_type`, `active`, `version`, `created_by`, `created_date`, `last_modified_by`, `last_modified_date`) VALUES (3, 1, 2, 'SUPPLIER', 'Supplier', 'DROPDOWN', b'1', 0, 'USER', '2019-04-24 12:35:36', NULL, NULL);
INSERT INTO `config` (`id`, `organization_id`, `config_type_id`, `name`, `description`, `display_type`, `active`, `version`, `created_by`, `created_date`, `last_modified_by`, `last_modified_date`) VALUES (4, 1, 2, 'PRODUCT_NAME', 'Product Name', 'DROPDOWN', b'1', 0, 'USER', '2019-04-24 12:35:39', NULL, NULL);
INSERT INTO `config` (`id`, `organization_id`, `config_type_id`, `name`, `description`, `display_type`, `active`, `version`, `created_by`, `created_date`, `last_modified_by`, `last_modified_date`) VALUES (5, 1, 1, 'MINIMUM_FINGERS_REQUIRED', 'Minumum Fingers Required', 'DROPDOWN', b'1', 0, 'USER', '2019-04-24 12:47:48', NULL, NULL);
INSERT INTO `config` (`id`, `organization_id`, `config_type_id`, `name`, `description`, `display_type`, `active`, `version`, `created_by`, `created_date`, `last_modified_by`, `last_modified_date`) VALUES (6, 1, 1, 'FINGER_POSITION', 'Finger Position', 'DROPDOWN', b'1', 0, 'USER', '2019-04-24 12:46:53', NULL, NULL);
INSERT INTO `config` (`id`, `organization_id`, `config_type_id`, `name`, `description`, `display_type`, `active`, `version`, `created_by`, `created_date`, `last_modified_by`, `last_modified_date`) VALUES (7, 1, 1, 'FINGERPRINT_MIN_THRESHOLD', 'Fingerprint Minumum Threshold', 'DROPDOWN', b'1', 0, 'USER', '2019-04-24 12:46:56', NULL, NULL);
INSERT INTO `config` (`id`, `organization_id`, `config_type_id`, `name`, `description`, `display_type`, `active`, `version`, `created_by`, `created_date`, `last_modified_by`, `last_modified_date`) VALUES (8, 1, 1, 'ICAO_COMPLIANCE', 'ICAO Compliance', 'CHECKBOX', b'1', 0, 'USER', '2019-04-24 12:46:59', NULL, NULL);
INSERT INTO `config` (`id`, `organization_id`, `config_type_id`, `name`, `description`, `display_type`, `active`, `version`, `created_by`, `created_date`, `last_modified_by`, `last_modified_date`) VALUES (9, 1, 1, 'CROP_SIZE', 'Crop Size', 'DROPDOWN', b'1', 0, 'USER', '2019-04-24 12:47:02', NULL, NULL);
INSERT INTO `config` (`id`, `organization_id`, `config_type_id`, `name`, `description`, `display_type`, `active`, `version`, `created_by`, `created_date`, `last_modified_by`, `last_modified_date`) VALUES (10, 1, 1, 'IRIS_MODE', 'Iris Mode', 'RADIO', b'1', 0, 'USER', '2019-04-24 12:47:05', NULL, NULL);
INSERT INTO `config` (`id`, `organization_id`, `config_type_id`, `name`, `description`, `display_type`, `active`, `version`, `created_by`, `created_date`, `last_modified_by`, `last_modified_date`) VALUES (11, 1, 1, 'IRIS_MIN_THRESHOLD', 'Iris Minimum Threshold', 'DROPDOWN', b'1', 0, 'USER', '2019-04-24 12:47:08', NULL, NULL);
INSERT INTO `config` (`id`, `organization_id`, `config_type_id`, `name`, `description`, `display_type`, `active`, `version`, `created_by`, `created_date`, `last_modified_by`, `last_modified_date`) VALUES (12, 1, 1, 'APPROVAL_REQUIRED_FOR_ISSUANCE', 'Approval Required For Issuance', 'CHECKBOX', b'1', 0, 'USER', '2019-04-24 12:47:10', NULL, NULL);
INSERT INTO `config` (`id`, `organization_id`, `config_type_id`, `name`, `description`, `display_type`, `active`, `version`, `created_by`, `created_date`, `last_modified_by`, `last_modified_date`) VALUES (13, 1, 1, 'ALLOW_PRINTING_BY_OPERATOR', 'Allow Printing By Operator', 'CHECKBOX', b'1', 0, 'USER', '2019-04-24 13:53:30', NULL, NULL);
INSERT INTO `config` (`id`, `organization_id`, `config_type_id`, `name`, `description`, `display_type`, `active`, `version`, `created_by`, `created_date`, `last_modified_by`, `last_modified_date`) VALUES (14, 1, 1, 'ALLOW_PRINTING_BY_USER', 'Allow Printing By User', 'CHECKBOX', b'1', 0, 'USER', '2019-04-24 12:47:15', NULL, NULL);
INSERT INTO `config` (`id`, `organization_id`, `config_type_id`, `name`, `description`, `display_type`, `active`, `version`, `created_by`, `created_date`, `last_modified_by`, `last_modified_date`) VALUES (15, 1, 1, 'VERIFY_WITH_PIN', 'Verify With PIN', 'CHECKBOX', b'1', 0, 'USER', '2019-04-24 13:51:42', NULL, NULL);
INSERT INTO `config` (`id`, `organization_id`, `config_type_id`, `name`, `description`, `display_type`, `active`, `version`, `created_by`, `created_date`, `last_modified_by`, `last_modified_date`) VALUES (16, 1, 1, 'VERIFY_WITH_MOC_FINGERPRINT', 'Verify With Match-On-Card Fingerprint', 'CHECKBOX', b'1', 0, 'USER', '2019-04-24 13:52:51', NULL, NULL);
INSERT INTO `config` (`id`, `organization_id`, `config_type_id`, `name`, `description`, `display_type`, `active`, `version`, `created_by`, `created_date`, `last_modified_by`, `last_modified_date`) VALUES (17, 1, 1, 'IRIS_POSITION', 'Iris Position', 'DROPDOWN', b'1', 0, 'USER', '2019-04-24 14:56:03', NULL, NULL);
INSERT INTO `config` (`id`, `organization_id`, `config_type_id`, `name`, `description`, `display_type`, `active`, `version`, `created_by`, `created_date`, `last_modified_by`, `last_modified_date`) VALUES (18, 1, 1, 'STAKE_HOLDER', 'Stake Holder', 'DROPDOWN', b'1', 0, 'USER', '2019-05-31 12:19:52', NULL, NULL);
INSERT INTO `config` (`id`, `organization_id`, `config_type_id`, `name`, `description`, `display_type`, `active`, `version`, `created_by`, `created_date`, `last_modified_by`, `last_modified_date`) VALUES (19, 1, 3, 'SUSPEND_DEVICE_REASONS', 'Suspend Device reasons', 'DROPDOWN', b'1', 0, 'USER', '2019-06-11 21:43:40', NULL, NULL);
INSERT INTO `config` (`id`, `organization_id`, `config_type_id`, `name`, `description`, `display_type`, `active`, `version`, `created_by`, `created_date`, `last_modified_by`, `last_modified_date`) VALUES (20, 1, 3, 'REVOKE_DEVICE_REASONS', 'Revoke Device Reasons', 'DROPDOWN', b'1', 0, 'USER', '2019-06-11 21:46:41', NULL, NULL);
INSERT INTO `config` (`id`, `organization_id`, `config_type_id`, `name`, `description`, `display_type`, `active`, `version`, `created_by`, `created_date`, `last_modified_by`, `last_modified_date`) VALUES (21, 1, 1, 'EMAIL_NOTIFICATION_FREQUENCY', 'Email Notification Frequency', 'DROPDOWN', b'1', 0, 'USER', '2020-01-03 12:27:56', NULL, NULL);
INSERT INTO `config` (`id`, `organization_id`, `config_type_id`, `name`, `description`, `display_type`, `active`, `version`, `created_by`, `created_date`, `last_modified_by`, `last_modified_date`) VALUES (22, 1, 1, 'NOTIFY_USER_ABOUT_CERT_EXPIRING_IN_DAYS', 'Certificate Expiring in days', 'DROPDOWN', b'1', 0, 'USER', '2020-01-03 12:57:57', NULL, NULL);
INSERT INTO `config` (`id`, `organization_id`, `config_type_id`, `name`, `description`, `display_type`, `active`, `version`, `created_by`, `created_date`, `last_modified_by`, `last_modified_date`) VALUES (23, 1, 1, 'ONBOARD_ENROLL_USING_EXISTING_IDENTITY', 'Onboard and Enroll Using Existing Identity', 'CHECKBOX', b'1', 0, 'USER', '2020-01-23 18:21:21', NULL, NULL);
INSERT INTO `config` (`id`, `organization_id`, `config_type_id`, `name`, `description`, `display_type`, `active`, `version`, `created_by`, `created_date`, `last_modified_by`, `last_modified_date`) VALUES (24, 1, 1, 'SCAN_QR_CODE', 'Scan QR Code', 'CHECKBOX', b'1', 0, 'USER', '2020-01-23 18:21:21', NULL, NULL);
INSERT INTO `config` (`id`, `organization_id`, `config_type_id`, `name`, `description`, `display_type`, `active`, `version`, `created_by`, `created_date`, `last_modified_by`, `last_modified_date`) VALUES (25, 1, 1, 'TAP_AND_READ_THROUGH_NFC', 'Tap and Read Through NFC', 'CHECKBOX', b'1', 0, 'USER', '2020-01-23 18:21:21', NULL, NULL);
INSERT INTO `config` (`id`, `organization_id`, `config_type_id`, `name`, `description`, `display_type`, `active`, `version`, `created_by`, `created_date`, `last_modified_by`, `last_modified_date`) VALUES (26, 1, 1, 'CAPTURE_FRONT_OF_DOCUMENT', 'Capture Front Of The Document', 'CHECKBOX', b'1', 0, 'USER', '2020-01-23 18:21:21', NULL, NULL);
INSERT INTO `config` (`id`, `organization_id`, `config_type_id`, `name`, `description`, `display_type`, `active`, `version`, `created_by`, `created_date`, `last_modified_by`, `last_modified_date`) VALUES (27, 1, 1, 'CAPTURE_BACK_OF_DOCUMENT', 'Capture Back Of The Document', 'CHECKBOX', b'1', 0, 'USER', '2020-01-23 18:21:21', NULL, NULL);
INSERT INTO `config` (`id`, `organization_id`, `config_type_id`, `name`, `description`, `display_type`, `active`, `version`, `created_by`, `created_date`, `last_modified_by`, `last_modified_date`) VALUES (28, 1, 1, 'FACE_VERIFY_DURING_ONBOARDING_REQUIRED', 'Face Verification During OnBoarding Required', 'CHECKBOX', b'1', 0, 'USER', '2020-01-23 18:21:21', NULL, NULL);
INSERT INTO `config` (`id`, `organization_id`, `config_type_id`, `name`, `description`, `display_type`, `active`, `version`, `created_by`, `created_date`, `last_modified_by`, `last_modified_date`) VALUES (29, 1, 1, 'APPROVAL_OR_ADJUDICATION_REQUIRED', 'Approval/ Adjudication Required', 'CHECKBOX', b'1', 0, 'USER', '2020-01-23 18:21:21', NULL, NULL);
INSERT INTO `config` (`id`, `organization_id`, `config_type_id`, `name`, `description`, `display_type`, `active`, `version`, `created_by`, `created_date`, `last_modified_by`, `last_modified_date`) VALUES (30, 1, 1, 'SAVE_CAPTURED_FACE_FOR_VISUAL_ID', 'Save The Capture Face For Visual IDS', 'CHECKBOX', b'1', 0, 'USER', '2020-01-23 18:21:21', NULL, NULL);
INSERT INTO `config` (`id`, `organization_id`, `config_type_id`, `name`, `description`, `display_type`, `active`, `version`, `created_by`, `created_date`, `last_modified_by`, `last_modified_date`) VALUES (31, 1, 1, 'VERIFY_WITH_PIN_AND_FACE', 'Verify With Pin and Face', 'CHECKBOX', b'1', 0, 'USER', '2019-04-24 13:52:51', NULL, NULL);
INSERT INTO `config` (`id`, `organization_id`, `config_type_id`, `name`, `description`, `display_type`, `active`, `version`, `created_by`, `created_date`, `last_modified_by`, `last_modified_date`) VALUES (32, 1, 1, 'VERIFY_WITH_PIN_AND_FINGERPRINT', 'Verify With Pin and Fingerprint', 'CHECKBOX', b'1', 0, 'USER', '2019-04-24 13:52:51', NULL, NULL);
INSERT INTO `config` (`id`, `organization_id`, `config_type_id`, `name`, `description`, `display_type`, `active`, `version`, `created_by`, `created_date`, `last_modified_by`, `last_modified_date`) VALUES (33, 1, 1, 'BIND_EXPIRATION_WITH_EXISTING_IDENTITY_USER', 'Bind Mobile ID Expiration with the existing identity user onboarded with', 'CHECKBOX', b'1', 0, 'USER', '2019-04-24 13:52:51', NULL, NULL);
INSERT INTO `config` (`id`, `organization_id`, `config_type_id`, `name`, `description`, `display_type`, `active`, `version`, `created_by`, `created_date`, `last_modified_by`, `last_modified_date`) VALUES (34, 1, 1, 'BIOMETRIC_VALIDATION_REQUIRED', 'Biometric Validation', 'CHECKBOX', b'1', 0, 'USER', '2019-06-11 21:46:41', NULL, NULL);
INSERT INTO `config` (`id`, `organization_id`, `config_type_id`, `name`, `description`, `display_type`, `active`, `version`, `created_by`, `created_date`, `last_modified_by`, `last_modified_date`) VALUES (35, 1, 4, 'QR_CODE_EXPIRY_TIME', 'QR Code Expiry Time', 'NUMBER', b'1', 0, 'USER', '2019-06-11 21:46:41', NULL, NULL);
INSERT INTO `config` (`id`, `organization_id`, `config_type_id`, `name`, `description`, `display_type`, `active`, `version`, `created_by`, `created_date`, `last_modified_by`, `last_modified_date`) VALUES (36, 1, 4, 'PAIR_DEVICE_SECRET_KEY_LENGTH', 'Secret Key Length', 'NUMBER', b'1', 0, 'USER', '2019-06-11 21:46:41', NULL, NULL);
INSERT INTO `config` (`id`, `organization_id`, `config_type_id`, `name`, `description`, `display_type`, `active`, `version`, `created_by`, `created_date`, `last_modified_by`, `last_modified_date`) VALUES (37, 1, 4, 'PAIR_DEVICE_URL', 'Pair Device URL', 'TEXTBOX', b'1', 0, 'USER', '2019-06-11 21:46:41', NULL, NULL);
INSERT INTO `config` (`id`, `organization_id`, `config_type_id`, `name`, `description`, `display_type`, `active`, `version`, `created_by`, `created_date`, `last_modified_by`, `last_modified_date`) VALUES (38, 1, 4, 'PAIR_DEVICE_DEMO_VIDEO_VISIBILITY', 'Pair Device Demo Video Visibility', 'BOOLEAN', b'1', 0, 'USER', '2019-06-11 21:46:41', NULL, NULL);
INSERT INTO `config` (`id`, `organization_id`, `config_type_id`, `name`, `description`, `display_type`, `active`, `version`, `created_by`, `created_date`, `last_modified_by`, `last_modified_date`) VALUES (39, 1, 4, 'PAIR_DEVICE_DEMO_VIDEO_URL', 'Pair Device Demo Video URL', 'TEXTBOX', b'1', 0, 'USER', '2019-06-11 21:46:41', NULL, NULL);
INSERT INTO `config` (`id`, `organization_id`, `config_type_id`, `name`, `description`, `display_type`, `active`, `version`, `created_by`, `created_date`, `last_modified_by`, `last_modified_date`) VALUES (40, 1, 1, 'ALGORITHMS', 'Algorithms', 'DROPDOWN', b'1', 0, 'USER', '2019-06-11 21:46:41', NULL, NULL);
INSERT INTO `config` (`id`, `organization_id`, `config_type_id`, `name`, `description`, `display_type`, `active`, `version`, `created_by`, `created_date`, `last_modified_by`, `last_modified_date`) VALUES (41, 1, 1, 'SIGNATURE_ALGORITHMS', 'Signature Algorithms', 'DROPDOWN', b'1', 0, 'USER', '2019-06-11 21:46:41', NULL, NULL);
INSERT INTO `config` (`id`, `organization_id`, `config_type_id`, `name`, `description`, `display_type`, `active`, `version`, `created_by`, `created_date`, `last_modified_by`, `last_modified_date`) VALUES (42, 1, 1, 'HASH_ALGORITHMS', 'Hash Algorithms', 'DROPDOWN', b'1', 0, 'USER', '2019-06-11 21:46:41', NULL, NULL);
INSERT INTO `config` (`id`, `organization_id`, `config_type_id`, `name`, `description`, `display_type`, `active`, `version`, `created_by`, `created_date`, `last_modified_by`, `last_modified_date`) VALUES (43, 1, 1, 'MAC_ALGORITHMS', 'Hash Algorithms', 'DROPDOWN', b'1', 0, 'USER', '2019-06-11 21:46:41', NULL, NULL);
INSERT INTO `config` (`id`, `organization_id`, `config_type_id`, `name`, `description`, `display_type`, `active`, `version`, `created_by`, `created_date`, `last_modified_by`, `last_modified_date`) VALUES (44, 1, 1, 'RSA_ALGORITHM_KEY_LENGTHS', 'RSA Algorithm Key Lengths', 'DROPDOWN', b'1', 0, 'USER', '2019-06-11 21:46:41', NULL, NULL);
INSERT INTO `config` (`id`, `organization_id`, `config_type_id`, `name`, `description`, `display_type`, `active`, `version`, `created_by`, `created_date`, `last_modified_by`, `last_modified_date`) VALUES (45, 1, 1, 'ECDSA_ALGORITHM_KEY_LENGTHS', 'ECC Algorithm Key Lengths', 'DROPDOWN', b'1', 0, 'USER', '2019-06-11 21:46:41', NULL, NULL);
INSERT INTO `config` (`id`, `organization_id`, `config_type_id`, `name`, `description`, `display_type`, `active`, `version`, `created_by`, `created_date`, `last_modified_by`, `last_modified_date`) VALUES (46, 1, 1, 'AES_ALGORITHM_KEY_LENGTHS', 'ECC Algorithm Key Lengths', 'DROPDOWN', b'1', 0, 'USER', '2019-06-11 21:46:41', NULL, NULL);
INSERT INTO `config` (`id`, `organization_id`, `config_type_id`, `name`, `description`, `display_type`, `active`, `version`, `created_by`, `created_date`, `last_modified_by`, `last_modified_date`) VALUES (47, 1, 3, 'REPORT_INCIDENT_REASONS', 'reasons to report an incident fo the device', 'DROPDOWN', b'1', 0, 'USER', '2020-04-22 22:55:56', NULL, NULL);
INSERT INTO `config` (`id`, `organization_id`, `config_type_id`, `name`, `description`, `display_type`, `active`, `version`, `created_by`, `created_date`, `last_modified_by`, `last_modified_date`) VALUES (48, 1, 1, 'ENABLE_CHIP_PERSO', 'Enable chip personalization', 'CHECKBOX', b'1', 0, 'USER', '2020-04-22 22:55:56', NULL, NULL);
INSERT INTO `config` (`id`, `organization_id`, `config_type_id`, `name`, `description`, `display_type`, `active`, `version`, `created_by`, `created_date`, `last_modified_by`, `last_modified_date`) VALUES (49, 1, 1, 'ENABLE_CHIP_PERSO_PLUS_VISUAL_ID_PRINT', 'Enabl chip personalization + visual ID print', 'CHECKBOX', b'1', 0, 'USER', '2020-06-08 12:21:40', NULL, NULL);
INSERT INTO `config` (`id`, `organization_id`, `config_type_id`, `name`, `description`, `display_type`, `active`, `version`, `created_by`, `created_date`, `last_modified_by`, `last_modified_date`) VALUES (50, 1, 1, 'ENABLE_VISUAL_ID_PRINT', 'Enable visual ID print', 'CHECKBOX', b'1', 0, 'USER', '2020-06-08 12:21:40', NULL, NULL);
INSERT INTO `config` (`id`, `organization_id`, `config_type_id`, `name`, `description`, `display_type`, `active`, `version`, `created_by`, `created_date`, `last_modified_by`, `last_modified_date`) VALUES (51, 1, 1, 'SOFT OTP', 'Time Based OTP', 'RADIOBUTTON', b'1', 0, 'USER', '2020-06-08 12:21:40', NULL, NULL);
INSERT INTO `config` (`id`, `organization_id`, `config_type_id`, `name`, `description`, `display_type`, `active`, `version`, `created_by`, `created_date`, `last_modified_by`, `last_modified_date`) VALUES (52, 1, 1, 'TIME BASED OTP', 'Time Based OTP (SOFT OTP)', 'RADIOBUTTON', b'1', 0, 'USER', '2020-06-08 12:21:40', NULL, NULL);
INSERT INTO `config` (`id`, `organization_id`, `config_type_id`, `name`, `description`, `display_type`, `active`, `version`, `created_by`, `created_date`, `last_modified_by`, `last_modified_date`) VALUES (53, 1, 1, 'COUNTER BASED OTP', 'Counter Based OTP (SOFT OTP)', 'RADIOBUTTON', b'1', 0, 'USER', '2020-06-08 12:21:40', NULL, NULL);
INSERT INTO `config` (`id`, `organization_id`, `config_type_id`, `name`, `description`, `display_type`, `active`, `version`, `created_by`, `created_date`, `last_modified_by`, `last_modified_date`) VALUES (54, 1, 1, 'SOFT OTP INTERVAL', 'Soft OTP Interval', 'DROPDOWN', b'1', 0, 'USER', '2020-06-08 12:21:40', NULL, NULL);
INSERT INTO `config` (`id`, `organization_id`, `config_type_id`, `name`, `description`, `display_type`, `active`, `version`, `created_by`, `created_date`, `last_modified_by`, `last_modified_date`) VALUES (55, 1, 1, 'DIGITS OF SOFT OTP', 'Digits of Soft OTP', 'DROPDOWN', b'1', 0, 'USER', '2020-06-08 12:21:40', NULL, NULL);
INSERT INTO `config` (`id`, `organization_id`, `config_type_id`, `name`, `description`, `display_type`, `active`, `version`, `created_by`, `created_date`, `last_modified_by`, `last_modified_date`) VALUES (56, 1, 6, 'APPROVE_REASONS_IF_NO_DUPLICATES', 'Approval reasons if no duplicate biomentrics found', 'DROPDOWN', b'1', 0, 'USER', '2020-10-26 18:13:12', NULL, NULL);
INSERT INTO `config` (`id`, `organization_id`, `config_type_id`, `name`, `description`, `display_type`, `active`, `version`, `created_by`, `created_date`, `last_modified_by`, `last_modified_date`) VALUES (57, 1, 6, 'APPROVE_REASONS_IF_DUPLICATES_FOUND', 'Approval reasons if  duplicate biomentrics found', 'DROPDOWN', b'1', 0, 'USER', '2020-10-26 18:13:12', NULL, NULL);
INSERT INTO `config` (`id`, `organization_id`, `config_type_id`, `name`, `description`, `display_type`, `active`, `version`, `created_by`, `created_date`, `last_modified_by`, `last_modified_date`) VALUES (58, 1, 6, 'REJECT_REASONS', 'Reject reasons', 'DROPDOWN', b'1', 0, 'USER', '2020-10-26 18:25:32', NULL, NULL);

-- Config_Value
INSERT INTO `config_value` (`id`, `config_id`, `value`, `active`, `parent_config_value_id`, `version`, `created_by`, `created_date`, `last_modified_by`, `last_modified_date`) VALUES (1, 1, 'Y', b'1', NULL, 0, 'USER', '2019-04-24 13:57:13', NULL, NULL);
INSERT INTO `config_value` (`id`, `config_id`, `value`, `active`, `parent_config_value_id`, `version`, `created_by`, `created_date`, `last_modified_by`, `last_modified_date`) VALUES (2, 1, 'N', b'1', NULL, 0, 'USER', '2019-04-24 13:57:18', NULL, NULL);
INSERT INTO `config_value` (`id`, `config_id`, `value`, `active`, `parent_config_value_id`, `version`, `created_by`, `created_date`, `last_modified_by`, `last_modified_date`) VALUES (3, 34, 'Y', b'1', NULL, 0, 'USER', '2019-04-24 13:57:13', NULL, NULL);
INSERT INTO `config_value` (`id`, `config_id`, `value`, `active`, `parent_config_value_id`, `version`, `created_by`, `created_date`, `last_modified_by`, `last_modified_date`) VALUES (4, 34, 'N', b'1', NULL, 0, 'USER', '2019-04-24 13:57:18', NULL, NULL);
INSERT INTO `config_value` (`id`, `config_id`, `value`, `active`, `parent_config_value_id`, `version`, `created_by`, `created_date`, `last_modified_by`, `last_modified_date`) VALUES (11, 7, '20', b'1', NULL, 0, 'USER', '2019-03-30 12:24:26', NULL, NULL);
INSERT INTO `config_value` (`id`, `config_id`, `value`, `active`, `parent_config_value_id`, `version`, `created_by`, `created_date`, `last_modified_by`, `last_modified_date`) VALUES (12, 7, '40', b'1', NULL, 0, 'USER', '2019-03-30 12:24:31', NULL, NULL);
INSERT INTO `config_value` (`id`, `config_id`, `value`, `active`, `parent_config_value_id`, `version`, `created_by`, `created_date`, `last_modified_by`, `last_modified_date`) VALUES (13, 7, '60', b'1', NULL, 0, 'USER', '2019-03-30 12:24:35', NULL, NULL);
INSERT INTO `config_value` (`id`, `config_id`, `value`, `active`, `parent_config_value_id`, `version`, `created_by`, `created_date`, `last_modified_by`, `last_modified_date`) VALUES (14, 7, '80', b'1', NULL, 0, 'USER', '2019-03-30 12:24:38', NULL, NULL);
INSERT INTO `config_value` (`id`, `config_id`, `value`, `active`, `parent_config_value_id`, `version`, `created_by`, `created_date`, `last_modified_by`, `last_modified_date`) VALUES (15, 7, '100', b'1', NULL, 0, 'USER', '2019-03-30 12:24:41', NULL, NULL);
INSERT INTO `config_value` (`id`, `config_id`, `value`, `active`, `parent_config_value_id`, `version`, `created_by`, `created_date`, `last_modified_by`, `last_modified_date`) VALUES (16, 5, '1', b'1', NULL, 0, 'USER', '2019-03-07 19:35:46', NULL, NULL);
INSERT INTO `config_value` (`id`, `config_id`, `value`, `active`, `parent_config_value_id`, `version`, `created_by`, `created_date`, `last_modified_by`, `last_modified_date`) VALUES (17, 5, '2', b'1', NULL, 0, 'USER', '2019-03-07 19:43:30', NULL, NULL);
INSERT INTO `config_value` (`id`, `config_id`, `value`, `active`, `parent_config_value_id`, `version`, `created_by`, `created_date`, `last_modified_by`, `last_modified_date`) VALUES (18, 5, '3', b'1', NULL, 0, 'USER', '2019-03-07 19:43:33', NULL, NULL);
INSERT INTO `config_value` (`id`, `config_id`, `value`, `active`, `parent_config_value_id`, `version`, `created_by`, `created_date`, `last_modified_by`, `last_modified_date`) VALUES (19, 5, '4', b'1', NULL, 0, 'USER', '2019-03-07 19:43:36', NULL, NULL);
INSERT INTO `config_value` (`id`, `config_id`, `value`, `active`, `parent_config_value_id`, `version`, `created_by`, `created_date`, `last_modified_by`, `last_modified_date`) VALUES (20, 5, '5', b'1', NULL, 0, 'USER', '2019-03-07 19:43:39', NULL, NULL);
INSERT INTO `config_value` (`id`, `config_id`, `value`, `active`, `parent_config_value_id`, `version`, `created_by`, `created_date`, `last_modified_by`, `last_modified_date`) VALUES (21, 5, '6', b'1', NULL, 0, 'USER', '2019-03-07 19:43:44', NULL, NULL);
INSERT INTO `config_value` (`id`, `config_id`, `value`, `active`, `parent_config_value_id`, `version`, `created_by`, `created_date`, `last_modified_by`, `last_modified_date`) VALUES (22, 5, '7', b'1', NULL, 0, 'USER', '2019-03-07 19:43:47', NULL, NULL);
INSERT INTO `config_value` (`id`, `config_id`, `value`, `active`, `parent_config_value_id`, `version`, `created_by`, `created_date`, `last_modified_by`, `last_modified_date`) VALUES (23, 5, '8', b'1', NULL, 0, 'USER', '2019-03-07 19:43:50', NULL, NULL);
INSERT INTO `config_value` (`id`, `config_id`, `value`, `active`, `parent_config_value_id`, `version`, `created_by`, `created_date`, `last_modified_by`, `last_modified_date`) VALUES (24, 5, '9', b'1', NULL, 0, 'USER', '2019-03-07 19:43:53', NULL, NULL);
INSERT INTO `config_value` (`id`, `config_id`, `value`, `active`, `parent_config_value_id`, `version`, `created_by`, `created_date`, `last_modified_by`, `last_modified_date`) VALUES (25, 5, '10', b'1', NULL, 0, 'USER', '2019-03-07 19:43:56', NULL, NULL);
INSERT INTO `config_value` (`id`, `config_id`, `value`, `active`, `parent_config_value_id`, `version`, `created_by`, `created_date`, `last_modified_by`, `last_modified_date`) VALUES (26, 6, 'LEFT_THUMB', b'1', NULL, 0, 'USER', '2019-04-24 13:58:58', NULL, NULL);
INSERT INTO `config_value` (`id`, `config_id`, `value`, `active`, `parent_config_value_id`, `version`, `created_by`, `created_date`, `last_modified_by`, `last_modified_date`) VALUES (27, 6, 'LEFT_INDEX', b'1', NULL, 0, 'USER', '2019-04-24 13:59:02', NULL, NULL);
INSERT INTO `config_value` (`id`, `config_id`, `value`, `active`, `parent_config_value_id`, `version`, `created_by`, `created_date`, `last_modified_by`, `last_modified_date`) VALUES (28, 6, 'LEFT_MIDDLE', b'1', NULL, 0, 'USER', '2019-04-24 13:59:07', NULL, NULL);
INSERT INTO `config_value` (`id`, `config_id`, `value`, `active`, `parent_config_value_id`, `version`, `created_by`, `created_date`, `last_modified_by`, `last_modified_date`) VALUES (29, 6, 'LEFT_RING', b'1', NULL, 0, 'USER', '2019-04-24 13:59:13', NULL, NULL);
INSERT INTO `config_value` (`id`, `config_id`, `value`, `active`, `parent_config_value_id`, `version`, `created_by`, `created_date`, `last_modified_by`, `last_modified_date`) VALUES (30, 6, 'LEFT_LITTLE', b'1', NULL, 0, 'USER', '2019-04-24 13:59:21', NULL, NULL);
INSERT INTO `config_value` (`id`, `config_id`, `value`, `active`, `parent_config_value_id`, `version`, `created_by`, `created_date`, `last_modified_by`, `last_modified_date`) VALUES (31, 6, 'RIGHT_THUMB', b'1', NULL, 0, 'USER', '2019-04-24 13:59:31', NULL, NULL);
INSERT INTO `config_value` (`id`, `config_id`, `value`, `active`, `parent_config_value_id`, `version`, `created_by`, `created_date`, `last_modified_by`, `last_modified_date`) VALUES (32, 6, 'RIGHT_INDEX', b'1', NULL, 0, 'USER', '2019-04-24 13:59:36', NULL, NULL);
INSERT INTO `config_value` (`id`, `config_id`, `value`, `active`, `parent_config_value_id`, `version`, `created_by`, `created_date`, `last_modified_by`, `last_modified_date`) VALUES (33, 6, 'RIGHT_MIDDLE', b'1', NULL, 0, 'USER', '2019-04-24 13:59:40', NULL, NULL);
INSERT INTO `config_value` (`id`, `config_id`, `value`, `active`, `parent_config_value_id`, `version`, `created_by`, `created_date`, `last_modified_by`, `last_modified_date`) VALUES (34, 6, 'RIGHT_RING', b'1', NULL, 0, 'USER', '2019-04-24 13:59:44', NULL, NULL);
INSERT INTO `config_value` (`id`, `config_id`, `value`, `active`, `parent_config_value_id`, `version`, `created_by`, `created_date`, `last_modified_by`, `last_modified_date`) VALUES (35, 6, 'RIGHT_LITTLE', b'1', NULL, 0, 'USER', '2019-04-24 13:59:49', NULL, NULL);
INSERT INTO `config_value` (`id`, `config_id`, `value`, `active`, `parent_config_value_id`, `version`, `created_by`, `created_date`, `last_modified_by`, `last_modified_date`) VALUES (36, 2, 'Personal Identity Verification (PIV)', b'1', NULL, 0, 'USER', '2018-12-14 14:10:15', NULL, NULL);
INSERT INTO `config_value` (`id`, `config_id`, `value`, `active`, `parent_config_value_id`, `version`, `created_by`, `created_date`, `last_modified_by`, `last_modified_date`) VALUES (37, 2, 'Mobile Identity Verification', b'1', NULL, 0, 'USER', '2018-12-14 14:11:21', NULL, NULL);
INSERT INTO `config_value` (`id`, `config_id`, `value`, `active`, `parent_config_value_id`, `version`, `created_by`, `created_date`, `last_modified_by`, `last_modified_date`) VALUES (38, 3, 'IDEMIA', b'1', 36, 0, 'USER', '2018-12-14 15:34:31', NULL, NULL);
INSERT INTO `config_value` (`id`, `config_id`, `value`, `active`, `parent_config_value_id`, `version`, `created_by`, `created_date`, `last_modified_by`, `last_modified_date`) VALUES (39, 3, 'Giesecke+Devrient', b'1', 36, 0, 'USER', '2018-12-14 14:12:12', NULL, NULL);
INSERT INTO `config_value` (`id`, `config_id`, `value`, `active`, `parent_config_value_id`, `version`, `created_by`, `created_date`, `last_modified_by`, `last_modified_date`) VALUES (5, 4, 'G+D SCE 7.0 with PIV Applet V 1.0', b'1', 39, 0, 'USER', '2018-12-14 14:17:18', NULL, NULL);
INSERT INTO `config_value` (`id`, `config_id`, `value`, `active`, `parent_config_value_id`, `version`, `created_by`, `created_date`, `last_modified_by`, `last_modified_date`) VALUES (40, 3, 'Unifyia', b'1', 36, 0, 'USER', '2018-12-14 14:12:39', NULL, NULL);
INSERT INTO `config_value` (`id`, `config_id`, `value`, `active`, `parent_config_value_id`, `version`, `created_by`, `created_date`, `last_modified_by`, `last_modified_date`) VALUES (41, 3, 'EpicIdentity', b'1', 37, 0, 'USER', '2018-12-14 14:13:29', NULL, NULL);
INSERT INTO `config_value` (`id`, `config_id`, `value`, `active`, `parent_config_value_id`, `version`, `created_by`, `created_date`, `last_modified_by`, `last_modified_date`) VALUES (42, 4, 'ID-One PIV v 2.4.1 on Cosmo V8.1', b'1', 38, 0, 'USER', '2018-12-14 14:17:18', NULL, NULL);
INSERT INTO `config_value` (`id`, `config_id`, `value`, `active`, `parent_config_value_id`, `version`, `created_by`, `created_date`, `last_modified_by`, `last_modified_date`) VALUES (43, 4, 'ID-One PIV v 2.3.4 on Cosmo V7', b'1', 38, 0, 'USER', '2018-12-14 14:17:18', NULL, NULL);
INSERT INTO `config_value` (`id`, `config_id`, `value`, `active`, `parent_config_value_id`, `version`, `created_by`, `created_date`, `last_modified_by`, `last_modified_date`) VALUES (44, 4, 'NXP JCOP 3 with Unifyia PIV Applet v2.0', b'1', 40, 0, 'USER', '2018-12-14 14:17:18', NULL, NULL);
INSERT INTO `config_value` (`id`, `config_id`, `value`, `active`, `parent_config_value_id`, `version`, `created_by`, `created_date`, `last_modified_by`, `last_modified_date`) VALUES (45, 4, 'EpicIdentity Mobile ID', b'1', 41, 0, 'USER', '2018-12-14 14:17:18', NULL, NULL);
INSERT INTO `config_value` (`id`, `config_id`, `value`, `active`, `parent_config_value_id`, `version`, `created_by`, `created_date`, `last_modified_by`, `last_modified_date`) VALUES (46, 8, 'Y', b'1', NULL, 0, 'USER', '2019-04-23 15:18:16', NULL, NULL);
INSERT INTO `config_value` (`id`, `config_id`, `value`, `active`, `parent_config_value_id`, `version`, `created_by`, `created_date`, `last_modified_by`, `last_modified_date`) VALUES (47, 8, 'N', b'1', NULL, 0, 'USER', '2019-04-23 15:18:20', NULL, NULL);
INSERT INTO `config_value` (`id`, `config_id`, `value`, `active`, `parent_config_value_id`, `version`, `created_by`, `created_date`, `last_modified_by`, `last_modified_date`) VALUES (48, 9, '250 X 300', b'1', NULL, 0, 'USER', '2019-03-30 12:55:00', NULL, NULL);
INSERT INTO `config_value` (`id`, `config_id`, `value`, `active`, `parent_config_value_id`, `version`, `created_by`, `created_date`, `last_modified_by`, `last_modified_date`) VALUES (49, 9, '300 X 300', b'1', NULL, 0, 'USER', '2019-03-30 12:59:08', NULL, NULL);
INSERT INTO `config_value` (`id`, `config_id`, `value`, `active`, `parent_config_value_id`, `version`, `created_by`, `created_date`, `last_modified_by`, `last_modified_date`) VALUES (50, 9, '300 X 600', b'1', NULL, 0, 'USER', '2019-03-30 14:27:15', NULL, NULL);
INSERT INTO `config_value` (`id`, `config_id`, `value`, `active`, `parent_config_value_id`, `version`, `created_by`, `created_date`, `last_modified_by`, `last_modified_date`) VALUES (51, 9, '600 X 600', b'1', NULL, 0, 'USER', '2019-03-30 12:59:18', NULL, NULL);
INSERT INTO `config_value` (`id`, `config_id`, `value`, `active`, `parent_config_value_id`, `version`, `created_by`, `created_date`, `last_modified_by`, `last_modified_date`) VALUES (52, 10, 'Single', b'1', NULL, 0, 'USER', '2019-03-30 12:59:18', NULL, NULL);
INSERT INTO `config_value` (`id`, `config_id`, `value`, `active`, `parent_config_value_id`, `version`, `created_by`, `created_date`, `last_modified_by`, `last_modified_date`) VALUES (53, 10, 'Dual', b'1', NULL, 0, 'USER', '2019-03-30 12:59:18', NULL, NULL);
INSERT INTO `config_value` (`id`, `config_id`, `value`, `active`, `parent_config_value_id`, `version`, `created_by`, `created_date`, `last_modified_by`, `last_modified_date`) VALUES (54, 11, '20', b'1', NULL, 0, 'USER', '2019-03-30 12:59:18', NULL, NULL);
INSERT INTO `config_value` (`id`, `config_id`, `value`, `active`, `parent_config_value_id`, `version`, `created_by`, `created_date`, `last_modified_by`, `last_modified_date`) VALUES (55, 11, '40', b'1', NULL, 0, 'USER', '2019-03-30 12:59:18', NULL, NULL);
INSERT INTO `config_value` (`id`, `config_id`, `value`, `active`, `parent_config_value_id`, `version`, `created_by`, `created_date`, `last_modified_by`, `last_modified_date`) VALUES (56, 11, '60', b'1', NULL, 0, 'USER', '2019-03-30 12:59:18', NULL, NULL);
INSERT INTO `config_value` (`id`, `config_id`, `value`, `active`, `parent_config_value_id`, `version`, `created_by`, `created_date`, `last_modified_by`, `last_modified_date`) VALUES (57, 11, '80', b'1', NULL, 0, 'USER', '2019-03-30 12:59:18', NULL, NULL);
INSERT INTO `config_value` (`id`, `config_id`, `value`, `active`, `parent_config_value_id`, `version`, `created_by`, `created_date`, `last_modified_by`, `last_modified_date`) VALUES (58, 11, '100', b'1', NULL, 0, 'USER', '2019-03-30 12:59:18', NULL, NULL);
INSERT INTO `config_value` (`id`, `config_id`, `value`, `active`, `parent_config_value_id`, `version`, `created_by`, `created_date`, `last_modified_by`, `last_modified_date`) VALUES (59, 12, 'Y', b'1', NULL, 0, 'USER', '2019-04-20 14:12:42', NULL, NULL);
INSERT INTO `config_value` (`id`, `config_id`, `value`, `active`, `parent_config_value_id`, `version`, `created_by`, `created_date`, `last_modified_by`, `last_modified_date`) VALUES (60, 12, 'N', b'1', NULL, 0, 'USER', '2019-04-20 14:12:45', NULL, NULL);
INSERT INTO `config_value` (`id`, `config_id`, `value`, `active`, `parent_config_value_id`, `version`, `created_by`, `created_date`, `last_modified_by`, `last_modified_date`) VALUES (61, 13, 'Y', b'1', NULL, 0, 'USER', '2019-04-24 14:02:48', NULL, NULL);
INSERT INTO `config_value` (`id`, `config_id`, `value`, `active`, `parent_config_value_id`, `version`, `created_by`, `created_date`, `last_modified_by`, `last_modified_date`) VALUES (62, 13, 'N', b'1', NULL, 0, 'USER', '2019-04-24 14:02:51', NULL, NULL);
INSERT INTO `config_value` (`id`, `config_id`, `value`, `active`, `parent_config_value_id`, `version`, `created_by`, `created_date`, `last_modified_by`, `last_modified_date`) VALUES (64, 14, 'Y', b'1', NULL, 0, 'USER', '2019-04-24 14:03:22', NULL, NULL);
INSERT INTO `config_value` (`id`, `config_id`, `value`, `active`, `parent_config_value_id`, `version`, `created_by`, `created_date`, `last_modified_by`, `last_modified_date`) VALUES (65, 14, 'N', b'1', NULL, 0, 'USER', '2019-04-24 14:03:24', NULL, NULL);
INSERT INTO `config_value` (`id`, `config_id`, `value`, `active`, `parent_config_value_id`, `version`, `created_by`, `created_date`, `last_modified_by`, `last_modified_date`) VALUES (66, 15, 'Y', b'1', NULL, 0, 'USER', '2019-04-24 14:03:27', NULL, NULL);
INSERT INTO `config_value` (`id`, `config_id`, `value`, `active`, `parent_config_value_id`, `version`, `created_by`, `created_date`, `last_modified_by`, `last_modified_date`) VALUES (67, 15, 'N', b'1', NULL, 0, 'USER', '2019-04-24 14:03:34', NULL, NULL);
INSERT INTO `config_value` (`id`, `config_id`, `value`, `active`, `parent_config_value_id`, `version`, `created_by`, `created_date`, `last_modified_by`, `last_modified_date`) VALUES (68, 16, 'Y', b'1', NULL, 0, 'USER', '2019-04-24 14:04:30', NULL, NULL);
INSERT INTO `config_value` (`id`, `config_id`, `value`, `active`, `parent_config_value_id`, `version`, `created_by`, `created_date`, `last_modified_by`, `last_modified_date`) VALUES (69, 16, 'N', b'1', NULL, 0, 'USER', '2019-04-24 14:04:35', NULL, NULL);
INSERT INTO `config_value` (`id`, `config_id`, `value`, `active`, `parent_config_value_id`, `version`, `created_by`, `created_date`, `last_modified_by`, `last_modified_date`) VALUES (70, 17, 'LEFT_EYE', b'1', NULL, 0, 'USER', '2019-04-24 14:04:35', NULL, NULL);
INSERT INTO `config_value` (`id`, `config_id`, `value`, `active`, `parent_config_value_id`, `version`, `created_by`, `created_date`, `last_modified_by`, `last_modified_date`) VALUES (71, 17, 'RIGHT_EYE', b'1', NULL, 0, 'USER', '2019-04-24 14:04:35', NULL, NULL);
INSERT INTO `config_value` (`id`, `config_id`, `value`, `active`, `parent_config_value_id`, `version`, `created_by`, `created_date`, `last_modified_by`, `last_modified_date`) VALUES (72, 18, 'ORGANIZATION', b'1', NULL, 0, 'USER', '2019-04-24 14:04:35', NULL, NULL);
INSERT INTO `config_value` (`id`, `config_id`, `value`, `active`, `parent_config_value_id`, `version`, `created_by`, `created_date`, `last_modified_by`, `last_modified_date`) VALUES (73, 18, 'USER', b'1', NULL, 0, 'USER', '2019-04-24 14:04:35', NULL, NULL);
INSERT INTO `config_value` (`id`, `config_id`, `value`, `active`, `parent_config_value_id`, `version`, `created_by`, `created_date`, `last_modified_by`, `last_modified_date`) VALUES (74, 18, 'SYSTEM', b'1', NULL, 0, 'USER', '2019-04-24 14:04:35', NULL, NULL);
INSERT INTO `config_value` (`id`, `config_id`, `value`, `active`, `parent_config_value_id`, `version`, `created_by`, `created_date`, `last_modified_by`, `last_modified_date`) VALUES (75, 19, 'On Leave', b'1', NULL, 0, 'USER', '2019-06-11 22:20:42', NULL, NULL);
INSERT INTO `config_value` (`id`, `config_id`, `value`, `active`, `parent_config_value_id`, `version`, `created_by`, `created_date`, `last_modified_by`, `last_modified_date`) VALUES (76, 19, 'Misconduct', b'1', NULL, 0, 'USER', '2019-06-11 22:21:24', NULL, NULL);
INSERT INTO `config_value` (`id`, `config_id`, `value`, `active`, `parent_config_value_id`, `version`, `created_by`, `created_date`, `last_modified_by`, `last_modified_date`) VALUES (77, 19, 'Misplaced device', b'1', NULL, 0, 'USER', '2019-06-11 22:22:01', NULL, NULL);
INSERT INTO `config_value` (`id`, `config_id`, `value`, `active`, `parent_config_value_id`, `version`, `created_by`, `created_date`, `last_modified_by`, `last_modified_date`) VALUES (78, 19, 'Other', b'1', NULL, 0, 'USER', '2019-06-11 22:24:05', NULL, NULL);
INSERT INTO `config_value` (`id`, `config_id`, `value`, `active`, `parent_config_value_id`, `version`, `created_by`, `created_date`, `last_modified_by`, `last_modified_date`) VALUES (79, 20, 'Compromised', b'1', NULL, 0, 'USER', '2019-06-11 22:28:11', NULL, NULL);
INSERT INTO `config_value` (`id`, `config_id`, `value`, `active`, `parent_config_value_id`, `version`, `created_by`, `created_date`, `last_modified_by`, `last_modified_date`) VALUES (80, 20, 'No longer with organization', b'1', NULL, 0, 'USER', '2019-06-12 16:15:05', NULL, NULL);
INSERT INTO `config_value` (`id`, `config_id`, `value`, `active`, `parent_config_value_id`, `version`, `created_by`, `created_date`, `last_modified_by`, `last_modified_date`) VALUES (81, 20, 'Other', b'1', NULL, 0, 'USER', '2019-06-12 16:14:56', NULL, NULL);
INSERT INTO `config_value` (`id`, `config_id`, `value`, `active`, `parent_config_value_id`, `version`, `created_by`, `created_date`, `last_modified_by`, `last_modified_date`) VALUES (86, 21, 'Bi Weekly', b'1', NULL, 0, 'USER', '2020-01-03 12:34:05', NULL, NULL);
INSERT INTO `config_value` (`id`, `config_id`, `value`, `active`, `parent_config_value_id`, `version`, `created_by`, `created_date`, `last_modified_by`, `last_modified_date`) VALUES (87, 21, 'Weekly', b'1', NULL, 0, 'USER', '2020-01-03 12:33:58', NULL, NULL);
INSERT INTO `config_value` (`id`, `config_id`, `value`, `active`, `parent_config_value_id`, `version`, `created_by`, `created_date`, `last_modified_by`, `last_modified_date`) VALUES (88, 21, 'Daily', b'1', NULL, 0, 'USER', '2020-01-03 12:34:25', NULL, NULL);
INSERT INTO `config_value` (`id`, `config_id`, `value`, `active`, `parent_config_value_id`, `version`, `created_by`, `created_date`, `last_modified_by`, `last_modified_date`) VALUES (89, 22, '30', b'1', NULL, 0, 'USER', '2020-01-03 12:59:28', NULL, NULL);
INSERT INTO `config_value` (`id`, `config_id`, `value`, `active`, `parent_config_value_id`, `version`, `created_by`, `created_date`, `last_modified_by`, `last_modified_date`) VALUES (90, 22, '60', b'1', NULL, 0, 'USER', '2020-01-03 12:59:28', NULL, NULL);
INSERT INTO `config_value` (`id`, `config_id`, `value`, `active`, `parent_config_value_id`, `version`, `created_by`, `created_date`, `last_modified_by`, `last_modified_date`) VALUES (91, 22, '90', b'1', NULL, 0, 'USER', '2020-01-03 12:59:28', NULL, NULL);
INSERT INTO `config_value` (`id`, `config_id`, `value`, `active`, `parent_config_value_id`, `version`, `created_by`, `created_date`, `last_modified_by`, `last_modified_date`) VALUES (92, 23, 'Y', b'1', NULL, 0, 'USER', '2020-01-23 18:26:40', NULL, NULL);
INSERT INTO `config_value` (`id`, `config_id`, `value`, `active`, `parent_config_value_id`, `version`, `created_by`, `created_date`, `last_modified_by`, `last_modified_date`) VALUES (93, 23, 'N', b'1', NULL, 0, 'USER', '2020-01-23 18:26:40', NULL, NULL);
INSERT INTO `config_value` (`id`, `config_id`, `value`, `active`, `parent_config_value_id`, `version`, `created_by`, `created_date`, `last_modified_by`, `last_modified_date`) VALUES (94, 24, 'Y', b'1', NULL, 0, 'USER', '2020-01-23 18:26:40', NULL, NULL);
INSERT INTO `config_value` (`id`, `config_id`, `value`, `active`, `parent_config_value_id`, `version`, `created_by`, `created_date`, `last_modified_by`, `last_modified_date`) VALUES (95, 24, 'N', b'1', NULL, 0, 'USER', '2020-01-23 18:26:40', NULL, NULL);
INSERT INTO `config_value` (`id`, `config_id`, `value`, `active`, `parent_config_value_id`, `version`, `created_by`, `created_date`, `last_modified_by`, `last_modified_date`) VALUES (96, 25, 'Y', b'1', NULL, 0, 'USER', '2020-01-23 18:26:40', NULL, NULL);
INSERT INTO `config_value` (`id`, `config_id`, `value`, `active`, `parent_config_value_id`, `version`, `created_by`, `created_date`, `last_modified_by`, `last_modified_date`) VALUES (97, 25, 'N', b'1', NULL, 0, 'USER', '2020-01-23 18:26:40', NULL, NULL);
INSERT INTO `config_value` (`id`, `config_id`, `value`, `active`, `parent_config_value_id`, `version`, `created_by`, `created_date`, `last_modified_by`, `last_modified_date`) VALUES (98, 26, 'Y', b'1', NULL, 0, 'USER', '2020-01-23 18:26:40', NULL, NULL);
INSERT INTO `config_value` (`id`, `config_id`, `value`, `active`, `parent_config_value_id`, `version`, `created_by`, `created_date`, `last_modified_by`, `last_modified_date`) VALUES (99, 26, 'N', b'1', NULL, 0, 'USER', '2020-01-23 18:26:40', NULL, NULL);
INSERT INTO `config_value` (`id`, `config_id`, `value`, `active`, `parent_config_value_id`, `version`, `created_by`, `created_date`, `last_modified_by`, `last_modified_date`) VALUES (100, 27, 'Y', b'1', NULL, 0, 'USER', '2020-01-23 18:26:40', NULL, NULL);
INSERT INTO `config_value` (`id`, `config_id`, `value`, `active`, `parent_config_value_id`, `version`, `created_by`, `created_date`, `last_modified_by`, `last_modified_date`) VALUES (101, 27, 'N', b'1', NULL, 0, 'USER', '2020-01-23 18:26:40', NULL, NULL);
INSERT INTO `config_value` (`id`, `config_id`, `value`, `active`, `parent_config_value_id`, `version`, `created_by`, `created_date`, `last_modified_by`, `last_modified_date`) VALUES (102, 28, 'Y', b'1', NULL, 0, 'USER', '2020-01-23 18:26:40', NULL, NULL);
INSERT INTO `config_value` (`id`, `config_id`, `value`, `active`, `parent_config_value_id`, `version`, `created_by`, `created_date`, `last_modified_by`, `last_modified_date`) VALUES (103, 28, 'N', b'1', NULL, 0, 'USER', '2020-01-23 18:26:40', NULL, NULL);
INSERT INTO `config_value` (`id`, `config_id`, `value`, `active`, `parent_config_value_id`, `version`, `created_by`, `created_date`, `last_modified_by`, `last_modified_date`) VALUES (104, 29, 'Y', b'1', NULL, 0, 'USER', '2020-01-23 18:26:40', NULL, NULL);
INSERT INTO `config_value` (`id`, `config_id`, `value`, `active`, `parent_config_value_id`, `version`, `created_by`, `created_date`, `last_modified_by`, `last_modified_date`) VALUES (105, 29, 'N', b'1', NULL, 0, 'USER', '2020-01-23 18:26:40', NULL, NULL);
INSERT INTO `config_value` (`id`, `config_id`, `value`, `active`, `parent_config_value_id`, `version`, `created_by`, `created_date`, `last_modified_by`, `last_modified_date`) VALUES (106, 30, 'Y', b'1', NULL, 0, 'USER', '2020-01-23 18:26:40', NULL, NULL);
INSERT INTO `config_value` (`id`, `config_id`, `value`, `active`, `parent_config_value_id`, `version`, `created_by`, `created_date`, `last_modified_by`, `last_modified_date`) VALUES (107, 30, 'N', b'1', NULL, 0, 'USER', '2020-01-23 18:26:40', NULL, NULL);
INSERT INTO `config_value` (`id`, `config_id`, `value`, `active`, `parent_config_value_id`, `version`, `created_by`, `created_date`, `last_modified_by`, `last_modified_date`) VALUES (108, 31, 'Y', b'1', NULL, 0, 'USER', '2020-01-23 18:26:40', NULL, NULL);
INSERT INTO `config_value` (`id`, `config_id`, `value`, `active`, `parent_config_value_id`, `version`, `created_by`, `created_date`, `last_modified_by`, `last_modified_date`) VALUES (109, 31, 'N', b'1', NULL, 0, 'USER', '2020-01-23 18:26:40', NULL, NULL);
INSERT INTO `config_value` (`id`, `config_id`, `value`, `active`, `parent_config_value_id`, `version`, `created_by`, `created_date`, `last_modified_by`, `last_modified_date`) VALUES (110, 32, 'Y', b'1', NULL, 0, 'USER', '2020-01-23 18:26:40', NULL, NULL);
INSERT INTO `config_value` (`id`, `config_id`, `value`, `active`, `parent_config_value_id`, `version`, `created_by`, `created_date`, `last_modified_by`, `last_modified_date`) VALUES (111, 32, 'N', b'1', NULL, 0, 'USER', '2020-01-23 18:26:40', NULL, NULL);
INSERT INTO `config_value` (`id`, `config_id`, `value`, `active`, `parent_config_value_id`, `version`, `created_by`, `created_date`, `last_modified_by`, `last_modified_date`) VALUES (112, 33, 'Y', b'1', NULL, 0, 'USER', '2020-01-23 18:26:40', NULL, NULL);
INSERT INTO `config_value` (`id`, `config_id`, `value`, `active`, `parent_config_value_id`, `version`, `created_by`, `created_date`, `last_modified_by`, `last_modified_date`) VALUES (113, 33, 'N', b'1', NULL, 0, 'USER', '2020-01-23 18:26:40', NULL, NULL);
INSERT INTO `config_value` (`id`, `config_id`, `value`, `active`, `parent_config_value_id`, `version`, `created_by`, `created_date`, `last_modified_by`, `last_modified_date`) VALUES (114, 35, '2', b'1', NULL, 0, 'USER', '2020-01-23 18:26:40', NULL, NULL);
INSERT INTO `config_value` (`id`, `config_id`, `value`, `active`, `parent_config_value_id`, `version`, `created_by`, `created_date`, `last_modified_by`, `last_modified_date`) VALUES (115, 35, '3', b'1', NULL, 0, 'USER', '2020-01-23 18:26:40', NULL, NULL);
INSERT INTO `config_value` (`id`, `config_id`, `value`, `active`, `parent_config_value_id`, `version`, `created_by`, `created_date`, `last_modified_by`, `last_modified_date`) VALUES (116, 35, '4', b'1', NULL, 0, 'USER', '2020-01-23 18:26:40', NULL, NULL);
INSERT INTO `config_value` (`id`, `config_id`, `value`, `active`, `parent_config_value_id`, `version`, `created_by`, `created_date`, `last_modified_by`, `last_modified_date`) VALUES (117, 35, '5', b'1', NULL, 0, 'USER', '2020-01-23 18:26:40', NULL, NULL);
INSERT INTO `config_value` (`id`, `config_id`, `value`, `active`, `parent_config_value_id`, `version`, `created_by`, `created_date`, `last_modified_by`, `last_modified_date`) VALUES (118, 36, '6', b'1', NULL, 0, 'USER', '2020-01-23 18:26:40', NULL, NULL);
INSERT INTO `config_value` (`id`, `config_id`, `value`, `active`, `parent_config_value_id`, `version`, `created_by`, `created_date`, `last_modified_by`, `last_modified_date`) VALUES (119, 36, '8', b'1', NULL, 0, 'USER', '2020-01-23 18:26:40', NULL, NULL);
INSERT INTO `config_value` (`id`, `config_id`, `value`, `active`, `parent_config_value_id`, `version`, `created_by`, `created_date`, `last_modified_by`, `last_modified_date`) VALUES (120, 36, '10', b'1', NULL, 0, 'USER', '2020-01-23 18:26:40', NULL, NULL);
INSERT INTO `config_value` (`id`, `config_id`, `value`, `active`, `parent_config_value_id`, `version`, `created_by`, `created_date`, `last_modified_by`, `last_modified_date`) VALUES (121, 36, '16', b'1', NULL, 0, 'USER', '2020-01-23 18:26:40', NULL, NULL);
INSERT INTO `config_value` (`id`, `config_id`, `value`, `active`, `parent_config_value_id`, `version`, `created_by`, `created_date`, `last_modified_by`, `last_modified_date`) VALUES (122, 36, '32', b'1', NULL, 0, 'USER', '2020-01-23 18:26:40', NULL, NULL);
INSERT INTO `config_value` (`id`, `config_id`, `value`, `active`, `parent_config_value_id`, `version`, `created_by`, `created_date`, `last_modified_by`, `last_modified_date`) VALUES (123, 38, 'Y', b'1', NULL, 0, 'USER', '2020-01-23 18:26:40', NULL, NULL);
INSERT INTO `config_value` (`id`, `config_id`, `value`, `active`, `parent_config_value_id`, `version`, `created_by`, `created_date`, `last_modified_by`, `last_modified_date`) VALUES (124, 38, 'N', b'1', NULL, 0, 'USER', '2020-01-23 18:26:40', NULL, NULL);
INSERT INTO `config_value` (`id`, `config_id`, `value`, `active`, `parent_config_value_id`, `version`, `created_by`, `created_date`, `last_modified_by`, `last_modified_date`) VALUES (125, 40, 'RSA', b'1', NULL, 0, 'USER', '2020-01-23 18:26:40', NULL, NULL);
INSERT INTO `config_value` (`id`, `config_id`, `value`, `active`, `parent_config_value_id`, `version`, `created_by`, `created_date`, `last_modified_by`, `last_modified_date`) VALUES (126, 40, 'AES', b'1', NULL, 0, 'USER', '2020-01-23 18:26:40', NULL, NULL);
INSERT INTO `config_value` (`id`, `config_id`, `value`, `active`, `parent_config_value_id`, `version`, `created_by`, `created_date`, `last_modified_by`, `last_modified_date`) VALUES (127, 40, 'DES', b'1', NULL, 0, 'USER', '2020-01-23 18:26:40', NULL, NULL);
INSERT INTO `config_value` (`id`, `config_id`, `value`, `active`, `parent_config_value_id`, `version`, `created_by`, `created_date`, `last_modified_by`, `last_modified_date`) VALUES (128, 40, 'ECDSA', b'1', NULL, 0, 'USER', '2020-01-23 18:26:40', NULL, NULL);
INSERT INTO `config_value` (`id`, `config_id`, `value`, `active`, `parent_config_value_id`, `version`, `created_by`, `created_date`, `last_modified_by`, `last_modified_date`) VALUES (129, 40, 'DSA', b'1', NULL, 0, 'USER', '2020-01-23 18:26:40', NULL, NULL);
INSERT INTO `config_value` (`id`, `config_id`, `value`, `active`, `parent_config_value_id`, `version`, `created_by`, `created_date`, `last_modified_by`, `last_modified_date`) VALUES (130, 40, 'SHA', b'1', NULL, 0, 'USER', '2020-01-23 18:26:40', NULL, NULL);
INSERT INTO `config_value` (`id`, `config_id`, `value`, `active`, `parent_config_value_id`, `version`, `created_by`, `created_date`, `last_modified_by`, `last_modified_date`) VALUES (131, 40, 'HMAC', b'1', NULL, 0, 'USER', '2020-01-23 18:26:40', NULL, NULL);
INSERT INTO `config_value` (`id`, `config_id`, `value`, `active`, `parent_config_value_id`, `version`, `created_by`, `created_date`, `last_modified_by`, `last_modified_date`) VALUES (132, 41, 'SHA256withRSA', b'1', NULL, 0, 'USER', '2020-01-23 18:26:40', NULL, NULL);
INSERT INTO `config_value` (`id`, `config_id`, `value`, `active`, `parent_config_value_id`, `version`, `created_by`, `created_date`, `last_modified_by`, `last_modified_date`) VALUES (133, 41, 'SHA384withRSA', b'1', NULL, 0, 'USER', '2020-01-23 18:26:40', NULL, NULL);
INSERT INTO `config_value` (`id`, `config_id`, `value`, `active`, `parent_config_value_id`, `version`, `created_by`, `created_date`, `last_modified_by`, `last_modified_date`) VALUES (134, 41, 'SHA512withRSA', b'1', NULL, 0, 'USER', '2020-01-23 18:26:40', NULL, NULL);
INSERT INTO `config_value` (`id`, `config_id`, `value`, `active`, `parent_config_value_id`, `version`, `created_by`, `created_date`, `last_modified_by`, `last_modified_date`) VALUES (135, 41, 'SHA256withECDSA', b'1', NULL, 0, 'USER', '2020-01-23 18:26:40', NULL, NULL);
INSERT INTO `config_value` (`id`, `config_id`, `value`, `active`, `parent_config_value_id`, `version`, `created_by`, `created_date`, `last_modified_by`, `last_modified_date`) VALUES (136, 41, 'SHA384withECDSA', b'1', NULL, 0, 'USER', '2020-01-23 18:26:40', NULL, NULL);
INSERT INTO `config_value` (`id`, `config_id`, `value`, `active`, `parent_config_value_id`, `version`, `created_by`, `created_date`, `last_modified_by`, `last_modified_date`) VALUES (137, 41, 'SHA512withECDSA', b'1', NULL, 0, 'USER', '2020-01-23 18:26:40', NULL, NULL);
INSERT INTO `config_value` (`id`, `config_id`, `value`, `active`, `parent_config_value_id`, `version`, `created_by`, `created_date`, `last_modified_by`, `last_modified_date`) VALUES (138, 42, 'SHA-256', b'1', NULL, 0, 'USER', '2020-01-23 18:26:40', NULL, NULL);
INSERT INTO `config_value` (`id`, `config_id`, `value`, `active`, `parent_config_value_id`, `version`, `created_by`, `created_date`, `last_modified_by`, `last_modified_date`) VALUES (139, 42, 'SHA-384', b'1', NULL, 0, 'USER', '2020-01-23 18:26:40', NULL, NULL);
INSERT INTO `config_value` (`id`, `config_id`, `value`, `active`, `parent_config_value_id`, `version`, `created_by`, `created_date`, `last_modified_by`, `last_modified_date`) VALUES (140, 42, 'SHA-512', b'1', NULL, 0, 'USER', '2020-01-23 18:26:40', NULL, NULL);
INSERT INTO `config_value` (`id`, `config_id`, `value`, `active`, `parent_config_value_id`, `version`, `created_by`, `created_date`, `last_modified_by`, `last_modified_date`) VALUES (141, 43, 'HmacSHA256', b'1', NULL, 0, 'USER', '2020-01-23 18:26:40', NULL, NULL);
INSERT INTO `config_value` (`id`, `config_id`, `value`, `active`, `parent_config_value_id`, `version`, `created_by`, `created_date`, `last_modified_by`, `last_modified_date`) VALUES (142, 43, 'HmacSHA384', b'1', NULL, 0, 'USER', '2020-01-23 18:26:40', NULL, NULL);
INSERT INTO `config_value` (`id`, `config_id`, `value`, `active`, `parent_config_value_id`, `version`, `created_by`, `created_date`, `last_modified_by`, `last_modified_date`) VALUES (143, 43, 'HmacSHA512', b'1', NULL, 0, 'USER', '2020-01-23 18:26:40', NULL, NULL);
INSERT INTO `config_value` (`id`, `config_id`, `value`, `active`, `parent_config_value_id`, `version`, `created_by`, `created_date`, `last_modified_by`, `last_modified_date`) VALUES (144, 44, '2048', b'1', NULL, 0, 'USER', '2020-01-23 18:26:40', NULL, NULL);
INSERT INTO `config_value` (`id`, `config_id`, `value`, `active`, `parent_config_value_id`, `version`, `created_by`, `created_date`, `last_modified_by`, `last_modified_date`) VALUES (145, 44, '3072', b'1', NULL, 0, 'USER', '2020-01-23 18:26:40', NULL, NULL);
INSERT INTO `config_value` (`id`, `config_id`, `value`, `active`, `parent_config_value_id`, `version`, `created_by`, `created_date`, `last_modified_by`, `last_modified_date`) VALUES (146, 44, '4096', b'1', NULL, 0, 'USER', '2020-01-23 18:26:40', NULL, NULL);
INSERT INTO `config_value` (`id`, `config_id`, `value`, `active`, `parent_config_value_id`, `version`, `created_by`, `created_date`, `last_modified_by`, `last_modified_date`) VALUES (147, 44, '5120', b'1', NULL, 0, 'USER', '2020-01-23 18:26:40', NULL, NULL);
INSERT INTO `config_value` (`id`, `config_id`, `value`, `active`, `parent_config_value_id`, `version`, `created_by`, `created_date`, `last_modified_by`, `last_modified_date`) VALUES (148, 45, '224', b'1', NULL, 0, 'USER', '2020-01-23 18:26:40', NULL, NULL);
INSERT INTO `config_value` (`id`, `config_id`, `value`, `active`, `parent_config_value_id`, `version`, `created_by`, `created_date`, `last_modified_by`, `last_modified_date`) VALUES (149, 45, '256', b'1', NULL, 0, 'USER', '2020-01-23 18:26:40', NULL, NULL);
INSERT INTO `config_value` (`id`, `config_id`, `value`, `active`, `parent_config_value_id`, `version`, `created_by`, `created_date`, `last_modified_by`, `last_modified_date`) VALUES (150, 45, '384', b'1', NULL, 0, 'USER', '2020-01-23 18:26:40', NULL, NULL);
INSERT INTO `config_value` (`id`, `config_id`, `value`, `active`, `parent_config_value_id`, `version`, `created_by`, `created_date`, `last_modified_by`, `last_modified_date`) VALUES (151, 45, '521', b'1', NULL, 0, 'USER', '2020-01-23 18:26:40', NULL, NULL);
INSERT INTO `config_value` (`id`, `config_id`, `value`, `active`, `parent_config_value_id`, `version`, `created_by`, `created_date`, `last_modified_by`, `last_modified_date`) VALUES (152, 46, '128', b'1', NULL, 0, 'USER', '2020-01-23 18:26:40', NULL, NULL);
INSERT INTO `config_value` (`id`, `config_id`, `value`, `active`, `parent_config_value_id`, `version`, `created_by`, `created_date`, `last_modified_by`, `last_modified_date`) VALUES (153, 46, '192', b'1', NULL, 0, 'USER', '2020-01-23 18:26:40', NULL, NULL);
INSERT INTO `config_value` (`id`, `config_id`, `value`, `active`, `parent_config_value_id`, `version`, `created_by`, `created_date`, `last_modified_by`, `last_modified_date`) VALUES (154, 46, '256', b'1', NULL, 0, 'USER', '2020-01-23 18:26:40', NULL, NULL);
INSERT INTO `config_value` (`id`, `config_id`, `value`, `active`, `parent_config_value_id`, `version`, `created_by`, `created_date`, `last_modified_by`, `last_modified_date`) VALUES (155, 47, 'On Leave', b'1', NULL, 0, 'USER', '2019-06-11 22:20:42', NULL, NULL);
INSERT INTO `config_value` (`id`, `config_id`, `value`, `active`, `parent_config_value_id`, `version`, `created_by`, `created_date`, `last_modified_by`, `last_modified_date`) VALUES (156, 47, 'Misconduct', b'1', NULL, 0, 'USER', '2019-06-11 22:21:24', NULL, NULL);
INSERT INTO `config_value` (`id`, `config_id`, `value`, `active`, `parent_config_value_id`, `version`, `created_by`, `created_date`, `last_modified_by`, `last_modified_date`) VALUES (157, 47, 'Misplaced device', b'1', NULL, 0, 'USER', '2019-06-11 22:22:01', NULL, NULL);
INSERT INTO `config_value` (`id`, `config_id`, `value`, `active`, `parent_config_value_id`, `version`, `created_by`, `created_date`, `last_modified_by`, `last_modified_date`) VALUES (158, 47, 'Other', b'1', NULL, 0, 'USER', '2019-06-11 22:24:05', NULL, NULL);
INSERT INTO `config_value` (`id`, `config_id`, `value`, `active`, `parent_config_value_id`, `version`, `created_by`, `created_date`, `last_modified_by`, `last_modified_date`) VALUES (159, 2, 'Identity', b'1', NULL, 0, 'USER', '2018-12-14 14:11:21', NULL, NULL);
INSERT INTO `config_value` (`id`, `config_id`, `value`, `active`, `parent_config_value_id`, `version`, `created_by`, `created_date`, `last_modified_by`, `last_modified_date`) VALUES (160, 3, 'Yubico', b'1', 36, 0, 'USER', '2018-12-14 15:34:31', NULL, NULL);
INSERT INTO `config_value` (`id`, `config_id`, `value`, `active`, `parent_config_value_id`, `version`, `created_by`, `created_date`, `last_modified_by`, `last_modified_date`) VALUES (161, 3, 'NXP', b'1', 159, 0, 'USER', '2018-12-14 14:13:29', NULL, NULL);
INSERT INTO `config_value` (`id`, `config_id`, `value`, `active`, `parent_config_value_id`, `version`, `created_by`, `created_date`, `last_modified_by`, `last_modified_date`) VALUES (163, 4, 'Mifare Classic 1k', b'1', 161, 0, 'USER', '2020-05-21 11:16:46', NULL, NULL);
INSERT INTO `config_value` (`id`, `config_id`, `value`, `active`, `parent_config_value_id`, `version`, `created_by`, `created_date`, `last_modified_by`, `last_modified_date`) VALUES (164, 4, 'Desfire EV1/EV2', b'1', 161, 0, 'USER', '2020-05-21 11:16:14', NULL, NULL);
INSERT INTO `config_value` (`id`, `config_id`, `value`, `active`, `parent_config_value_id`, `version`, `created_by`, `created_date`, `last_modified_by`, `last_modified_date`) VALUES (165, 4, 'YubiKey 5', b'1', 160, 0, 'USER', '2018-12-14 14:17:18', NULL, NULL);
INSERT INTO `config_value` (`id`, `config_id`, `value`, `active`, `parent_config_value_id`, `version`, `created_by`, `created_date`, `last_modified_by`, `last_modified_date`) VALUES (166, 48, 'Y', b'1', NULL, 0, 'USER', '2019-04-24 13:57:13', NULL, NULL);
INSERT INTO `config_value` (`id`, `config_id`, `value`, `active`, `parent_config_value_id`, `version`, `created_by`, `created_date`, `last_modified_by`, `last_modified_date`) VALUES (167, 48, 'N', b'1', NULL, 0, 'USER', '2019-04-24 13:57:13', NULL, NULL);
INSERT INTO `config_value` (`id`, `config_id`, `value`, `active`, `parent_config_value_id`, `version`, `created_by`, `created_date`, `last_modified_by`, `last_modified_date`) VALUES (168, 49, 'Y', b'1', NULL, 0, 'USER', '2019-04-24 13:57:13', NULL, NULL);
INSERT INTO `config_value` (`id`, `config_id`, `value`, `active`, `parent_config_value_id`, `version`, `created_by`, `created_date`, `last_modified_by`, `last_modified_date`) VALUES (169, 49, 'N', b'1', NULL, 0, 'USER', '2019-04-24 13:57:13', NULL, NULL);
INSERT INTO `config_value` (`id`, `config_id`, `value`, `active`, `parent_config_value_id`, `version`, `created_by`, `created_date`, `last_modified_by`, `last_modified_date`) VALUES (170, 50, 'Y', b'1', NULL, 0, 'USER', '2019-04-24 13:57:13', NULL, NULL);
INSERT INTO `config_value` (`id`, `config_id`, `value`, `active`, `parent_config_value_id`, `version`, `created_by`, `created_date`, `last_modified_by`, `last_modified_date`) VALUES (171, 50, 'N', b'1', NULL, 0, 'USER', '2019-04-24 13:57:13', NULL, NULL);
INSERT INTO `config_value` (`id`, `config_id`, `value`, `active`, `parent_config_value_id`, `version`, `created_by`, `created_date`, `last_modified_by`, `last_modified_date`) VALUES (172, 51, 'Time Based', b'1', NULL, 0, 'USER', '2019-04-24 13:57:13', NULL, NULL);
INSERT INTO `config_value` (`id`, `config_id`, `value`, `active`, `parent_config_value_id`, `version`, `created_by`, `created_date`, `last_modified_by`, `last_modified_date`) VALUES (173, 51, 'Counter Based', b'1', NULL, 0, 'USER', '2019-04-24 13:57:13', NULL, NULL);
INSERT INTO `config_value` (`id`, `config_id`, `value`, `active`, `parent_config_value_id`, `version`, `created_by`, `created_date`, `last_modified_by`, `last_modified_date`) VALUES (174, 54, '15', b'1', NULL, 0, 'USER', '2019-04-24 13:57:13', NULL, NULL);
INSERT INTO `config_value` (`id`, `config_id`, `value`, `active`, `parent_config_value_id`, `version`, `created_by`, `created_date`, `last_modified_by`, `last_modified_date`) VALUES (175, 54, '30', b'1', NULL, 0, 'USER', '2019-04-24 13:57:13', NULL, NULL);
INSERT INTO `config_value` (`id`, `config_id`, `value`, `active`, `parent_config_value_id`, `version`, `created_by`, `created_date`, `last_modified_by`, `last_modified_date`) VALUES (176, 54, '60', b'1', NULL, 0, 'USER', '2019-04-24 13:57:13', NULL, NULL);
INSERT INTO `config_value` (`id`, `config_id`, `value`, `active`, `parent_config_value_id`, `version`, `created_by`, `created_date`, `last_modified_by`, `last_modified_date`) VALUES (177, 55, '6', b'1', NULL, 0, 'USER', '2019-04-24 13:57:13', NULL, NULL);
INSERT INTO `config_value` (`id`, `config_id`, `value`, `active`, `parent_config_value_id`, `version`, `created_by`, `created_date`, `last_modified_by`, `last_modified_date`) VALUES (178, 55, '8', b'1', NULL, 0, 'USER', '2019-04-24 13:57:13', NULL, NULL);
INSERT INTO `config_value` (`id`, `config_id`, `value`, `active`, `parent_config_value_id`, `version`, `created_by`, `created_date`, `last_modified_by`, `last_modified_date`) VALUES (179, 2, 'PVC Identity verification', b'1', NULL, 0, 'USER', '2018-12-14 14:11:21', NULL, NULL);
INSERT INTO `config_value` (`id`, `config_id`, `value`, `active`, `parent_config_value_id`, `version`, `created_by`, `created_date`, `last_modified_by`, `last_modified_date`) VALUES (180, 3, 'EpicIdentity', b'1', 179, 0, 'USER', '2018-12-14 14:13:29', NULL, NULL);
INSERT INTO `config_value` (`id`, `config_id`, `value`, `active`, `parent_config_value_id`, `version`, `created_by`, `created_date`, `last_modified_by`, `last_modified_date`) VALUES (181, 4, 'EpicIdentity PVC ID', b'1', 180, 0, 'USER', '2018-12-14 14:17:18', NULL, NULL);
INSERT INTO `config_value` (`id`, `config_id`, `value`, `active`, `parent_config_value_id`, `version`, `created_by`, `created_date`, `last_modified_by`, `last_modified_date`) VALUES (182, 56, 'Documents are Verified', b'1', NULL, 0, 'USER', '2020-10-26 18:21:59', NULL, NULL);
INSERT INTO `config_value` (`id`, `config_id`, `value`, `active`, `parent_config_value_id`, `version`, `created_by`, `created_date`, `last_modified_by`, `last_modified_date`) VALUES (183, 57, 'Allow Duplicate Records', b'1', NULL, 0, 'USER', '2020-10-26 18:21:59', NULL, NULL);
INSERT INTO `config_value` (`id`, `config_id`, `value`, `active`, `parent_config_value_id`, `version`, `created_by`, `created_date`, `last_modified_by`, `last_modified_date`) VALUES (184, 58, 'Missing Documents', b'1', NULL, 0, 'USER', '2020-10-26 18:21:59', NULL, NULL);
INSERT INTO `config_value` (`id`, `config_id`, `value`, `active`, `parent_config_value_id`, `version`, `created_by`, `created_date`, `last_modified_by`, `last_modified_date`) VALUES (185, 58, 'Incorrect information', b'1', NULL, 0, 'USER', '2020-10-26 18:21:59', NULL, NULL);
INSERT INTO `config_value` (`id`, `config_id`, `value`, `active`, `parent_config_value_id`, `version`, `created_by`, `created_date`, `last_modified_by`, `last_modified_date`) VALUES (186, 58, 'Incorrect Documents', b'1', NULL, 0, 'USER', '2020-10-26 18:21:59', NULL, NULL);
INSERT INTO `config_value` (`id`, `config_id`, `value`, `active`, `parent_config_value_id`, `version`, `created_by`, `created_date`, `last_modified_by`, `last_modified_date`) VALUES (187, 58, 'Facial Mismatch', b'1', NULL, 0, 'USER', '2020-10-26 18:21:59', NULL, NULL);
INSERT INTO `config_value` (`id`, `config_id`, `value`, `active`, `parent_config_value_id`, `version`, `created_by`, `created_date`, `last_modified_by`, `last_modified_date`) VALUES (188, 58, 'Signature Mismatch', b'1', NULL, 0, 'USER', '2020-10-26 18:21:59', NULL, NULL);
