-- Role
INSERT INTO `role` (`id`, `name`, `description`, `version`, `created_by`, `created_date`, `last_modified_by`, `last_modified_date`, `type`, `organization_id`, `workflow_id`) VALUES (1, 'ROLE_ADMIN', 'Admin Desc', 0, 'admin', '2019-02-13 12:22:31', NULL, NULL, 'ROLE', 1, NULL);
INSERT INTO `role` (`id`, `name`, `description`, `version`, `created_by`, `created_date`, `last_modified_by`, `last_modified_date`, `type`, `organization_id`, `workflow_id`) VALUES (2, 'ROLE_OPERATOR', 'Operator Desc', 0, 'admin', '2019-02-13 12:22:34', NULL, NULL, 'ROLE', 1, NULL);
INSERT INTO `role` (`id`, `name`, `description`, `version`, `created_by`, `created_date`, `last_modified_by`, `last_modified_date`, `type`, `organization_id`, `workflow_id`) VALUES (3, 'ROLE_ADJUDICATOR', 'Adjudicator Desc', 0, 'admin', '2019-02-13 12:22:35', NULL, NULL, 'ROLE', 1, NULL);
INSERT INTO `role` (`id`, `name`, `description`, `version`, `created_by`, `created_date`, `last_modified_by`, `last_modified_date`, `type`, `organization_id`, `workflow_id`) VALUES (4, 'ROLE_USER', 'User Desc', 0, 'admin', '2019-02-13 12:22:35', NULL, NULL, 'ROLE', 1, NULL);
INSERT INTO `role` (`id`, `name`, `description`, `version`, `created_by`, `created_date`, `last_modified_by`, `last_modified_date`, `type`, `organization_id`, `workflow_id`) VALUES (5, 'ROLE_MOBILEID_USER', 'MobileID User Desc', 0, 'admin', '2019-02-13 12:22:35', NULL, NULL, 'ROLE', 1, NULL);

-- Permission
INSERT INTO `permission` (`id`, `name`, `display_name`, `description`, `version`, `created_by`, `created_date`, `last_modified_by`, `last_modified_date`) VALUES (1, 'Menu_Dashboard', 'Dashboard', 'Dashboard ', 0, 'admin', '2019-02-11 18:18:13', NULL, NULL);
INSERT INTO `permission` (`id`, `name`, `display_name`, `description`, `version`, `created_by`, `created_date`, `last_modified_by`, `last_modified_date`) VALUES (2, 'Menu_Enrollment', 'Enrollment', 'Enrollment ', 0, 'admin', '2019-02-11 18:18:13', NULL, NULL);
INSERT INTO `permission` (`id`, `name`, `display_name`, `description`, `version`, `created_by`, `created_date`, `last_modified_by`, `last_modified_date`) VALUES (3, 'Menu_Approve_Requests', 'Approve Requests', 'Approve Requests', 0, 'admin', '2019-02-11 18:20:30', NULL, NULL);
INSERT INTO `permission` (`id`, `name`, `display_name`, `description`, `version`, `created_by`, `created_date`, `last_modified_by`, `last_modified_date`) VALUES (4, 'Menu_Issuance', 'Issuance', 'Issuance', 0, 'admin', '2019-02-11 18:27:08', NULL, NULL);
INSERT INTO `permission` (`id`, `name`, `display_name`, `description`, `version`, `created_by`, `created_date`, `last_modified_by`, `last_modified_date`) VALUES (5, 'Menu_Pair_Mobile_Device', 'Pair Mobile Device', 'Pair Mobile Device', 0, 'admin', '2019-02-11 18:27:58', NULL, NULL);
INSERT INTO `permission` (`id`, `name`, `display_name`, `description`, `version`, `created_by`, `created_date`, `last_modified_by`, `last_modified_date`) VALUES (6, 'Menu_Identity_Devices', 'Identity Devices', 'Identity Devices', 0, 'admin', '2019-02-11 18:28:47', NULL, NULL);
INSERT INTO `permission` (`id`, `name`, `display_name`, `description`, `version`, `created_by`, `created_date`, `last_modified_by`, `last_modified_date`) VALUES (7, 'Menu_Users', 'Users', 'Users', 0, 'admin', '2019-02-11 18:29:57', NULL, NULL);
INSERT INTO `permission` (`id`, `name`, `display_name`, `description`, `version`, `created_by`, `created_date`, `last_modified_by`, `last_modified_date`) VALUES (8, 'Menu_Groups', 'Groups', 'Groups', 0, 'admin', '2019-02-11 18:30:22', NULL, NULL);
INSERT INTO `permission` (`id`, `name`, `display_name`, `description`, `version`, `created_by`, `created_date`, `last_modified_by`, `last_modified_date`) VALUES (9, 'Menu_Device_Profile', 'Device Profile', 'Device Profile', 0, 'admin', '2019-02-11 18:31:36', NULL, NULL);
INSERT INTO `permission` (`id`, `name`, `display_name`, `description`, `version`, `created_by`, `created_date`, `last_modified_by`, `last_modified_date`) VALUES (10, 'Menu_Workflows', 'Workflows', 'Workflows', 0, 'admin', '2019-02-11 18:31:36', NULL, NULL);
INSERT INTO `permission` (`id`, `name`, `display_name`, `description`, `version`, `created_by`, `created_date`, `last_modified_by`, `last_modified_date`) VALUES (11, 'Table_Dashboard_Issued_Devices', 'Dashboard Issued Devices', 'Dashboard Issued Devices', 0, 'admin', '2019-02-15 15:33:37', NULL, NULL);
INSERT INTO `permission` (`id`, `name`, `display_name`, `description`, `version`, `created_by`, `created_date`, `last_modified_by`, `last_modified_date`) VALUES (12, 'Table_Dashboard_Pending_Enrollment', 'Dashboard Pending Enrollment', 'Dashboard Pending Enrollment', 0, 'admin', '2019-02-15 15:33:37', NULL, NULL);
INSERT INTO `permission` (`id`, `name`, `display_name`, `description`, `version`, `created_by`, `created_date`, `last_modified_by`, `last_modified_date`) VALUES (13, 'Table_Dashboard_Pending_Issuance', 'Dashboard Pending Issuance', 'Dashboard Pending Issuance', 0, 'admin', '2019-02-15 15:33:37', NULL, NULL);
INSERT INTO `permission` (`id`, `name`, `display_name`, `description`, `version`, `created_by`, `created_date`, `last_modified_by`, `last_modified_date`) VALUES (14, 'Table_Dashboard_Pending_Requests', 'Dashboard Pending Requests', 'Dashboard Pending Requests', 0, 'admin', '2019-02-15 15:33:37', NULL, NULL);
INSERT INTO `permission` (`id`, `name`, `display_name`, `description`, `version`, `created_by`, `created_date`, `last_modified_by`, `last_modified_date`) VALUES (15, 'Table_Dashboard_Stats', 'Dashboard Stats', 'Dashboard Stats', 0, 'admin', '2019-02-15 15:33:37', NULL, NULL);
INSERT INTO `permission` (`id`, `name`, `display_name`, `description`, `version`, `created_by`, `created_date`, `last_modified_by`, `last_modified_date`) VALUES (16, 'Table_Dashboard_Subscriptions', 'Dashboard Subscriptions', 'Dashboard Subscriptions', 0, 'admin', '2019-02-15 15:33:37', NULL, NULL);
INSERT INTO `permission` (`id`, `name`, `display_name`, `description`, `version`, `created_by`, `created_date`, `last_modified_by`, `last_modified_date`) VALUES (17, 'Header_Search_User', 'Header Search User', 'Header Search User', 0, 'admin', '2019-02-15 15:33:37', NULL, NULL);
INSERT INTO `permission` (`id`, `name`, `display_name`, `description`, `version`, `created_by`, `created_date`, `last_modified_by`, `last_modified_date`) VALUES (18, 'Menu_Monitor', 'Monitor', 'Monitor', 0, 'admin', '2019-02-15 15:33:37', NULL, NULL);
INSERT INTO `permission` (`id`, `name`, `display_name`, `description`, `version`, `created_by`, `created_date`, `last_modified_by`, `last_modified_date`) VALUES (19, 'Menu_Search', 'Search', 'Search', 0, 'admin', '2019-02-15 15:33:37', NULL, NULL);
INSERT INTO `permission` (`id`, `name`, `display_name`, `description`, `version`, `created_by`, `created_date`, `last_modified_by`, `last_modified_date`) VALUES (20, 'Table_Search_People', 'People', 'People', 0, 'admin', '2019-02-15 15:33:37', NULL, NULL);
INSERT INTO `permission` (`id`, `name`, `display_name`, `description`, `version`, `created_by`, `created_date`, `last_modified_by`, `last_modified_date`) VALUES (21, 'Table_Search_Vehicle', 'Vehicles', 'Vehicles', 0, 'admin', '2019-02-15 15:33:37', NULL, NULL);
INSERT INTO `permission` (`id`, `name`, `display_name`, `description`, `version`, `created_by`, `created_date`, `last_modified_by`, `last_modified_date`) VALUES (22, 'Menu_Manage', 'Manage', 'Manage', 0, 'admin', '2019-02-15 15:33:37', NULL, NULL);
INSERT INTO `permission` (`id`, `name`, `display_name`, `description`, `version`, `created_by`, `created_date`, `last_modified_by`, `last_modified_date`) VALUES (23, 'Menu_OnboardUsers', 'Onboard', 'Onboard', 0, 'admin', '2019-02-15 15:33:37', NULL, NULL);
INSERT INTO `permission` (`id`, `name`, `display_name`, `description`, `version`, `created_by`, `created_date`, `last_modified_by`, `last_modified_date`) VALUES (24, 'Menu_ExpressEnrollment', 'ExpressEnrollment', 'ExpressEnrollment', 0, 'admin', '2020-01-08 12:51:26', NULL, NULL);
INSERT INTO `permission` (`id`, `name`, `display_name`, `description`, `version`, `created_by`, `created_date`, `last_modified_by`, `last_modified_date`) VALUES (25, 'Menu_Visual_Design', 'Visual Design', 'Visual Design', 0, 'admin', '2020-01-08 12:51:26', NULL, NULL);
INSERT INTO `permission` (`id`, `name`, `display_name`, `description`, `version`, `created_by`, `created_date`, `last_modified_by`, `last_modified_date`) VALUES (26, 'Menu_Vehicle_Registration', 'Vehicle Registration', 'Vehicle Registration', 0, 'admin', '2020-01-08 12:51:26', NULL, NULL);
INSERT INTO `permission` (`id`, `name`, `display_name`, `description`, `version`, `created_by`, `created_date`, `last_modified_by`, `last_modified_date`) VALUES (27, 'Menu_Organization', 'Organization', 'Organization', 0, 'admin', '2020-01-08 12:51:26', NULL, NULL);
INSERT INTO `permission` (`id`, `name`, `display_name`, `description`, `version`, `created_by`, `created_date`, `last_modified_by`, `last_modified_date`) VALUES (28, 'Menu_Branding', 'Branding', 'Branding', 0, 'admin', '2020-01-08 12:51:26', NULL, NULL);
INSERT INTO `permission` (`id`, `name`, `display_name`, `description`, `version`, `created_by`, `created_date`, `last_modified_by`, `last_modified_date`) VALUES (29, 'Menu_Activity', 'Activity', 'Activity', 0, 'admin', '2020-01-08 12:51:26', NULL, NULL);
INSERT INTO `permission` (`id`, `name`, `display_name`, `description`, `version`, `created_by`, `created_date`, `last_modified_by`, `last_modified_date`) VALUES (30, 'Menu_Health', 'Health', 'Health', 0, 'admin', '2020-01-08 12:51:26', NULL, NULL);
INSERT INTO `permission` (`id`, `name`, `display_name`, `description`, `version`, `created_by`, `created_date`, `last_modified_by`, `last_modified_date`) VALUES (31, 'Menu_Reports', 'Reports', 'Reports', 0, 'admin', '2020-01-08 12:51:26', NULL, NULL);
INSERT INTO `permission` (`id`, `name`, `display_name`, `description`, `version`, `created_by`, `created_date`, `last_modified_by`, `last_modified_date`) VALUES (32, 'Menu_Delete_Users', 'Delete Users', 'Delete Users', 0, 'admin', '2020-01-08 12:51:26', NULL, NULL);


-- Role_Permission
INSERT INTO `role_permission` ( `role_id`, `permission_id`, `version`, `created_by`, `created_date`, `last_modified_by`, `last_modified_date`) VALUES ( 1, 1, 0, 'Admin', '2020-06-29 12:39:29', NULL, NULL);
INSERT INTO `role_permission` ( `role_id`, `permission_id`, `version`, `created_by`, `created_date`, `last_modified_by`, `last_modified_date`) VALUES ( 1, 2, 0, 'Admin', '2020-06-29 12:40:01', NULL, NULL);
INSERT INTO `role_permission` ( `role_id`, `permission_id`, `version`, `created_by`, `created_date`, `last_modified_by`, `last_modified_date`) VALUES ( 1, 3, 0, 'Admin', '2020-06-29 12:40:01', NULL, NULL);
INSERT INTO `role_permission` ( `role_id`, `permission_id`, `version`, `created_by`, `created_date`, `last_modified_by`, `last_modified_date`) VALUES ( 1, 4, 0, 'Admin', '2020-06-29 12:40:43', NULL, NULL);
INSERT INTO `role_permission` ( `role_id`, `permission_id`, `version`, `created_by`, `created_date`, `last_modified_by`, `last_modified_date`) VALUES ( 1, 5, 0, 'Admin', '2020-06-29 12:41:20', NULL, NULL);
INSERT INTO `role_permission` ( `role_id`, `permission_id`, `version`, `created_by`, `created_date`, `last_modified_by`, `last_modified_date`) VALUES ( 1, 6, 0, 'Admin', '2020-06-29 12:41:43', NULL, NULL);
INSERT INTO `role_permission` ( `role_id`, `permission_id`, `version`, `created_by`, `created_date`, `last_modified_by`, `last_modified_date`) VALUES ( 1, 7, 0, 'Admin', '2020-06-29 12:41:43', NULL, NULL);
INSERT INTO `role_permission` ( `role_id`, `permission_id`, `version`, `created_by`, `created_date`, `last_modified_by`, `last_modified_date`) VALUES ( 1, 8, 0, 'Admin', '2020-06-29 12:41:43', NULL, NULL);
INSERT INTO `role_permission` ( `role_id`, `permission_id`, `version`, `created_by`, `created_date`, `last_modified_by`, `last_modified_date`) VALUES ( 1, 9, 0, 'Admin', '2020-06-29 12:43:32', NULL, NULL);
INSERT INTO `role_permission` ( `role_id`, `permission_id`, `version`, `created_by`, `created_date`, `last_modified_by`, `last_modified_date`) VALUES ( 1, 10, 0, 'Admin', '2020-06-29 12:44:16', NULL, NULL);
INSERT INTO `role_permission` ( `role_id`, `permission_id`, `version`, `created_by`, `created_date`, `last_modified_by`, `last_modified_date`) VALUES ( 1, 11, 0, 'Admin', '2020-06-29 12:48:37', NULL, NULL);
INSERT INTO `role_permission` ( `role_id`, `permission_id`, `version`, `created_by`, `created_date`, `last_modified_by`, `last_modified_date`) VALUES ( 1, 14, 0, 'Admin', '2020-06-29 12:49:11', NULL, NULL);
INSERT INTO `role_permission` ( `role_id`, `permission_id`, `version`, `created_by`, `created_date`, `last_modified_by`, `last_modified_date`) VALUES ( 1, 15, 0, 'Admin', '2020-06-29 12:57:03', NULL, NULL);
INSERT INTO `role_permission` ( `role_id`, `permission_id`, `version`, `created_by`, `created_date`, `last_modified_by`, `last_modified_date`) VALUES ( 1, 17, 0, 'Admin', '2020-06-29 12:58:21', NULL, NULL);
INSERT INTO `role_permission` ( `role_id`, `permission_id`, `version`, `created_by`, `created_date`, `last_modified_by`, `last_modified_date`) VALUES ( 1, 18, 0, 'Admin', '2020-06-29 12:59:06', NULL, NULL);
INSERT INTO `role_permission` ( `role_id`, `permission_id`, `version`, `created_by`, `created_date`, `last_modified_by`, `last_modified_date`) VALUES ( 1, 19, 0, 'Admin', '2020-06-29 13:15:16', NULL, NULL);
INSERT INTO `role_permission` ( `role_id`, `permission_id`, `version`, `created_by`, `created_date`, `last_modified_by`, `last_modified_date`) VALUES ( 1, 20, 0, 'Admin', '2020-06-29 13:15:16', NULL, NULL);
INSERT INTO `role_permission` ( `role_id`, `permission_id`, `version`, `created_by`, `created_date`, `last_modified_by`, `last_modified_date`) VALUES ( 1, 22, 0, 'Admin', '2020-06-29 13:15:58', NULL, NULL);
INSERT INTO `role_permission` ( `role_id`, `permission_id`, `version`, `created_by`, `created_date`, `last_modified_by`, `last_modified_date`) VALUES ( 1, 23, 0, 'Admin', '2020-06-29 13:16:17', NULL, NULL);
INSERT INTO `role_permission` ( `role_id`, `permission_id`, `version`, `created_by`, `created_date`, `last_modified_by`, `last_modified_date`) VALUES ( 1, 24, 0, 'Admin', '2020-06-29 13:16:37', NULL, NULL);
INSERT INTO `role_permission` ( `role_id`, `permission_id`, `version`, `created_by`, `created_date`, `last_modified_by`, `last_modified_date`) VALUES ( 1, 25, 0, 'Admin', '2020-06-29 13:17:33', NULL, NULL);
INSERT INTO `role_permission` ( `role_id`, `permission_id`, `version`, `created_by`, `created_date`, `last_modified_by`, `last_modified_date`) VALUES ( 1, 27, 0, 'Admin', '2020-06-29 13:17:33', NULL, NULL);
INSERT INTO `role_permission` ( `role_id`, `permission_id`, `version`, `created_by`, `created_date`, `last_modified_by`, `last_modified_date`) VALUES ( 1, 29, 0, 'Admin', '2020-06-29 20:03:36', NULL, NULL);
INSERT INTO `role_permission` ( `role_id`, `permission_id`, `version`, `created_by`, `created_date`, `last_modified_by`, `last_modified_date`) VALUES ( 1, 30, 0, 'Admin', '2020-06-29 20:03:36', NULL, NULL);
INSERT INTO `role_permission` ( `role_id`, `permission_id`, `version`, `created_by`, `created_date`, `last_modified_by`, `last_modified_date`) VALUES ( 1, 31, 0, 'Admin', '2020-06-29 20:03:36', NULL, NULL);
INSERT INTO `role_permission` ( `role_id`, `permission_id`, `version`, `created_by`, `created_date`, `last_modified_by`, `last_modified_date`) VALUES ( 1, 32, 0, 'Admin', '2020-06-29 20:03:36', NULL, NULL);
INSERT INTO `role_permission` ( `role_id`, `permission_id`, `version`, `created_by`, `created_date`, `last_modified_by`, `last_modified_date`) VALUES ( 2, 1, 0, 'Admin', '2020-06-29 13:18:15', NULL, NULL);
INSERT INTO `role_permission` ( `role_id`, `permission_id`, `version`, `created_by`, `created_date`, `last_modified_by`, `last_modified_date`) VALUES ( 2, 2, 0, 'Admin', '2020-06-29 13:18:35', NULL, NULL);
INSERT INTO `role_permission` ( `role_id`, `permission_id`, `version`, `created_by`, `created_date`, `last_modified_by`, `last_modified_date`) VALUES ( 2, 4, 0, 'Admin', '2020-06-29 13:19:40', NULL, NULL);
INSERT INTO `role_permission` ( `role_id`, `permission_id`, `version`, `created_by`, `created_date`, `last_modified_by`, `last_modified_date`) VALUES ( 2, 5, 0, 'Admin', '2020-06-29 13:20:10', NULL, NULL);
INSERT INTO `role_permission` ( `role_id`, `permission_id`, `version`, `created_by`, `created_date`, `last_modified_by`, `last_modified_date`) VALUES ( 2, 6, 0, 'Admin', '2020-06-29 13:20:28', NULL, NULL);
INSERT INTO `role_permission` ( `role_id`, `permission_id`, `version`, `created_by`, `created_date`, `last_modified_by`, `last_modified_date`) VALUES ( 2, 7, 0, 'Admin', '2020-06-29 13:20:28', NULL, NULL);
INSERT INTO `role_permission` ( `role_id`, `permission_id`, `version`, `created_by`, `created_date`, `last_modified_by`, `last_modified_date`) VALUES ( 2, 12, 0, 'Admin', '2020-06-29 13:21:27', NULL, NULL);
INSERT INTO `role_permission` ( `role_id`, `permission_id`, `version`, `created_by`, `created_date`, `last_modified_by`, `last_modified_date`) VALUES ( 2, 13, 0, 'Admin', '2020-06-29 13:21:50', NULL, NULL);
INSERT INTO `role_permission` ( `role_id`, `permission_id`, `version`, `created_by`, `created_date`, `last_modified_by`, `last_modified_date`) VALUES ( 2, 14, 0, 'Admin', '2020-06-29 13:22:13', NULL, NULL);
INSERT INTO `role_permission` ( `role_id`, `permission_id`, `version`, `created_by`, `created_date`, `last_modified_by`, `last_modified_date`) VALUES ( 2, 17, 0, 'Admin', '2020-06-29 13:22:13', NULL, NULL);
INSERT INTO `role_permission` ( `role_id`, `permission_id`, `version`, `created_by`, `created_date`, `last_modified_by`, `last_modified_date`) VALUES ( 2, 18, 0, 'Admin', '2020-06-29 13:22:59', NULL, NULL);
INSERT INTO `role_permission` ( `role_id`, `permission_id`, `version`, `created_by`, `created_date`, `last_modified_by`, `last_modified_date`) VALUES ( 2, 19, 0, 'Admin', '2020-06-29 13:23:35', NULL, NULL);
INSERT INTO `role_permission` ( `role_id`, `permission_id`, `version`, `created_by`, `created_date`, `last_modified_by`, `last_modified_date`) VALUES ( 2, 20, 0, 'Admin', '2020-06-29 13:23:35', NULL, NULL);
INSERT INTO `role_permission` ( `role_id`, `permission_id`, `version`, `created_by`, `created_date`, `last_modified_by`, `last_modified_date`) VALUES ( 2, 22, 0, 'Admin', '2020-06-29 20:03:12', NULL, NULL);
INSERT INTO `role_permission` ( `role_id`, `permission_id`, `version`, `created_by`, `created_date`, `last_modified_by`, `last_modified_date`) VALUES ( 2, 23, 0, 'Admin', '2020-06-29 13:24:08', NULL, NULL);
INSERT INTO `role_permission` ( `role_id`, `permission_id`, `version`, `created_by`, `created_date`, `last_modified_by`, `last_modified_date`) VALUES ( 2, 24, 0, 'Admin', '2020-06-29 13:24:54', NULL, NULL);
INSERT INTO `role_permission` ( `role_id`, `permission_id`, `version`, `created_by`, `created_date`, `last_modified_by`, `last_modified_date`) VALUES ( 2, 31, 0, 'Admin', '2020-06-29 20:03:36', NULL, NULL);
INSERT INTO `role_permission` ( `role_id`, `permission_id`, `version`, `created_by`, `created_date`, `last_modified_by`, `last_modified_date`) VALUES ( 3, 1, 0, 'Admin', '2020-06-29 13:28:45', NULL, NULL);
INSERT INTO `role_permission` ( `role_id`, `permission_id`, `version`, `created_by`, `created_date`, `last_modified_by`, `last_modified_date`) VALUES ( 3, 6, 0, 'Admin', '2020-06-29 13:29:10', NULL, NULL);
INSERT INTO `role_permission` ( `role_id`, `permission_id`, `version`, `created_by`, `created_date`, `last_modified_by`, `last_modified_date`) VALUES ( 3, 11, 0, 'Admin', '2020-06-29 13:29:42', NULL, NULL);
INSERT INTO `role_permission` ( `role_id`, `permission_id`, `version`, `created_by`, `created_date`, `last_modified_by`, `last_modified_date`) VALUES ( 3, 17, 0, 'Admin', '2020-06-29 13:30:05', NULL, NULL);
INSERT INTO `role_permission` ( `role_id`, `permission_id`, `version`, `created_by`, `created_date`, `last_modified_by`, `last_modified_date`) VALUES ( 3, 19, 0, 'Admin', '2020-06-29 13:30:05', NULL, NULL);
INSERT INTO `role_permission` ( `role_id`, `permission_id`, `version`, `created_by`, `created_date`, `last_modified_by`, `last_modified_date`) VALUES ( 3, 20, 0, 'Admin', '2020-06-29 13:23:35', NULL, NULL);
INSERT INTO `role_permission` ( `role_id`, `permission_id`, `version`, `created_by`, `created_date`, `last_modified_by`, `last_modified_date`) VALUES ( 3, 22, 0, 'Admin', '2020-06-29 20:03:36', NULL, NULL);
INSERT INTO `role_permission` ( `role_id`, `permission_id`, `version`, `created_by`, `created_date`, `last_modified_by`, `last_modified_date`) VALUES ( 4, 1, 0, 'Admin', '2020-06-29 13:25:28', NULL, NULL);
INSERT INTO `role_permission` ( `role_id`, `permission_id`, `version`, `created_by`, `created_date`, `last_modified_by`, `last_modified_date`) VALUES ( 4, 2, 0, 'Admin', '2020-06-29 13:25:54', NULL, NULL);
INSERT INTO `role_permission` ( `role_id`, `permission_id`, `version`, `created_by`, `created_date`, `last_modified_by`, `last_modified_date`) VALUES ( 4, 4, 0, 'Admin', '2020-06-29 13:26:15', NULL, NULL);
INSERT INTO `role_permission` ( `role_id`, `permission_id`, `version`, `created_by`, `created_date`, `last_modified_by`, `last_modified_date`) VALUES ( 4, 5, 0, 'Admin', '2020-06-29 13:26:48', NULL, NULL);
INSERT INTO `role_permission` ( `role_id`, `permission_id`, `version`, `created_by`, `created_date`, `last_modified_by`, `last_modified_date`) VALUES ( 4, 6, 0, 'Admin', '2020-06-29 13:27:13', NULL, NULL);
INSERT INTO `role_permission` ( `role_id`, `permission_id`, `version`, `created_by`, `created_date`, `last_modified_by`, `last_modified_date`) VALUES ( 4, 11, 0, 'Admin', '2020-06-29 13:28:12', NULL, NULL);
INSERT INTO `role_permission` ( `role_id`, `permission_id`, `version`, `created_by`, `created_date`, `last_modified_by`, `last_modified_date`) VALUES ( 4, 22, 0, 'Admin', '2020-06-29 20:03:36', NULL, NULL);
