-- identity_type
INSERT INTO `identity_type` (`id`, `name`, `description`, `ref_standard`, `ref_standard_desc`, `notes`, `version`, `created_by`, `created_date`, `last_modified_by`, `last_modified_date`) VALUES (1, 'PIV and PIV 1', 'Standard for PIV and PIV 1', 'NIST Standard', null, null, 0, 'ADMIN', '2019-05-31 12:24:54', NULL, NULL);
INSERT INTO `identity_type` (`id`, `name`, `description`, `ref_standard`, `ref_standard_desc`, `notes`, `version`, `created_by`, `created_date`, `last_modified_by`, `last_modified_date`) VALUES (2, 'Employee ID', 'Standard for Employee ID', 'Standard', null, null, 0, 'ADMIN', '2019-05-31 12:24:54', NULL, NULL);
INSERT INTO `identity_type` (`id`, `name`, `description`, `ref_standard`, `ref_standard_desc`, `notes`, `version`, `created_by`, `created_date`, `last_modified_by`, `last_modified_date`) VALUES (3, 'National ID', 'Standard for National ID', 'Standard', null, null, 0, 'ADMIN', '2019-05-31 12:24:54', NULL, NULL);
INSERT INTO `identity_type` (`id`, `name`, `description`, `ref_standard`, `ref_standard_desc`, `notes`, `version`, `created_by`, `created_date`, `last_modified_by`, `last_modified_date`) VALUES (4, 'Driving License', 'Standard for Driving License', 'Standard', null, null, 0, 'ADMIN', '2019-05-31 12:24:54', NULL, NULL);
INSERT INTO `identity_type` (`id`, `name`, `description`, `ref_standard`, `ref_standard_desc`, `notes`, `version`, `created_by`, `created_date`, `last_modified_by`, `last_modified_date`) VALUES (5, 'Vehicle Identification ID', 'Standard for Vehicle Identification ID', 'Standard', null, null, 0, 'ADMIN', '2019-05-31 12:24:54', NULL, NULL);
INSERT INTO `identity_type` (`id`, `name`, `description`, `ref_standard`, `ref_standard_desc`, `notes`, `version`, `created_by`, `created_date`, `last_modified_by`, `last_modified_date`) VALUES (6, 'Health ID', 'Standard for Health ID', 'Standard', null, null, 0, 'ADMIN', '2019-05-31 12:24:54', NULL, NULL);
INSERT INTO `identity_type` (`id`, `name`, `description`, `ref_standard`, `ref_standard_desc`, `notes`, `version`, `created_by`, `created_date`, `last_modified_by`, `last_modified_date`) VALUES (7, 'Voter ID', 'Standard for Voter ID', 'Standard', null, null, 0, 'ADMIN', '2019-05-31 12:24:54', NULL, NULL);
INSERT INTO `identity_type` (`id`, `name`, `description`, `ref_standard`, `ref_standard_desc`, `notes`, `version`, `created_by`, `created_date`, `last_modified_by`, `last_modified_date`) VALUES (8, 'Student ID', 'Standard for Student ID', 'Standard', null, null, 0, 'ADMIN', '2019-05-31 12:24:54', NULL, NULL);
INSERT INTO `identity_type` (`id`, `name`, `description`, `ref_standard`, `ref_standard_desc`, `notes`, `version`, `created_by`, `created_date`, `last_modified_by`, `last_modified_date`) VALUES (9, 'Birth Certificate', 'Standard for Birth Certificate', 'Standard', null, null, 0, 'ADMIN', '2019-05-31 12:24:54', NULL, NULL);
INSERT INTO `identity_type` (`id`, `name`, `description`, `ref_standard`, `ref_standard_desc`, `notes`, `version`, `created_by`, `created_date`, `last_modified_by`, `last_modified_date`) VALUES (10, 'Marriage Certificate', 'Standard for Marriage Certificate', 'Standard', null, null, 0, 'ADMIN', '2019-05-31 12:24:54', NULL, NULL);
INSERT INTO `identity_type` (`id`, `name`, `description`, `ref_standard`, `ref_standard_desc`, `notes`, `version`, `created_by`, `created_date`, `last_modified_by`, `last_modified_date`) VALUES (11, 'Divorce Certificate', 'Standard for Divorce Certificate', 'Standard', null, null, 0, 'ADMIN', '2019-05-31 12:24:54', NULL, NULL);
INSERT INTO `identity_type` (`id`, `name`, `description`, `ref_standard`, `ref_standard_desc`, `notes`, `version`, `created_by`, `created_date`, `last_modified_by`, `last_modified_date`) VALUES (12, 'Death Certificate', 'Standard for Death Certificate', 'Standard', null, null, 0, 'ADMIN', '2019-05-31 12:24:54', NULL, NULL);
INSERT INTO `identity_type` (`id`, `name`, `description`, `ref_standard`, `ref_standard_desc`, `notes`, `version`, `created_by`, `created_date`, `last_modified_by`, `last_modified_date`) VALUES (13, 'Passport', 'Standard for Passport', 'Standard', null, null, 0, 'ADMIN', '2019-05-31 12:24:54', NULL, NULL);
INSERT INTO `identity_type` (`id`, `name`, `description`, `ref_standard`, `ref_standard_desc`, `notes`, `version`, `created_by`, `created_date`, `last_modified_by`, `last_modified_date`) VALUES (14, 'Health Service ID', 'Health Service ID', 'Health Service ID', null, null, 0, 'ADMIN', '2019-05-31 12:24:54', NULL, NULL);

-- identity_field
INSERT INTO `identity_field` (`id`, `identity_type_id`, `name`, `display_name`, `description`, `type`, `mandatory`, `stake_holder_id`, `version`, `created_by`, `created_date`, `last_modified_by`, `last_modified_date`) VALUES (1, 1, 'Photo', 'Photo', 'Photo', 'IMAGE', 1, 73, 0, 'ADMIN', '2019-05-31 12:26:16', NULL, NULL);
INSERT INTO `identity_field` (`id`, `identity_type_id`, `name`, `display_name`, `description`, `type`, `mandatory`, `stake_holder_id`, `version`, `created_by`, `created_date`, `last_modified_by`, `last_modified_date`) VALUES (2, 1, 'Surname/Family Name', 'Family Name', 'Surname/Family Name', 'TEXTBOX', 1, 73, 0, 'ADMIN', '2019-05-31 12:27:42', NULL, NULL);
INSERT INTO `identity_field` (`id`, `identity_type_id`, `name`, `display_name`, `description`, `type`, `mandatory`, `stake_holder_id`, `version`, `created_by`, `created_date`, `last_modified_by`, `last_modified_date`) VALUES (3, 1, 'Given Name (First & Last Name)', 'Given Name', 'Given Name (First & Last Name)', 'TEXTBOX', 1, 73, 0, 'ADMIN', '2019-05-31 12:27:42', NULL, NULL);
INSERT INTO `identity_field` (`id`, `identity_type_id`, `name`, `display_name`, `description`, `type`, `mandatory`, `stake_holder_id`, `version`, `created_by`, `created_date`, `last_modified_by`, `last_modified_date`) VALUES (4, 1, 'Mother’s Maiden Name', 'Mother’s Maiden Name', 'Mother’s Maiden Name', 'TEXTBOX', 1, 72, 0, 'ADMIN', '2019-05-31 12:27:42', NULL, NULL);
INSERT INTO `identity_field` (`id`, `identity_type_id`, `name`, `display_name`, `description`, `type`, `mandatory`, `stake_holder_id`, `version`, `created_by`, `created_date`, `last_modified_by`, `last_modified_date`) VALUES (5, 1, 'Date of Birth', 'Date of Birth', 'Date of Birth', 'DATE', 1, 73, 0, 'ADMIN', '2019-05-31 12:27:42', NULL, NULL);
INSERT INTO `identity_field` (`id`, `identity_type_id`, `name`, `display_name`, `description`, `type`, `mandatory`, `stake_holder_id`, `version`, `created_by`, `created_date`, `last_modified_by`, `last_modified_date`) VALUES (6, 1, 'Place of Birth', 'Place of Birth', 'Birth Place', 'TEXTBOX', 1, 73, 0, 'ADMIN', '2019-05-31 12:27:42', NULL, NULL);
INSERT INTO `identity_field` (`id`, `identity_type_id`, `name`, `display_name`, `description`, `type`, `mandatory`, `stake_holder_id`, `version`, `created_by`, `created_date`, `last_modified_by`, `last_modified_date`) VALUES (7, 1, 'Gender', 'Gender', 'Gender', 'RADIO', 1, 73, 0, 'ADMIN', '2019-05-31 12:27:42', NULL, NULL);
INSERT INTO `identity_field` (`id`, `identity_type_id`, `name`, `display_name`, `description`, `type`, `mandatory`, `stake_holder_id`, `version`, `created_by`, `created_date`, `last_modified_by`, `last_modified_date`) VALUES (8, 1, 'Blood Type', 'Blood Type', 'Blood Type', 'DROPDOWN', 1, 73, 0, 'ADMIN', '2019-05-31 12:27:42', NULL, NULL);
INSERT INTO `identity_field` (`id`, `identity_type_id`, `name`, `display_name`, `description`, `type`, `mandatory`, `stake_holder_id`, `version`, `created_by`, `created_date`, `last_modified_by`, `last_modified_date`) VALUES (9, 1, 'Date Issued / Date of Issue    ', 'Date of Issue    ', 'Date Issued / Date of Issue    ', 'DATE', 1, 74, 0, 'ADMIN', '2019-05-31 12:27:42', NULL, NULL);
INSERT INTO `identity_field` (`id`, `identity_type_id`, `name`, `display_name`, `description`, `type`, `mandatory`, `stake_holder_id`, `version`, `created_by`, `created_date`, `last_modified_by`, `last_modified_date`) VALUES (10, 1, 'Expiration Date / Date of Expiration', 'Date of Expiration', 'Expiration Date / Date of Expiration', 'DATE', 1, 74, 0, 'ADMIN', '2019-05-31 12:35:07', NULL, NULL);
INSERT INTO `identity_field` (`id`, `identity_type_id`, `name`, `display_name`, `description`, `type`, `mandatory`, `stake_holder_id`, `version`, `created_by`, `created_date`, `last_modified_by`, `last_modified_date`) VALUES (11, 1, 'Rank/Grade/Employee Status', 'Rank', 'Rank/Grade/Employee Status', 'TEXTBOX', 1, 73, 0, 'ADMIN', '2019-05-31 12:37:41', NULL, NULL);
INSERT INTO `identity_field` (`id`, `identity_type_id`, `name`, `display_name`, `description`, `type`, `mandatory`, `stake_holder_id`, `version`, `created_by`, `created_date`, `last_modified_by`, `last_modified_date`) VALUES (12, 1, 'Issuing Authority', 'Issuing Authority', 'Issuing Authority', 'DROPDOWN', 1, 72, 0, 'ADMIN', '2019-05-31 12:37:41', NULL, NULL);
INSERT INTO `identity_field` (`id`, `identity_type_id`, `name`, `display_name`, `description`, `type`, `mandatory`, `stake_holder_id`, `version`, `created_by`, `created_date`, `last_modified_by`, `last_modified_date`) VALUES (13, 1, 'Issuer Identification Number', 'Issuer Identification Number', 'Issuer Identification Number', 'AUTOGENERATED', 1, 72, 0, 'ADMIN', '2019-05-31 12:40:27', NULL, NULL);
INSERT INTO `identity_field` (`id`, `identity_type_id`, `name`, `display_name`, `description`, `type`, `mandatory`, `stake_holder_id`, `version`, `created_by`, `created_date`, `last_modified_by`, `last_modified_date`) VALUES (14, 1, 'Agency Code', 'Agency Code', 'Agency Code', 'TEXTBOX', 1, 72, 0, 'ADMIN', '2019-05-31 12:40:27', NULL, NULL);
INSERT INTO `identity_field` (`id`, `identity_type_id`, `name`, `display_name`, `description`, `type`, `mandatory`, `stake_holder_id`, `version`, `created_by`, `created_date`, `last_modified_by`, `last_modified_date`) VALUES (15, 1, 'Employee Affiliation', 'Employee Affiliation', 'Employee Affiliation', 'TEXTBOX', 1, 73, 0, 'ADMIN', '2019-05-31 12:40:27', NULL, NULL);
INSERT INTO `identity_field` (`id`, `identity_type_id`, `name`, `display_name`, `description`, `type`, `mandatory`, `stake_holder_id`, `version`, `created_by`, `created_date`, `last_modified_by`, `last_modified_date`) VALUES (16, 1, 'Employee Affiliation Color Code', 'Employee Affiliation Color Code', 'Color Coding for Employee Affiliation', 'TEXTBOX', 1, 73, 0, 'ADMIN', '2019-05-31 12:40:27', NULL, NULL);
INSERT INTO `identity_field` (`id`, `identity_type_id`, `name`, `display_name`, `description`, `type`, `mandatory`, `stake_holder_id`, `version`, `created_by`, `created_date`, `last_modified_by`, `last_modified_date`) VALUES (17, 1, 'Agency/Department/Organization', 'Agency', 'Agency/Department/Organization', 'TEXTBOX', 1, 72, 0, 'ADMIN', '2019-05-31 12:40:27', NULL, NULL);
INSERT INTO `identity_field` (`id`, `identity_type_id`, `name`, `display_name`, `description`, `type`, `mandatory`, `stake_holder_id`, `version`, `created_by`, `created_date`, `last_modified_by`, `last_modified_date`) VALUES (18, 1, 'Seal', 'Seal', 'Seal', 'IMAGE', 1, 72, 0, 'ADMIN', '2019-05-31 12:44:04', NULL, NULL);
INSERT INTO `identity_field` (`id`, `identity_type_id`, `name`, `display_name`, `description`, `type`, `mandatory`, `stake_holder_id`, `version`, `created_by`, `created_date`, `last_modified_by`, `last_modified_date`) VALUES (19, 1, 'Organizational Affiliation Abbreviation', 'Organization Abbreviation', 'Organizational Affiliation Abbreviation', 'TEXTBOX', 0, 72, 0, 'ADMIN', '2019-05-31 12:44:04', NULL, NULL);
INSERT INTO `identity_field` (`id`, `identity_type_id`, `name`, `display_name`, `description`, `type`, `mandatory`, `stake_holder_id`, `version`, `created_by`, `created_date`, `last_modified_by`, `last_modified_date`) VALUES (20, 1, 'Header', 'Header', 'Header', 'TEXTBOX', 0, 72, 0, 'ADMIN', '2019-05-31 12:45:46', NULL, NULL);
INSERT INTO `identity_field` (`id`, `identity_type_id`, `name`, `display_name`, `description`, `type`, `mandatory`, `stake_holder_id`, `version`, `created_by`, `created_date`, `last_modified_by`, `last_modified_date`) VALUES (21, 1, 'Emergency Text', 'Emergency Text', 'Emergency Text', 'TEXTBOX', 0, 72, 0, 'ADMIN', '2019-05-31 12:45:46', NULL, NULL);
INSERT INTO `identity_field` (`id`, `identity_type_id`, `name`, `display_name`, `description`, `type`, `mandatory`, `stake_holder_id`, `version`, `created_by`, `created_date`, `last_modified_by`, `last_modified_date`) VALUES (22, 1, 'Return Address', 'Return Address', 'Return Address', 'TEXTBOX', 0, 72, 0, 'ADMIN', '2019-05-31 12:45:46', NULL, NULL);
INSERT INTO `identity_field` (`id`, `identity_type_id`, `name`, `display_name`, `description`, `type`, `mandatory`, `stake_holder_id`, `version`, `created_by`, `created_date`, `last_modified_by`, `last_modified_date`) VALUES (23, 1, 'Standard Text', 'Standard Text', 'Standard Text', 'TEXTBOX', 0, 72, 0, 'ADMIN', '2019-05-31 12:45:46', NULL, NULL);
INSERT INTO `identity_field` (`id`, `identity_type_id`, `name`, `display_name`, `description`, `type`, `mandatory`, `stake_holder_id`, `version`, `created_by`, `created_date`, `last_modified_by`, `last_modified_date`) VALUES (24, 1, 'Signature', 'Signature', 'Signature', 'IMAGE', 1, 73, 0, 'ADMIN', '2019-05-31 12:48:14', NULL, NULL);
INSERT INTO `identity_field` (`id`, `identity_type_id`, `name`, `display_name`, `description`, `type`, `mandatory`, `stake_holder_id`, `version`, `created_by`, `created_date`, `last_modified_by`, `last_modified_date`) VALUES (25, 1, 'Magnetic Stripe', 'Magnetic Stripe', 'Magnetic Stripe', 'AUTOGENERATED', 0, 74, 0, 'ADMIN', '2019-05-31 12:49:53', NULL, NULL);
INSERT INTO `identity_field` (`id`, `identity_type_id`, `name`, `display_name`, `description`, `type`, `mandatory`, `stake_holder_id`, `version`, `created_by`, `created_date`, `last_modified_by`, `last_modified_date`) VALUES (26, 1, 'Agency Card Serial Number', 'Card Serial Number', 'Agency Card Serial Number', 'AUTOGENERATED', 1, 74, 0, 'ADMIN', '2019-05-31 12:50:37', NULL, NULL);
INSERT INTO `identity_field` (`id`, `identity_type_id`, `name`, `display_name`, `description`, `type`, `mandatory`, `stake_holder_id`, `version`, `created_by`, `created_date`, `last_modified_by`, `last_modified_date`) VALUES (27, 1, 'Physical Characteristics of Cardholder ( e.g.,\nheight, eye color, hair color)', 'Physical Characteristics', 'Physical Characteristics of Cardholder ( e.g.,\nheight, eye color, hair color)', 'TEXTBOX', 0, 73, 0, 'ADMIN', '2019-05-31 12:52:41', NULL, NULL);
INSERT INTO `identity_field` (`id`, `identity_type_id`, `name`, `display_name`, `description`, `type`, `mandatory`, `stake_holder_id`, `version`, `created_by`, `created_date`, `last_modified_by`, `last_modified_date`) VALUES (28, 1, 'PIN', 'PIN', 'PIN', 'TEXTBOX', 1, 72, 0, 'ADMIN', '2019-05-31 12:52:41', NULL, NULL);
INSERT INTO `identity_field` (`id`, `identity_type_id`, `name`, `display_name`, `description`, `type`, `mandatory`, `stake_holder_id`, `version`, `created_by`, `created_date`, `last_modified_by`, `last_modified_date`) VALUES (29, 1, 'Card Universally Unique Identifier (Card UUID or GUID)', 'Card Unique Identifier', 'Card Universally Unique Identifier (Card UUID or GUID)', 'AUTOGENERATED', 1, 74, 0, 'ADMIN', '2019-05-31 12:55:37', NULL, NULL);
INSERT INTO `identity_field` (`id`, `identity_type_id`, `name`, `display_name`, `description`, `type`, `mandatory`, `stake_holder_id`, `version`, `created_by`, `created_date`, `last_modified_by`, `last_modified_date`) VALUES (30, 1, 'Card Holder Unique Identifier (CHUID)', 'Card Holder Unique Identifier', 'Card Holder Unique Identifier (CHUID)', 'AUTOGENERATED', 1, 74, 0, 'ADMIN', '2019-05-31 12:54:34', NULL, NULL);
INSERT INTO `identity_field` (`id`, `identity_type_id`, `name`, `display_name`, `description`, `type`, `mandatory`, `stake_holder_id`, `version`, `created_by`, `created_date`, `last_modified_by`, `last_modified_date`) VALUES (31, 1, 'PIV authentication data', 'PIV authentication data', 'PIV authentication data', 'AUTOGENERATED', 1, 74, 0, 'ADMIN', '2019-05-31 12:54:34', NULL, NULL);
INSERT INTO `identity_field` (`id`, `identity_type_id`, `name`, `display_name`, `description`, `type`, `mandatory`, `stake_holder_id`, `version`, `created_by`, `created_date`, `last_modified_by`, `last_modified_date`) VALUES (32, 1, 'Biometric (fingerprints) - Two templates', 'Fingerprints', 'Biometric (fingerprints) - Two templates', 'IMAGE', 1, 74, 0, 'ADMIN', '2019-05-31 12:54:34', NULL, NULL);
INSERT INTO `identity_field` (`id`, `identity_type_id`, `name`, `display_name`, `description`, `type`, `mandatory`, `stake_holder_id`, `version`, `created_by`, `created_date`, `last_modified_by`, `last_modified_date`) VALUES (33, 1, 'Facial Image', 'Facial Image', 'Facial Image', 'IMAGE', 1, 74, 0, 'ADMIN', '2019-05-31 12:54:34', NULL, NULL);
INSERT INTO `identity_field` (`id`, `identity_type_id`, `name`, `display_name`, `description`, `type`, `mandatory`, `stake_holder_id`, `version`, `created_by`, `created_date`, `last_modified_by`, `last_modified_date`) VALUES (34, 1, 'CAK (Card Authorization Key) ', 'Card Authorization Key', 'CAK (Card Authorization Key) ', 'AUTOGENERATED', 1, 74, 0, 'ADMIN', '2019-05-31 13:00:29', NULL, NULL);
INSERT INTO `identity_field` (`id`, `identity_type_id`, `name`, `display_name`, `description`, `type`, `mandatory`, `stake_holder_id`, `version`, `created_by`, `created_date`, `last_modified_by`, `last_modified_date`) VALUES (35, 1, 'Digital Signature Key', 'Digital Signature Key', 'Digital Signature Key', 'AUTOGENERATED', 1, 74, 0, 'ADMIN', '2019-05-31 13:00:29', NULL, NULL);
INSERT INTO `identity_field` (`id`, `identity_type_id`, `name`, `display_name`, `description`, `type`, `mandatory`, `stake_holder_id`, `version`, `created_by`, `created_date`, `last_modified_by`, `last_modified_date`) VALUES (36, 1, 'Key Management Key ', 'Key Management Key ', 'Key Management Key ', 'AUTOGENERATED', 1, 74, 0, 'ADMIN', '2019-05-31 13:00:29', NULL, NULL);
INSERT INTO `identity_field` (`id`, `identity_type_id`, `name`, `display_name`, `description`, `type`, `mandatory`, `stake_holder_id`, `version`, `created_by`, `created_date`, `last_modified_by`, `last_modified_date`) VALUES (37, 1, 'A symmetric PIV Card Application Administration key associated with the card management system', 'Symmetric Key', 'A symmetric PIV Card Application Administration key associated with the card management system', 'AUTOGENERATED', 0, 74, 0, 'ADMIN', '2019-05-31 13:00:29', NULL, NULL);
INSERT INTO `identity_field` (`id`, `identity_type_id`, `name`, `display_name`, `description`, `type`, `mandatory`, `stake_holder_id`, `version`, `created_by`, `created_date`, `last_modified_by`, `last_modified_date`) VALUES (38, 1, 'OCC - one or two fingerprint templates for on-card comparison', 'On Card Comparision', 'OCC - one or two fingerprint templates for on-card comparison', 'IMAGE', 0, 74, 0, 'ADMIN', '2019-05-31 13:00:29', NULL, NULL);
INSERT INTO `identity_field` (`id`, `identity_type_id`, `name`, `display_name`, `description`, `type`, `mandatory`, `stake_holder_id`, `version`, `created_by`, `created_date`, `last_modified_by`, `last_modified_date`) VALUES (39, 1, 'One or two iris images', 'Iris Images', 'One or two iris images', 'IMAGE', 0, 74, 0, 'ADMIN', '2019-05-31 13:00:29', NULL, NULL);
INSERT INTO `identity_field` (`id`, `identity_type_id`, `name`, `display_name`, `description`, `type`, `mandatory`, `stake_holder_id`, `version`, `created_by`, `created_date`, `last_modified_by`, `last_modified_date`) VALUES (40, 1, 'Federal Agency Smart Card Number (FASC-N) ', 'FASC-N', 'Federal Agency Smart Card Number (FASC-N) ', 'AUTOGENERATED', 0, 74, 0, 'ADMIN', '2019-05-31 13:05:22', NULL, NULL);
INSERT INTO `identity_field` (`id`, `identity_type_id`, `name`, `display_name`, `description`, `type`, `mandatory`, `stake_holder_id`, `version`, `created_by`, `created_date`, `last_modified_by`, `last_modified_date`) VALUES (41, 1, 'Digital Signature', 'Digital Signature', 'Digital Signature', 'IMAGE', 0, 74, 0, 'ADMIN', '2019-05-31 13:05:22', NULL, NULL);
INSERT INTO `identity_field` (`id`, `identity_type_id`, `name`, `display_name`, `description`, `type`, `mandatory`, `stake_holder_id`, `version`, `created_by`, `created_date`, `last_modified_by`, `last_modified_date`) VALUES (42, 1, 'Data Universal Numbering System', 'DUNS', 'Data Universal Numbering System', 'TEXTBOX', 0, 72, 0, 'ADMIN', '2019-05-31 13:07:12', NULL, NULL);
INSERT INTO `identity_field` (`id`, `identity_type_id`, `name`, `display_name`, `description`, `type`, `mandatory`, `stake_holder_id`, `version`, `created_by`, `created_date`, `last_modified_by`, `last_modified_date`) VALUES (43, 1, 'Optional information at the discretion of Issuing Agency', 'Optional Information', 'Optional information at the discretion of Issuing Agency', 'TEXTBOX', 0, 72, 0, 'ADMIN', '2019-05-31 13:07:12', NULL, NULL);
INSERT INTO `identity_field` (`id`, `identity_type_id`, `name`, `display_name`, `description`, `type`, `mandatory`, `stake_holder_id`, `version`, `created_by`, `created_date`, `last_modified_by`, `last_modified_date`) VALUES (44, 1, 'Address', 'Address', 'Address', 'TEXTBOX', '0', '73', '0', 'ADMIN', '2019-05-31 13:07:12', NULL, NULL);
INSERT INTO `identity_field` (`id`, `identity_type_id`, `name`, `display_name`, `description`, `type`, `mandatory`, `stake_holder_id`, `version`, `created_by`, `created_date`, `last_modified_by`, `last_modified_date`) VALUES (45, 1, 'Vehicle Classification', 'Vehicle Classification', 'Vehicle Classification', 'TEXTBOX', '0', 72, '0', 'ADMIN', '2019-05-31 13:07:12', NULL, NULL);
INSERT INTO `identity_field` (`id`, `identity_type_id`, `name`, `display_name`, `description`, `type`, `mandatory`, `stake_holder_id`, `version`, `created_by`, `created_date`, `last_modified_by`, `last_modified_date`) VALUES (46, 1, 'Donor', 'Donor', 'Donor', 'TEXTBOX', '0', 72, '0', 'ADMIN', '2019-05-31 13:07:12', NULL, NULL);
INSERT INTO `identity_field` (`id`, `identity_type_id`, `name`, `display_name`, `description`, `type`, `mandatory`, `stake_holder_id`, `version`, `created_by`, `created_date`, `last_modified_by`, `last_modified_date`) VALUES (47, 1, 'Restrictions', 'Restrictions', 'Restrictions', 'TEXTBOX', '0', 72, '0', 'ADMIN', '2019-05-31 13:07:12', NULL, NULL);
INSERT INTO `identity_field` (`id`, `identity_type_id`, `name`, `display_name`, `description`, `type`, `mandatory`, `stake_holder_id`, `version`, `created_by`, `created_date`, `last_modified_by`, `last_modified_date`) VALUES (48, 1, 'Height', 'Height', 'Height', 'TEXTBOX', 1, 73, 0, 'ADMIN', '2019-05-31 12:52:41', NULL, NULL);
INSERT INTO `identity_field` (`id`, `identity_type_id`, `name`, `display_name`, `description`, `type`, `mandatory`, `stake_holder_id`, `version`, `created_by`, `created_date`, `last_modified_by`, `last_modified_date`) VALUES (49, 1, 'Eye Color', 'Eye Color', 'Eye Color', 'TEXTBOX', 1, 73, 0, 'ADMIN', '2019-05-31 12:52:41', NULL, NULL);
INSERT INTO `identity_field` (`id`, `identity_type_id`, `name`, `display_name`, `description`, `type`, `mandatory`, `stake_holder_id`, `version`, `created_by`, `created_date`, `last_modified_by`, `last_modified_date`) VALUES (50, 1, 'Hair Color', 'Hair Color', 'Hair Color', 'TEXTBOX', 1, 73, 0, 'ADMIN', '2019-05-31 12:52:41', NULL, NULL);
INSERT INTO `identity_field` (`id`, `identity_type_id`, `name`, `display_name`, `description`, `type`, `mandatory`, `stake_holder_id`, `version`, `created_by`, `created_date`, `last_modified_by`, `last_modified_date`) VALUES (51, 1, 'Email', 'Email', 'Email', 'TEXTBOX', 1, 73, 0, 'ADMIN', '2019-05-31 12:52:41', NULL, NULL);
INSERT INTO `identity_field` (`id`, `identity_type_id`, `name`, `display_name`, `description`, `type`, `mandatory`, `stake_holder_id`, `version`, `created_by`, `created_date`, `last_modified_by`, `last_modified_date`) VALUES (52, 3, 'Photo', 'Photo', 'Photo', 'IMAGE', 1, 73, 0, 'ADMIN', '2019-05-31 12:26:16', NULL, NULL);
INSERT INTO `identity_field` (`id`, `identity_type_id`, `name`, `display_name`, `description`, `type`, `mandatory`, `stake_holder_id`, `version`, `created_by`, `created_date`, `last_modified_by`, `last_modified_date`) VALUES (53, 3, 'Surname/Family Name', 'Family Name', 'Surname/Family Name', 'TEXTBOX', 1, 73, 0, 'ADMIN', '2019-05-31 12:27:42', NULL, NULL);
INSERT INTO `identity_field` (`id`, `identity_type_id`, `name`, `display_name`, `description`, `type`, `mandatory`, `stake_holder_id`, `version`, `created_by`, `created_date`, `last_modified_by`, `last_modified_date`) VALUES (54, 3, 'Given Name (First & Last Name)', 'Given Name', 'Given Name (First & Last Name)', 'TEXTBOX', 1, 73, 0, 'ADMIN', '2019-05-31 12:27:42', NULL, NULL);
INSERT INTO `identity_field` (`id`, `identity_type_id`, `name`, `display_name`, `description`, `type`, `mandatory`, `stake_holder_id`, `version`, `created_by`, `created_date`, `last_modified_by`, `last_modified_date`) VALUES (55, 3, 'Mother’s Maiden Name', 'Mother’s Maiden Name', 'Mother’s Maiden Name', 'TEXTBOX', 1, 73, 0, 'ADMIN', '2019-05-31 12:27:42', NULL, NULL);
INSERT INTO `identity_field` (`id`, `identity_type_id`, `name`, `display_name`, `description`, `type`, `mandatory`, `stake_holder_id`, `version`, `created_by`, `created_date`, `last_modified_by`, `last_modified_date`) VALUES (56, 3, 'Date of Birth', 'Date of Birth', 'Date of Birth', 'DATE', 1, 73, 0, 'ADMIN', '2019-05-31 12:27:42', NULL, NULL);
INSERT INTO `identity_field` (`id`, `identity_type_id`, `name`, `display_name`, `description`, `type`, `mandatory`, `stake_holder_id`, `version`, `created_by`, `created_date`, `last_modified_by`, `last_modified_date`) VALUES (57, 3, 'Place of Birth', 'Place of Birth', 'Birth Place', 'TEXTBOX', 1, 73, 0, 'ADMIN', '2019-05-31 12:27:42', NULL, NULL);
INSERT INTO `identity_field` (`id`, `identity_type_id`, `name`, `display_name`, `description`, `type`, `mandatory`, `stake_holder_id`, `version`, `created_by`, `created_date`, `last_modified_by`, `last_modified_date`) VALUES (58, 3, 'Gender', 'Gender', 'Gender', 'RADIO', 1, 73, 0, 'ADMIN', '2019-05-31 12:27:42', NULL, NULL);
INSERT INTO `identity_field` (`id`, `identity_type_id`, `name`, `display_name`, `description`, `type`, `mandatory`, `stake_holder_id`, `version`, `created_by`, `created_date`, `last_modified_by`, `last_modified_date`) VALUES (59, 3, 'Blood Type', 'Blood Type', 'Blood Type', 'DROPDOWN', 1, 73, 0, 'ADMIN', '2019-05-31 12:27:42', NULL, NULL);
INSERT INTO `identity_field` (`id`, `identity_type_id`, `name`, `display_name`, `description`, `type`, `mandatory`, `stake_holder_id`, `version`, `created_by`, `created_date`, `last_modified_by`, `last_modified_date`) VALUES (60, 3, 'Signature', 'Signature', 'Signature', 'IMAGE', 1, 73, 0, 'ADMIN', '2019-05-31 12:48:14', NULL, NULL);
INSERT INTO `identity_field` (`id`, `identity_type_id`, `name`, `display_name`, `description`, `type`, `mandatory`, `stake_holder_id`, `version`, `created_by`, `created_date`, `last_modified_by`, `last_modified_date`) VALUES (61, 3, 'Physical Characteristics of Cardholder ( e.g.,\nheight, eye color, hair color)', 'Physical Characteristics', 'Physical Characteristics of Cardholder ( e.g.,\nheight, eye color, hair color)', 'TEXTBOX', 0, 73, 0, 'ADMIN', '2019-05-31 12:52:41', NULL, NULL);
INSERT INTO `identity_field` (`id`, `identity_type_id`, `name`, `display_name`, `description`, `type`, `mandatory`, `stake_holder_id`, `version`, `created_by`, `created_date`, `last_modified_by`, `last_modified_date`) VALUES (62, 3, 'Address', 'Address', 'Address', 'TEXTBOX', 1, 73, 0, 'ADMIN', '2019-05-31 13:07:12', NULL, NULL);
INSERT INTO `identity_field` (`id`, `identity_type_id`, `name`, `display_name`, `description`, `type`, `mandatory`, `stake_holder_id`, `version`, `created_by`, `created_date`, `last_modified_by`, `last_modified_date`) VALUES (66, 3, 'Height', 'Height', 'Height', 'TEXTBOX', 1, 73, 0, 'ADMIN', '2019-05-31 12:52:41', NULL, NULL);
INSERT INTO `identity_field` (`id`, `identity_type_id`, `name`, `display_name`, `description`, `type`, `mandatory`, `stake_holder_id`, `version`, `created_by`, `created_date`, `last_modified_by`, `last_modified_date`) VALUES (67, 3, 'Eye Color', 'Eye Color', 'Eye Color', 'TEXTBOX', 1, 73, 0, 'ADMIN', '2019-05-31 12:52:41', NULL, NULL);
INSERT INTO `identity_field` (`id`, `identity_type_id`, `name`, `display_name`, `description`, `type`, `mandatory`, `stake_holder_id`, `version`, `created_by`, `created_date`, `last_modified_by`, `last_modified_date`) VALUES (68, 3, 'Hair Color', 'Hair Color', 'Hair Color', 'TEXTBOX', 1, 73, 0, 'ADMIN', '2019-05-31 12:52:41', NULL, NULL);
INSERT INTO `identity_field` (`id`, `identity_type_id`, `name`, `display_name`, `description`, `type`, `mandatory`, `stake_holder_id`, `version`, `created_by`, `created_date`, `last_modified_by`, `last_modified_date`) VALUES (69, 3, 'Email', 'Email', 'Email', 'TEXTBOX', 1, 73, 0, 'ADMIN', '2019-05-31 12:52:41', NULL, NULL);
INSERT INTO `identity_field` (`id`, `identity_type_id`, `name`, `display_name`, `description`, `type`, `mandatory`, `stake_holder_id`, `version`, `created_by`, `created_date`, `last_modified_by`, `last_modified_date`) VALUES (70, 4, 'Photo', 'Photo', 'Photo', 'IMAGE', 1, 73, 0, 'ADMIN', '2019-05-31 12:26:16', NULL, NULL);
INSERT INTO `identity_field` (`id`, `identity_type_id`, `name`, `display_name`, `description`, `type`, `mandatory`, `stake_holder_id`, `version`, `created_by`, `created_date`, `last_modified_by`, `last_modified_date`) VALUES (71, 4, 'Surname/Family Name', 'Family Name', 'Surname/Family Name', 'TEXTBOX', 1, 73, 0, 'ADMIN', '2019-05-31 12:27:42', NULL, NULL);
INSERT INTO `identity_field` (`id`, `identity_type_id`, `name`, `display_name`, `description`, `type`, `mandatory`, `stake_holder_id`, `version`, `created_by`, `created_date`, `last_modified_by`, `last_modified_date`) VALUES (72, 4, 'Given Name (First & Last Name)', 'Given Name', 'Given Name (First & Last Name)', 'TEXTBOX', 1, 73, 0, 'ADMIN', '2019-05-31 12:27:42', NULL, NULL);
INSERT INTO `identity_field` (`id`, `identity_type_id`, `name`, `display_name`, `description`, `type`, `mandatory`, `stake_holder_id`, `version`, `created_by`, `created_date`, `last_modified_by`, `last_modified_date`) VALUES (73, 4, 'Mother’s Maiden Name', 'Mother’s Maiden Name', 'Mother’s Maiden Name', 'TEXTBOX', 1, 73, 0, 'ADMIN', '2019-05-31 12:27:42', NULL, NULL);
INSERT INTO `identity_field` (`id`, `identity_type_id`, `name`, `display_name`, `description`, `type`, `mandatory`, `stake_holder_id`, `version`, `created_by`, `created_date`, `last_modified_by`, `last_modified_date`) VALUES (74, 4, 'Date of Birth', 'Date of Birth', 'Date of Birth', 'DATE', 1, 73, 0, 'ADMIN', '2019-05-31 12:27:42', NULL, NULL);
INSERT INTO `identity_field` (`id`, `identity_type_id`, `name`, `display_name`, `description`, `type`, `mandatory`, `stake_holder_id`, `version`, `created_by`, `created_date`, `last_modified_by`, `last_modified_date`) VALUES (75, 4, 'Place of Birth', 'Place of Birth', 'Birth Place', 'TEXTBOX', 1, 73, 0, 'ADMIN', '2019-05-31 12:27:42', NULL, NULL);
INSERT INTO `identity_field` (`id`, `identity_type_id`, `name`, `display_name`, `description`, `type`, `mandatory`, `stake_holder_id`, `version`, `created_by`, `created_date`, `last_modified_by`, `last_modified_date`) VALUES (76, 4, 'Gender', 'Gender', 'Gender', 'RADIO', 1, 73, 0, 'ADMIN', '2019-05-31 12:27:42', NULL, NULL);
INSERT INTO `identity_field` (`id`, `identity_type_id`, `name`, `display_name`, `description`, `type`, `mandatory`, `stake_holder_id`, `version`, `created_by`, `created_date`, `last_modified_by`, `last_modified_date`) VALUES (77, 4, 'Blood Type', 'Blood Type', 'Blood Type', 'DROPDOWN', 1, 73, 0, 'ADMIN', '2019-05-31 12:27:42', NULL, NULL);
INSERT INTO `identity_field` (`id`, `identity_type_id`, `name`, `display_name`, `description`, `type`, `mandatory`, `stake_holder_id`, `version`, `created_by`, `created_date`, `last_modified_by`, `last_modified_date`) VALUES (78, 4, 'Signature', 'Signature', 'Signature', 'IMAGE', 1, 73, 0, 'ADMIN', '2019-05-31 12:48:14', NULL, NULL);
INSERT INTO `identity_field` (`id`, `identity_type_id`, `name`, `display_name`, `description`, `type`, `mandatory`, `stake_holder_id`, `version`, `created_by`, `created_date`, `last_modified_by`, `last_modified_date`) VALUES (79, 4, 'Physical Characteristics of Cardholder ( e.g.,\nheight, eye color, hair color)', 'Physical Characteristics', 'Physical Characteristics of Cardholder ( e.g.,\nheight, eye color, hair color)', 'TEXTBOX', 0, 73, 0, 'ADMIN', '2019-05-31 12:52:41', NULL, NULL);
INSERT INTO `identity_field` (`id`, `identity_type_id`, `name`, `display_name`, `description`, `type`, `mandatory`, `stake_holder_id`, `version`, `created_by`, `created_date`, `last_modified_by`, `last_modified_date`) VALUES (80, 4, 'Address', 'Address', 'Address', 'TEXTBOX', 1, 73, 0, 'ADMIN', '2019-05-31 13:07:12', NULL, NULL);
INSERT INTO `identity_field` (`id`, `identity_type_id`, `name`, `display_name`, `description`, `type`, `mandatory`, `stake_holder_id`, `version`, `created_by`, `created_date`, `last_modified_by`, `last_modified_date`) VALUES (81, 4, 'Vehicle Classification', 'Vehicle Classification', 'Vehicle Classification', 'TEXTBOX', 1, 73, 0, 'ADMIN', '2019-05-31 13:07:12', NULL, NULL);
INSERT INTO `identity_field` (`id`, `identity_type_id`, `name`, `display_name`, `description`, `type`, `mandatory`, `stake_holder_id`, `version`, `created_by`, `created_date`, `last_modified_by`, `last_modified_date`) VALUES (82, 4, 'Donor', 'Donor', 'Donor', 'TEXTBOX', 1, 73, 0, 'ADMIN', '2019-05-31 13:07:12', NULL, NULL);
INSERT INTO `identity_field` (`id`, `identity_type_id`, `name`, `display_name`, `description`, `type`, `mandatory`, `stake_holder_id`, `version`, `created_by`, `created_date`, `last_modified_by`, `last_modified_date`) VALUES (83, 4, 'Restrictions', 'Restrictions', 'Restrictions', 'TEXTBOX', 1, 73, 0, 'ADMIN', '2019-05-31 13:07:12', NULL, NULL);
INSERT INTO `identity_field` (`id`, `identity_type_id`, `name`, `display_name`, `description`, `type`, `mandatory`, `stake_holder_id`, `version`, `created_by`, `created_date`, `last_modified_by`, `last_modified_date`) VALUES (84, 4, 'Height', 'Height', 'Height', 'TEXTBOX', 1, 73, 0, 'ADMIN', '2019-05-31 12:52:41', NULL, NULL);
INSERT INTO `identity_field` (`id`, `identity_type_id`, `name`, `display_name`, `description`, `type`, `mandatory`, `stake_holder_id`, `version`, `created_by`, `created_date`, `last_modified_by`, `last_modified_date`) VALUES (85, 4, 'Eye Color', 'Eye Color', 'Eye Color', 'TEXTBOX', 1, 73, 0, 'ADMIN', '2019-05-31 12:52:41', NULL, NULL);
INSERT INTO `identity_field` (`id`, `identity_type_id`, `name`, `display_name`, `description`, `type`, `mandatory`, `stake_holder_id`, `version`, `created_by`, `created_date`, `last_modified_by`, `last_modified_date`) VALUES (86, 4, 'Hair Color', 'Hair Color', 'Hair Color', 'TEXTBOX', 1, 73, 0, 'ADMIN', '2019-05-31 12:52:41', NULL, NULL);
INSERT INTO `identity_field` (`id`, `identity_type_id`, `name`, `display_name`, `description`, `type`, `mandatory`, `stake_holder_id`, `version`, `created_by`, `created_date`, `last_modified_by`, `last_modified_date`) VALUES (87, 4, 'Email', 'Email', 'Email', 'TEXTBOX', 1, 73, 0, 'ADMIN', '2019-05-31 12:52:41', NULL, NULL);
INSERT INTO `identity_field` (`id`, `identity_type_id`, `name`, `display_name`, `description`, `type`, `mandatory`, `stake_holder_id`, `version`, `created_by`, `created_date`, `last_modified_by`, `last_modified_date`) VALUES (88, 6, 'Photo', 'Photo', 'Photo', 'IMAGE', 1, 73, 0, 'ADMIN', '2019-05-31 12:26:16', NULL, NULL);
INSERT INTO `identity_field` (`id`, `identity_type_id`, `name`, `display_name`, `description`, `type`, `mandatory`, `stake_holder_id`, `version`, `created_by`, `created_date`, `last_modified_by`, `last_modified_date`) VALUES (89, 6, 'Surname/Family Name', 'Family Name', 'Surname/Family Name', 'TEXTBOX', 1, 73, 0, 'ADMIN', '2019-05-31 12:27:42', NULL, NULL);
INSERT INTO `identity_field` (`id`, `identity_type_id`, `name`, `display_name`, `description`, `type`, `mandatory`, `stake_holder_id`, `version`, `created_by`, `created_date`, `last_modified_by`, `last_modified_date`) VALUES (90, 6, 'Given Name (First & Last Name)', 'Given Name', 'Given Name (First & Last Name)', 'TEXTBOX', 1, 73, 0, 'ADMIN', '2019-05-31 12:27:42', NULL, NULL);
INSERT INTO `identity_field` (`id`, `identity_type_id`, `name`, `display_name`, `description`, `type`, `mandatory`, `stake_holder_id`, `version`, `created_by`, `created_date`, `last_modified_by`, `last_modified_date`) VALUES (91, 6, 'Date of Birth', 'Date of Birth', 'Date of Birth', 'DATE', 1, 73, 0, 'ADMIN', '2019-05-31 12:27:42', NULL, NULL);
INSERT INTO `identity_field` (`id`, `identity_type_id`, `name`, `display_name`, `description`, `type`, `mandatory`, `stake_holder_id`, `version`, `created_by`, `created_date`, `last_modified_by`, `last_modified_date`) VALUES (92, 6, 'Gender', 'Gender', 'Gender', 'RADIO', 1, 73, 0, 'ADMIN', '2019-05-31 12:27:42', NULL, NULL);
INSERT INTO `identity_field` (`id`, `identity_type_id`, `name`, `display_name`, `description`, `type`, `mandatory`, `stake_holder_id`, `version`, `created_by`, `created_date`, `last_modified_by`, `last_modified_date`) VALUES (93, 6, 'Signature', 'Signature', 'Signature', 'IMAGE', 1, 73, 0, 'ADMIN', '2019-05-31 12:48:14', NULL, NULL);
INSERT INTO `identity_field` (`id`, `identity_type_id`, `name`, `display_name`, `description`, `type`, `mandatory`, `stake_holder_id`, `version`, `created_by`, `created_date`, `last_modified_by`, `last_modified_date`) VALUES (94, 6, 'Primary Subscriber', 'Primary Subscriber', 'Primary Subscriber', 'TEXTBOX', 1, 73, 0, 'ADMIN', '2019-05-31 12:52:41', NULL, NULL);
INSERT INTO `identity_field` (`id`, `identity_type_id`, `name`, `display_name`, `description`, `type`, `mandatory`, `stake_holder_id`, `version`, `created_by`, `created_date`, `last_modified_by`, `last_modified_date`) VALUES (95, 6, 'Subscriber ID', 'Subscriber ID', 'Subscriber ID', 'TEXTBOX', 1, 73, 0, 'ADMIN', '2019-05-31 12:27:42', NULL, NULL);
INSERT INTO `identity_field` (`id`, `identity_type_id`, `name`, `display_name`, `description`, `type`, `mandatory`, `stake_holder_id`, `version`, `created_by`, `created_date`, `last_modified_by`, `last_modified_date`) VALUES (96, 6, 'Primary Doctor', 'Primary Doctor', 'Primary Doctor', 'TEXTBOX', 1, 73, 0, 'ADMIN', '2019-05-31 12:27:42', NULL, NULL);
INSERT INTO `identity_field` (`id`, `identity_type_id`, `name`, `display_name`, `description`, `type`, `mandatory`, `stake_holder_id`, `version`, `created_by`, `created_date`, `last_modified_by`, `last_modified_date`) VALUES (97, 6, 'Primary Doctor Phone', 'Primary Doctor Phone', 'Primary Doctor Phone', 'TEXTBOX', 1, 73, 0, 'ADMIN', '2019-05-31 12:48:14', NULL, NULL);
INSERT INTO `identity_field` (`id`, `identity_type_id`, `name`, `display_name`, `description`, `type`, `mandatory`, `stake_holder_id`, `version`, `created_by`, `created_date`, `last_modified_by`, `last_modified_date`) VALUES (98, 6, 'Email', 'Email', 'Email', 'TEXTBOX', 1, 73, 0, 'ADMIN', '2019-05-31 12:52:41', NULL, NULL);
INSERT INTO `identity_field` (`id`, `identity_type_id`, `name`, `display_name`, `description`, `type`, `mandatory`, `stake_holder_id`, `version`, `created_by`, `created_date`, `last_modified_by`, `last_modified_date`) VALUES (99, 6, 'Vaccine', 'Vaccine', 'Vaccine', 'TEXTBOX', 0, 72, 0, 'ADMIN', '2019-05-31 12:27:42', NULL, NULL);
INSERT INTO `identity_field` (`id`, `identity_type_id`, `name`, `display_name`, `description`, `type`, `mandatory`, `stake_holder_id`, `version`, `created_by`, `created_date`, `last_modified_by`, `last_modified_date`) VALUES (100, 6, 'Route', 'Route', 'Route', 'TEXTBOX', 0, 72, 0, 'ADMIN', '2019-05-31 12:27:42', NULL, NULL);
INSERT INTO `identity_field` (`id`, `identity_type_id`, `name`, `display_name`, `description`, `type`, `mandatory`, `stake_holder_id`, `version`, `created_by`, `created_date`, `last_modified_by`, `last_modified_date`) VALUES (101, 6, 'Site', 'Site', 'Site', 'TEXTBOX', 0, 72, 0, 'ADMIN', '2019-05-31 12:48:14', NULL, NULL);
INSERT INTO `identity_field` (`id`, `identity_type_id`, `name`, `display_name`, `description`, `type`, `mandatory`, `stake_holder_id`, `version`, `created_by`, `created_date`, `last_modified_by`, `last_modified_date`) VALUES (102, 6, 'Date', 'Date', 'Date', 'DATE', 0, 72, 0, 'ADMIN', '2019-05-31 12:52:41', NULL, NULL);
INSERT INTO `identity_field` (`id`, `identity_type_id`, `name`, `display_name`, `description`, `type`, `mandatory`, `stake_holder_id`, `version`, `created_by`, `created_date`, `last_modified_by`, `last_modified_date`) VALUES (103, 6, 'Administered By', 'Administered By', 'Administered By', 'TEXTBOX', 0, 72, 0, 'ADMIN', '2019-05-31 12:52:41', NULL, NULL);
INSERT INTO `identity_field` (`id`, `identity_type_id`, `name`, `display_name`, `description`, `type`, `mandatory`, `stake_holder_id`, `version`, `created_by`, `created_date`, `last_modified_by`, `last_modified_date`) VALUES (111, 8, 'Photo', 'Photo', 'Photo', 'IMAGE', 1, 73, 0, 'ADMIN', '2019-05-31 12:26:16', NULL, NULL);
INSERT INTO `identity_field` (`id`, `identity_type_id`, `name`, `display_name`, `description`, `type`, `mandatory`, `stake_holder_id`, `version`, `created_by`, `created_date`, `last_modified_by`, `last_modified_date`) VALUES (112, 8, 'Surname/Family Name', 'Family Name', 'Surname/Family Name', 'TEXTBOX', 1, 73, 0, 'ADMIN', '2019-05-31 12:27:42', NULL, NULL);
INSERT INTO `identity_field` (`id`, `identity_type_id`, `name`, `display_name`, `description`, `type`, `mandatory`, `stake_holder_id`, `version`, `created_by`, `created_date`, `last_modified_by`, `last_modified_date`) VALUES (113, 8, 'Given Name (First & Last Name)', 'Given Name', 'Given Name (First & Last Name)', 'TEXTBOX', 1, 73, 0, 'ADMIN', '2019-05-31 12:27:42', NULL, NULL);
INSERT INTO `identity_field` (`id`, `identity_type_id`, `name`, `display_name`, `description`, `type`, `mandatory`, `stake_holder_id`, `version`, `created_by`, `created_date`, `last_modified_by`, `last_modified_date`) VALUES (114, 8, 'Date of Birth', 'Date of Birth', 'Date of Birth', 'DATE', 1, 73, 0, 'ADMIN', '2019-05-31 12:27:42', NULL, NULL);
INSERT INTO `identity_field` (`id`, `identity_type_id`, `name`, `display_name`, `description`, `type`, `mandatory`, `stake_holder_id`, `version`, `created_by`, `created_date`, `last_modified_by`, `last_modified_date`) VALUES (115, 8, 'Gender', 'Gender', 'Gender', 'RADIO', 1, 73, 0, 'ADMIN', '2019-05-31 12:27:42', NULL, NULL);
INSERT INTO `identity_field` (`id`, `identity_type_id`, `name`, `display_name`, `description`, `type`, `mandatory`, `stake_holder_id`, `version`, `created_by`, `created_date`, `last_modified_by`, `last_modified_date`) VALUES (116, 8, 'Signature', 'Signature', 'Signature', 'IMAGE', 1, 73, 0, 'ADMIN', '2019-05-31 12:48:14', NULL, NULL);
INSERT INTO `identity_field` (`id`, `identity_type_id`, `name`, `display_name`, `description`, `type`, `mandatory`, `stake_holder_id`, `version`, `created_by`, `created_date`, `last_modified_by`, `last_modified_date`) VALUES (117, 8, 'Address', 'Address', 'Address', 'TEXTBOX', 1, 73, 0, 'ADMIN', '2019-05-31 12:48:14', NULL, NULL);
INSERT INTO `identity_field` (`id`, `identity_type_id`, `name`, `display_name`, `description`, `type`, `mandatory`, `stake_holder_id`, `version`, `created_by`, `created_date`, `last_modified_by`, `last_modified_date`) VALUES (118, 8, 'Contact Number', 'Contact Number', 'Contact Number', 'TEXTBOX', 1, 73, 0, 'ADMIN', '2019-05-31 12:48:14', NULL, NULL);
INSERT INTO `identity_field` (`id`, `identity_type_id`, `name`, `display_name`, `description`, `type`, `mandatory`, `stake_holder_id`, `version`, `created_by`, `created_date`, `last_modified_by`, `last_modified_date`) VALUES (119, 8, 'Email', 'Email', 'Email', 'TEXTBOX', 1, 73, 0, 'ADMIN', '2019-05-31 12:52:41', NULL, NULL);
INSERT INTO `identity_field` (`id`, `identity_type_id`, `name`, `display_name`, `description`, `type`, `mandatory`, `stake_holder_id`, `version`, `created_by`, `created_date`, `last_modified_by`, `last_modified_date`) VALUES (120, 8, 'Institution', 'Institution', 'Institution', 'TEXTBOX', 0, 72, 0, 'ADMIN', '2019-05-31 12:52:41', NULL, NULL);
INSERT INTO `identity_field` (`id`, `identity_type_id`, `name`, `display_name`, `description`, `type`, `mandatory`, `stake_holder_id`, `version`, `created_by`, `created_date`, `last_modified_by`, `last_modified_date`) VALUES (121, 8, 'Department', 'Department', 'Department', 'TEXTBOX', 1, 73, 0, 'ADMIN', '2019-05-31 12:27:42', NULL, NULL);
INSERT INTO `identity_field` (`id`, `identity_type_id`, `name`, `display_name`, `description`, `type`, `mandatory`, `stake_holder_id`, `version`, `created_by`, `created_date`, `last_modified_by`, `last_modified_date`) VALUES (122, 8, 'Issuer ID', 'Issuer ID', 'Issuer ID', 'TEXTBOX', 1, 72, 0, 'ADMIN', '2019-05-31 12:27:42', NULL, NULL);
INSERT INTO `identity_field` (`id`, `identity_type_id`, `name`, `display_name`, `description`, `type`, `mandatory`, `stake_holder_id`, `version`, `created_by`, `created_date`, `last_modified_by`, `last_modified_date`) VALUES (123, 8, 'Header', 'Header', 'Header', 'TEXTBOX', 0, 72, 0, 'ADMIN', '2019-05-31 12:48:14', NULL, NULL);
INSERT INTO `identity_field` (`id`, `identity_type_id`, `name`, `display_name`, `description`, `type`, `mandatory`, `stake_holder_id`, `version`, `created_by`, `created_date`, `last_modified_by`, `last_modified_date`) VALUES (124, 8, 'Org Seal', 'Org Seal', 'Org Seal', 'IMAGE', 0, 72, 0, 'ADMIN', '2019-05-31 12:48:14', NULL, NULL);
INSERT INTO `identity_field` (`id`, `identity_type_id`, `name`, `display_name`, `description`, `type`, `mandatory`, `stake_holder_id`, `version`, `created_by`, `created_date`, `last_modified_by`, `last_modified_date`) VALUES (125, 8, 'Return Address', 'Return Address', 'Return Address', 'TEXTBOX', 0, 72, 0, 'ADMIN', '2019-05-31 12:48:14', NULL, NULL);
INSERT INTO `identity_field` (`id`, `identity_type_id`, `name`, `display_name`, `description`, `type`, `mandatory`, `stake_holder_id`, `version`, `created_by`, `created_date`, `last_modified_by`, `last_modified_date`) VALUES (131, 2, 'Photo', 'Photo', 'Photo', 'IMAGE', 1, 73, 0, 'ADMIN', '2019-05-31 12:26:16', NULL, NULL);
INSERT INTO `identity_field` (`id`, `identity_type_id`, `name`, `display_name`, `description`, `type`, `mandatory`, `stake_holder_id`, `version`, `created_by`, `created_date`, `last_modified_by`, `last_modified_date`) VALUES (132, 2, 'Surname/Family Name', 'Family Name', 'Surname/Family Name', 'TEXTBOX', 1, 73, 0, 'ADMIN', '2019-05-31 12:27:42', NULL, NULL);
INSERT INTO `identity_field` (`id`, `identity_type_id`, `name`, `display_name`, `description`, `type`, `mandatory`, `stake_holder_id`, `version`, `created_by`, `created_date`, `last_modified_by`, `last_modified_date`) VALUES (133, 2, 'Given Name (First & Last Name)', 'Given Name', 'Given Name (First & Last Name)', 'TEXTBOX', 1, 73, 0, 'ADMIN', '2019-05-31 12:27:42', NULL, NULL);
INSERT INTO `identity_field` (`id`, `identity_type_id`, `name`, `display_name`, `description`, `type`, `mandatory`, `stake_holder_id`, `version`, `created_by`, `created_date`, `last_modified_by`, `last_modified_date`) VALUES (134, 2, 'Date of Birth', 'Date of Birth', 'Date of Birth', 'DATE', 1, 73, 0, 'ADMIN', '2019-05-31 12:27:42', NULL, NULL);
INSERT INTO `identity_field` (`id`, `identity_type_id`, `name`, `display_name`, `description`, `type`, `mandatory`, `stake_holder_id`, `version`, `created_by`, `created_date`, `last_modified_by`, `last_modified_date`) VALUES (135, 2, 'Gender', 'Gender', 'Gender', 'RADIO', 1, 73, 0, 'ADMIN', '2019-05-31 12:27:42', NULL, NULL);
INSERT INTO `identity_field` (`id`, `identity_type_id`, `name`, `display_name`, `description`, `type`, `mandatory`, `stake_holder_id`, `version`, `created_by`, `created_date`, `last_modified_by`, `last_modified_date`) VALUES (136, 2, 'Signature', 'Signature', 'Signature', 'IMAGE', 1, 73, 0, 'ADMIN', '2019-05-31 12:48:14', NULL, NULL);
INSERT INTO `identity_field` (`id`, `identity_type_id`, `name`, `display_name`, `description`, `type`, `mandatory`, `stake_holder_id`, `version`, `created_by`, `created_date`, `last_modified_by`, `last_modified_date`) VALUES (137, 2, 'Nationality', 'Nationality', 'Nationality', 'DROPDOWN', 1, 73, 0, 'ADMIN', '2019-05-31 12:48:14', NULL, NULL);
INSERT INTO `identity_field` (`id`, `identity_type_id`, `name`, `display_name`, `description`, `type`, `mandatory`, `stake_holder_id`, `version`, `created_by`, `created_date`, `last_modified_by`, `last_modified_date`) VALUES (138, 2, 'Address', 'Address', 'Address', 'TEXTBOX', 1, 73, 0, 'ADMIN', '2019-05-31 12:48:14', NULL, NULL);
INSERT INTO `identity_field` (`id`, `identity_type_id`, `name`, `display_name`, `description`, `type`, `mandatory`, `stake_holder_id`, `version`, `created_by`, `created_date`, `last_modified_by`, `last_modified_date`) VALUES (139, 2, 'Contact Number', 'Contact Number', 'Contact Number', 'TEXTBOX', 1, 73, 0, 'ADMIN', '2019-05-31 12:48:14', NULL, NULL);
INSERT INTO `identity_field` (`id`, `identity_type_id`, `name`, `display_name`, `description`, `type`, `mandatory`, `stake_holder_id`, `version`, `created_by`, `created_date`, `last_modified_by`, `last_modified_date`) VALUES (140, 2, 'Blood Type', 'Blood Type', 'Blood Type', 'DROPDOWN', 1, 73, 0, 'ADMIN', '2019-05-31 12:27:42', NULL, NULL);
INSERT INTO `identity_field` (`id`, `identity_type_id`, `name`, `display_name`, `description`, `type`, `mandatory`, `stake_holder_id`, `version`, `created_by`, `created_date`, `last_modified_by`, `last_modified_date`) VALUES (141, 2, 'Eye Color', 'Eye Color', 'Eye Color', 'TEXTBOX', 1, 73, 0, 'ADMIN', '2019-05-31 12:27:42', NULL, NULL);
INSERT INTO `identity_field` (`id`, `identity_type_id`, `name`, `display_name`, `description`, `type`, `mandatory`, `stake_holder_id`, `version`, `created_by`, `created_date`, `last_modified_by`, `last_modified_date`) VALUES (142, 2, 'Height', 'Height', 'Height', 'DROPDOWN', 1, 73, 0, 'ADMIN', '2019-05-31 12:27:42', NULL, NULL);
INSERT INTO `identity_field` (`id`, `identity_type_id`, `name`, `display_name`, `description`, `type`, `mandatory`, `stake_holder_id`, `version`, `created_by`, `created_date`, `last_modified_by`, `last_modified_date`) VALUES (143, 2, 'Hair Color', 'Hair Color', 'Hair Color', 'TEXTBOX', 1, 73, 0, 'ADMIN', '2019-05-31 12:27:42', NULL, NULL);
INSERT INTO `identity_field` (`id`, `identity_type_id`, `name`, `display_name`, `description`, `type`, `mandatory`, `stake_holder_id`, `version`, `created_by`, `created_date`, `last_modified_by`, `last_modified_date`) VALUES (144, 2, 'Weight', 'Weight', 'Weight', 'DROPDOWN', 1, 72, 0, 'ADMIN', '2019-05-31 12:27:42', NULL, NULL);
INSERT INTO `identity_field` (`id`, `identity_type_id`, `name`, `display_name`, `description`, `type`, `mandatory`, `stake_holder_id`, `version`, `created_by`, `created_date`, `last_modified_by`, `last_modified_date`) VALUES (145, 2, 'Email', 'Email', 'Email', 'TEXTBOX', 1, 73, 0, 'ADMIN', '2019-05-31 12:52:41', NULL, NULL);
INSERT INTO `identity_field` (`id`, `identity_type_id`, `name`, `display_name`, `description`, `type`, `mandatory`, `stake_holder_id`, `version`, `created_by`, `created_date`, `last_modified_by`, `last_modified_date`) VALUES (146, 2, 'Employee Affiliation', 'Employee Affiliation', 'Employee Affiliation', 'TEXTBOX', 1, 73, 0, 'ADMIN', '2019-05-31 12:52:41', NULL, NULL);
INSERT INTO `identity_field` (`id`, `identity_type_id`, `name`, `display_name`, `description`, `type`, `mandatory`, `stake_holder_id`, `version`, `created_by`, `created_date`, `last_modified_by`, `last_modified_date`) VALUES (147, 2, 'Department', 'Department', 'Department', 'TEXTBOX', 1, 73, 0, 'ADMIN', '2019-05-31 12:27:42', NULL, NULL);
INSERT INTO `identity_field` (`id`, `identity_type_id`, `name`, `display_name`, `description`, `type`, `mandatory`, `stake_holder_id`, `version`, `created_by`, `created_date`, `last_modified_by`, `last_modified_date`) VALUES (148, 2, 'Issuer ID', 'Issuer ID', 'Issuer ID', 'TEXTBOX', 1, 72, 0, 'ADMIN', '2019-05-31 12:27:42', NULL, NULL);
INSERT INTO `identity_field` (`id`, `identity_type_id`, `name`, `display_name`, `description`, `type`, `mandatory`, `stake_holder_id`, `version`, `created_by`, `created_date`, `last_modified_by`, `last_modified_date`) VALUES (149, 2, 'Header', 'Header', 'Header', 'TEXTBOX', 0, 72, 0, 'ADMIN', '2019-05-31 12:48:14', NULL, NULL);
INSERT INTO `identity_field` (`id`, `identity_type_id`, `name`, `display_name`, `description`, `type`, `mandatory`, `stake_holder_id`, `version`, `created_by`, `created_date`, `last_modified_by`, `last_modified_date`) VALUES (150, 2, 'Org Seal', 'Org Seal', 'Org Seal', 'IMAGE', 0, 72, 0, 'ADMIN', '2019-05-31 12:48:14', NULL, NULL);
INSERT INTO `identity_field` (`id`, `identity_type_id`, `name`, `display_name`, `description`, `type`, `mandatory`, `stake_holder_id`, `version`, `created_by`, `created_date`, `last_modified_by`, `last_modified_date`) VALUES (151, 2, 'Return Address', 'Return Address', 'Return Address', 'TEXTBOX', 0, 72, 0, 'ADMIN', '2019-05-31 12:48:14', NULL, NULL);
INSERT INTO `identity_field` (`id`, `identity_type_id`, `name`, `display_name`, `description`, `type`, `mandatory`, `stake_holder_id`, `version`, `created_by`, `created_date`, `last_modified_by`, `last_modified_date`) VALUES (152, 1, 'Nationality', 'Nationality', 'Nationality', 'TEXTBOX', 1, 73, 0, 'ADMIN', '2019-05-31 12:27:42', NULL, NULL);
INSERT INTO `identity_field` (`id`, `identity_type_id`, `name`, `display_name`, `description`, `type`, `mandatory`, `stake_holder_id`, `version`, `created_by`, `created_date`, `last_modified_by`, `last_modified_date`) VALUES (153, 3, 'Nationality', 'Nationality', 'Nationality', 'TEXTBOX', 1, 73, 0, 'ADMIN', '2019-05-31 12:27:42', NULL, NULL);
INSERT INTO `identity_field` (`id`, `identity_type_id`, `name`, `display_name`, `description`, `type`, `mandatory`, `stake_holder_id`, `version`, `created_by`, `created_date`, `last_modified_by`, `last_modified_date`) VALUES (154, 4, 'Nationality', 'Nationality', 'Nationality', 'TEXTBOX', 1, 73, 0, 'ADMIN', '2019-05-31 12:27:42', NULL, NULL);
INSERT INTO `identity_field` (`id`, `identity_type_id`, `name`, `display_name`, `description`, `type`, `mandatory`, `stake_holder_id`, `version`, `created_by`, `created_date`, `last_modified_by`, `last_modified_date`) VALUES (155, 8, 'Nationality', 'Nationality', 'Nationality', 'TEXTBOX', 1, 73, 0, 'ADMIN', '2019-05-31 12:27:42', NULL, NULL);
INSERT INTO `identity_field` (`id`, `identity_type_id`, `name`, `display_name`, `description`, `type`, `mandatory`, `stake_holder_id`, `version`, `created_by`, `created_date`, `last_modified_by`, `last_modified_date`) VALUES (156, 6, 'Nationality', 'Nationality', 'Nationality', 'TEXTBOX', 1, 73, 0, 'ADMIN', '2019-05-31 12:27:42', NULL, NULL);
INSERT INTO `identity_field` (`id`, `identity_type_id`, `name`, `display_name`, `description`, `type`, `mandatory`, `stake_holder_id`, `version`, `created_by`, `created_date`, `last_modified_by`, `last_modified_date`) VALUES (157, 2, 'Place of Birth', 'Place of Birth', 'Place of Birth', 'TEXTBOX', 1, 73, 0, 'ADMIN', '2019-05-31 12:27:42', NULL, NULL);
INSERT INTO `identity_field` (`id`, `identity_type_id`, `name`, `display_name`, `description`, `type`, `mandatory`, `stake_holder_id`, `version`, `created_by`, `created_date`, `last_modified_by`, `last_modified_date`) VALUES (158, 8, 'Place of Birth', 'Place of Birth', 'Place of Birth', 'TEXTBOX', 1, 73, 0, 'ADMIN', '2019-05-31 12:27:42', NULL, NULL);
INSERT INTO `identity_field` (`id`, `identity_type_id`, `name`, `display_name`, `description`, `type`, `mandatory`, `stake_holder_id`, `version`, `created_by`, `created_date`, `last_modified_by`, `last_modified_date`) VALUES (159, 6, 'Place of Birth', 'Place of Birth', 'Place of Birth', 'TEXTBOX', 1, 73, 0, 'ADMIN', '2019-05-31 12:27:42', NULL, NULL);
INSERT INTO `identity_field` (`id`, `identity_type_id`, `name`, `display_name`, `description`, `type`, `mandatory`, `stake_holder_id`, `version`, `created_by`, `created_date`, `last_modified_by`, `last_modified_date`) VALUES (160, 4, 'Veteran', 'Veteran', 'Veteran', 'TEXTBOX', 1, 73, 0, 'ADMIN', '2019-05-31 12:27:42', NULL, NULL);
INSERT INTO `identity_field` (`id`, `identity_type_id`, `name`, `display_name`, `description`, `type`, `mandatory`, `stake_holder_id`, `version`, `created_by`, `created_date`, `last_modified_by`, `last_modified_date`) VALUES (161, 6, 'Card Holder ID', 'Card Holder ID', 'Card Holder ID', 'TEXTBOX', 1, 72, 0, 'ADMIN', '2019-05-31 12:52:41', NULL, NULL);
INSERT INTO `identity_field` (`id`, `identity_type_id`, `name`, `display_name`, `description`, `type`, `mandatory`, `stake_holder_id`, `version`, `created_by`, `created_date`, `last_modified_by`, `last_modified_date`) VALUES (162, 6, 'Policy Number', 'Policy Number', 'Policy Number', 'TEXTBOX', 1, 73, 0, 'ADMIN', '2019-05-31 12:52:41', NULL, NULL);
INSERT INTO `identity_field` (`id`, `identity_type_id`, `name`, `display_name`, `description`, `type`, `mandatory`, `stake_holder_id`, `version`, `created_by`, `created_date`, `last_modified_by`, `last_modified_date`) VALUES (163, 6, 'Group Plan', 'Group Plan', 'Group Plan', 'TEXTBOX', 1, 73, 0, 'ADMIN', '2019-05-31 12:52:41', NULL, NULL);
INSERT INTO `identity_field` (`id`, `identity_type_id`, `name`, `display_name`, `description`, `type`, `mandatory`, `stake_holder_id`, `version`, `created_by`, `created_date`, `last_modified_by`, `last_modified_date`) VALUES (164, 6, 'Health Plan Number', 'Health Plan Number', 'Health Plan Number', 'TEXTBOX', 1, 73, 0, 'ADMIN', '2019-05-31 12:52:41', NULL, NULL);
INSERT INTO `identity_field` (`id`, `identity_type_id`, `name`, `display_name`, `description`, `type`, `mandatory`, `stake_holder_id`, `version`, `created_by`, `created_date`, `last_modified_by`, `last_modified_date`) VALUES (165, 3, 'Personal Code', 'Personal Code', 'Personal Code', 'TEXTBOX', 1, 73, 0, 'ADMIN', '2019-05-31 12:52:41', NULL, NULL);
INSERT INTO `identity_field` (`id`, `identity_type_id`, `name`, `display_name`, `description`, `type`, `mandatory`, `stake_holder_id`, `version`, `created_by`, `created_date`, `last_modified_by`, `last_modified_date`) VALUES (166, 4, 'Endorsements', 'Endorsements', 'Endorsements', 'TEXTBOX', '1', '73', '0', 'ADMIN', '2019-05-31 13:07:12', NULL, NULL);

-- org_identity_field
INSERT INTO `org_identity_field` (`id`, `organization_id`, `identity_field_id`, `ldap_mapping_attribute`, `version`, `created_by`, `created_date`, `last_modified_by`, `last_modified_date`) VALUES (1, 1, 2, 'family_name', 0, 'ADMIN', '2019-05-31 14:09:02', NULL, NULL);
INSERT INTO `org_identity_field` (`id`, `organization_id`, `identity_field_id`, `ldap_mapping_attribute`, `version`, `created_by`, `created_date`, `last_modified_by`, `last_modified_date`) VALUES (2, 1, 3, 'given_name', 0, 'ADMIN', '2019-05-31 14:09:02', NULL, NULL);
INSERT INTO `org_identity_field` (`id`, `organization_id`, `identity_field_id`, `ldap_mapping_attribute`, `version`, `created_by`, `created_date`, `last_modified_by`, `last_modified_date`) VALUES (3, 1, 4, '', 0, 'ADMIN', '2019-05-31 14:13:44', NULL, NULL);
INSERT INTO `org_identity_field` (`id`, `organization_id`, `identity_field_id`, `ldap_mapping_attribute`, `version`, `created_by`, `created_date`, `last_modified_by`, `last_modified_date`) VALUES (4, 1, 5, '', 0, 'ADMIN', '2019-05-31 14:13:44', NULL, NULL);
INSERT INTO `org_identity_field` (`id`, `organization_id`, `identity_field_id`, `ldap_mapping_attribute`, `version`, `created_by`, `created_date`, `last_modified_by`, `last_modified_date`) VALUES (5, 1, 6, '', 0, 'ADMIN', '2019-05-31 14:13:44', NULL, NULL);
INSERT INTO `org_identity_field` (`id`, `organization_id`, `identity_field_id`, `ldap_mapping_attribute`, `version`, `created_by`, `created_date`, `last_modified_by`, `last_modified_date`) VALUES (6, 1, 7, '', 0, 'ADMIN', '2019-05-31 14:13:44', NULL, NULL);
INSERT INTO `org_identity_field` (`id`, `organization_id`, `identity_field_id`, `ldap_mapping_attribute`, `version`, `created_by`, `created_date`, `last_modified_by`, `last_modified_date`) VALUES (7, 1, 8, '', 0, 'ADMIN', '2019-05-31 14:13:44', NULL, NULL);
INSERT INTO `org_identity_field` (`id`, `organization_id`, `identity_field_id`, `ldap_mapping_attribute`, `version`, `created_by`, `created_date`, `last_modified_by`, `last_modified_date`) VALUES (8, 1, 9, '', 0, 'ADMIN', '2019-05-31 14:13:44', NULL, NULL);
INSERT INTO `org_identity_field` (`id`, `organization_id`, `identity_field_id`, `ldap_mapping_attribute`, `version`, `created_by`, `created_date`, `last_modified_by`, `last_modified_date`) VALUES (9, 1, 10, '', 0, 'ADMIN', '2019-05-31 14:13:44', NULL, NULL);
INSERT INTO `org_identity_field` (`id`, `organization_id`, `identity_field_id`, `ldap_mapping_attribute`, `version`, `created_by`, `created_date`, `last_modified_by`, `last_modified_date`) VALUES (10, 1, 13, '', 0, 'ADMIN', '2019-05-31 14:13:44', NULL, NULL);
INSERT INTO `org_identity_field` (`id`, `organization_id`, `identity_field_id`, `ldap_mapping_attribute`, `version`, `created_by`, `created_date`, `last_modified_by`, `last_modified_date`) VALUES (11, 1, 14, '', 0, 'ADMIN', '2019-05-31 14:13:44', NULL, NULL);
INSERT INTO `org_identity_field` (`id`, `organization_id`, `identity_field_id`, `ldap_mapping_attribute`, `version`, `created_by`, `created_date`, `last_modified_by`, `last_modified_date`) VALUES (12, 1, 15, '', 0, 'ADMIN', '2019-05-31 14:13:44', NULL, NULL);
INSERT INTO `org_identity_field` (`id`, `organization_id`, `identity_field_id`, `ldap_mapping_attribute`, `version`, `created_by`, `created_date`, `last_modified_by`, `last_modified_date`) VALUES (13, 1, 16, '', 0, 'ADMIN', '2019-05-31 14:13:44', NULL, NULL);
INSERT INTO `org_identity_field` (`id`, `organization_id`, `identity_field_id`, `ldap_mapping_attribute`, `version`, `created_by`, `created_date`, `last_modified_by`, `last_modified_date`) VALUES (14, 1, 17, '', 0, 'ADMIN', '2019-05-31 14:13:44', NULL, NULL);
INSERT INTO `org_identity_field` (`id`, `organization_id`, `identity_field_id`, `ldap_mapping_attribute`, `version`, `created_by`, `created_date`, `last_modified_by`, `last_modified_date`) VALUES (15, 1, 18, '', 0, 'ADMIN', '2019-05-31 14:13:44', NULL, NULL);
INSERT INTO `org_identity_field` (`id`, `organization_id`, `identity_field_id`, `ldap_mapping_attribute`, `version`, `created_by`, `created_date`, `last_modified_by`, `last_modified_date`) VALUES (16, 1, 26, '', 0, 'ADMIN', '2019-05-31 14:13:44', NULL, NULL);
INSERT INTO `org_identity_field` (`id`, `organization_id`, `identity_field_id`, `ldap_mapping_attribute`, `version`, `created_by`, `created_date`, `last_modified_by`, `last_modified_date`) VALUES (18, 1, 29, '', 0, 'ADMIN', '2019-05-31 14:13:44', NULL, NULL);
INSERT INTO `org_identity_field` (`id`, `organization_id`, `identity_field_id`, `ldap_mapping_attribute`, `version`, `created_by`, `created_date`, `last_modified_by`, `last_modified_date`) VALUES (19, 1, 30, '', 0, 'ADMIN', '2019-05-31 14:13:44', NULL, NULL);
INSERT INTO `org_identity_field` (`id`, `organization_id`, `identity_field_id`, `ldap_mapping_attribute`, `version`, `created_by`, `created_date`, `last_modified_by`, `last_modified_date`) VALUES (20, 1, 43, '', 0, 'ADMIN', '2019-05-31 14:13:44', NULL, NULL);
INSERT INTO `org_identity_field` (`id`, `organization_id`, `identity_field_id`, `ldap_mapping_attribute`, `version`, `created_by`, `created_date`, `last_modified_by`, `last_modified_date`) VALUES (21, 1, 44, 'Address', '0', 'ADMIN', '2019-05-31 14:13:44', NULL, NULL);
INSERT INTO `org_identity_field` (`id`, `organization_id`, `identity_field_id`, `ldap_mapping_attribute`, `version`, `created_by`, `created_date`, `last_modified_by`, `last_modified_date`) VALUES (29, 1, 53, '', 0, 'ADMIN', '2019-05-31 14:13:44', NULL, NULL);
INSERT INTO `org_identity_field` (`id`, `organization_id`, `identity_field_id`, `ldap_mapping_attribute`, `version`, `created_by`, `created_date`, `last_modified_by`, `last_modified_date`) VALUES (30, 1, 54, '', 0, 'ADMIN', '2019-05-31 14:13:44', NULL, NULL);
INSERT INTO `org_identity_field` (`id`, `organization_id`, `identity_field_id`, `ldap_mapping_attribute`, `version`, `created_by`, `created_date`, `last_modified_by`, `last_modified_date`) VALUES (31, 1, 56, '', 0, 'ADMIN', '2019-05-31 14:09:02', NULL, NULL);
INSERT INTO `org_identity_field` (`id`, `organization_id`, `identity_field_id`, `ldap_mapping_attribute`, `version`, `created_by`, `created_date`, `last_modified_by`, `last_modified_date`) VALUES (32, 1, 57, '', 0, 'ADMIN', '2019-05-31 14:09:02', NULL, NULL);
INSERT INTO `org_identity_field` (`id`, `organization_id`, `identity_field_id`, `ldap_mapping_attribute`, `version`, `created_by`, `created_date`, `last_modified_by`, `last_modified_date`) VALUES (33, 1, 58, '', 0, 'ADMIN', '2019-05-31 14:13:44', NULL, NULL);
INSERT INTO `org_identity_field` (`id`, `organization_id`, `identity_field_id`, `ldap_mapping_attribute`, `version`, `created_by`, `created_date`, `last_modified_by`, `last_modified_date`) VALUES (34, 1, 59, '', 0, 'ADMIN', '2019-05-31 14:13:44', NULL, NULL);
INSERT INTO `org_identity_field` (`id`, `organization_id`, `identity_field_id`, `ldap_mapping_attribute`, `version`, `created_by`, `created_date`, `last_modified_by`, `last_modified_date`) VALUES (35, 1, 62, '', 0, 'ADMIN', '2019-05-31 14:13:44', NULL, NULL);
INSERT INTO `org_identity_field` (`id`, `organization_id`, `identity_field_id`, `ldap_mapping_attribute`, `version`, `created_by`, `created_date`, `last_modified_by`, `last_modified_date`) VALUES (39, 1, 66, '', 0, 'ADMIN', '2019-05-31 14:13:44', NULL, NULL);
INSERT INTO `org_identity_field` (`id`, `organization_id`, `identity_field_id`, `ldap_mapping_attribute`, `version`, `created_by`, `created_date`, `last_modified_by`, `last_modified_date`) VALUES (40, 1, 67, '', 0, 'ADMIN', '2019-05-31 14:13:44', NULL, NULL);
INSERT INTO `org_identity_field` (`id`, `organization_id`, `identity_field_id`, `ldap_mapping_attribute`, `version`, `created_by`, `created_date`, `last_modified_by`, `last_modified_date`) VALUES (41, 1, 68, '', 0, 'ADMIN', '2019-05-31 14:13:44', NULL, NULL);
INSERT INTO `org_identity_field` (`id`, `organization_id`, `identity_field_id`, `ldap_mapping_attribute`, `version`, `created_by`, `created_date`, `last_modified_by`, `last_modified_date`) VALUES (42, 1, 69, '', 0, 'ADMIN', '2019-05-31 14:13:44', NULL, NULL);
INSERT INTO `org_identity_field` (`id`, `organization_id`, `identity_field_id`, `ldap_mapping_attribute`, `version`, `created_by`, `created_date`, `last_modified_by`, `last_modified_date`) VALUES (43, 1, 71, '', 0, 'ADMIN', '2019-05-31 14:13:44', NULL, NULL);
INSERT INTO `org_identity_field` (`id`, `organization_id`, `identity_field_id`, `ldap_mapping_attribute`, `version`, `created_by`, `created_date`, `last_modified_by`, `last_modified_date`) VALUES (44, 1, 72, '', 0, 'ADMIN', '2019-05-31 14:13:44', NULL, NULL);
INSERT INTO `org_identity_field` (`id`, `organization_id`, `identity_field_id`, `ldap_mapping_attribute`, `version`, `created_by`, `created_date`, `last_modified_by`, `last_modified_date`) VALUES (45, 1, 74, '', 0, 'ADMIN', '2019-05-31 14:09:02', NULL, NULL);
INSERT INTO `org_identity_field` (`id`, `organization_id`, `identity_field_id`, `ldap_mapping_attribute`, `version`, `created_by`, `created_date`, `last_modified_by`, `last_modified_date`) VALUES (46, 1, 75, '', 0, 'ADMIN', '2019-05-31 14:09:02', NULL, NULL);
INSERT INTO `org_identity_field` (`id`, `organization_id`, `identity_field_id`, `ldap_mapping_attribute`, `version`, `created_by`, `created_date`, `last_modified_by`, `last_modified_date`) VALUES (47, 1, 76, '', 0, 'ADMIN', '2019-05-31 14:13:44', NULL, NULL);
INSERT INTO `org_identity_field` (`id`, `organization_id`, `identity_field_id`, `ldap_mapping_attribute`, `version`, `created_by`, `created_date`, `last_modified_by`, `last_modified_date`) VALUES (48, 1, 77, '', 0, 'ADMIN', '2019-05-31 14:13:44', NULL, NULL);
INSERT INTO `org_identity_field` (`id`, `organization_id`, `identity_field_id`, `ldap_mapping_attribute`, `version`, `created_by`, `created_date`, `last_modified_by`, `last_modified_date`) VALUES (49, 1, 80, '', 0, 'ADMIN', '2019-05-31 14:13:44', NULL, NULL);
INSERT INTO `org_identity_field` (`id`, `organization_id`, `identity_field_id`, `ldap_mapping_attribute`, `version`, `created_by`, `created_date`, `last_modified_by`, `last_modified_date`) VALUES (50, 1, 81, '', 0, 'ADMIN', '2019-05-31 14:13:44', NULL, NULL);
INSERT INTO `org_identity_field` (`id`, `organization_id`, `identity_field_id`, `ldap_mapping_attribute`, `version`, `created_by`, `created_date`, `last_modified_by`, `last_modified_date`) VALUES (51, 1, 82, '', 0, 'ADMIN', '2019-05-31 14:13:44', NULL, NULL);
INSERT INTO `org_identity_field` (`id`, `organization_id`, `identity_field_id`, `ldap_mapping_attribute`, `version`, `created_by`, `created_date`, `last_modified_by`, `last_modified_date`) VALUES (52, 1, 83, '', 0, 'ADMIN', '2019-05-31 14:13:44', NULL, NULL);
INSERT INTO `org_identity_field` (`id`, `organization_id`, `identity_field_id`, `ldap_mapping_attribute`, `version`, `created_by`, `created_date`, `last_modified_by`, `last_modified_date`) VALUES (53, 1, 84, '', 0, 'ADMIN', '2019-05-31 14:13:44', NULL, NULL);
INSERT INTO `org_identity_field` (`id`, `organization_id`, `identity_field_id`, `ldap_mapping_attribute`, `version`, `created_by`, `created_date`, `last_modified_by`, `last_modified_date`) VALUES (54, 1, 85, '', 0, 'ADMIN', '2019-05-31 14:13:44', NULL, NULL);
INSERT INTO `org_identity_field` (`id`, `organization_id`, `identity_field_id`, `ldap_mapping_attribute`, `version`, `created_by`, `created_date`, `last_modified_by`, `last_modified_date`) VALUES (55, 1, 86, '', 0, 'ADMIN', '2019-05-31 14:13:44', NULL, NULL);
INSERT INTO `org_identity_field` (`id`, `organization_id`, `identity_field_id`, `ldap_mapping_attribute`, `version`, `created_by`, `created_date`, `last_modified_by`, `last_modified_date`) VALUES (56, 1, 87, '', 0, 'ADMIN', '2019-05-31 14:13:44', NULL, NULL);
INSERT INTO `org_identity_field` (`id`, `organization_id`, `identity_field_id`, `ldap_mapping_attribute`, `version`, `created_by`, `created_date`, `last_modified_by`, `last_modified_date`) VALUES (57, 1, 89, '', 0, 'ADMIN', '2019-05-31 14:13:44', NULL, NULL);
INSERT INTO `org_identity_field` (`id`, `organization_id`, `identity_field_id`, `ldap_mapping_attribute`, `version`, `created_by`, `created_date`, `last_modified_by`, `last_modified_date`) VALUES (58, 1, 90, '', 0, 'ADMIN', '2019-05-31 14:13:44', NULL, NULL);
INSERT INTO `org_identity_field` (`id`, `organization_id`, `identity_field_id`, `ldap_mapping_attribute`, `version`, `created_by`, `created_date`, `last_modified_by`, `last_modified_date`) VALUES (59, 1, 91, '', 0, 'ADMIN', '2019-05-31 14:09:02', NULL, NULL);
INSERT INTO `org_identity_field` (`id`, `organization_id`, `identity_field_id`, `ldap_mapping_attribute`, `version`, `created_by`, `created_date`, `last_modified_by`, `last_modified_date`) VALUES (60, 1, 92, '', 0, 'ADMIN', '2019-05-31 14:09:02', NULL, NULL);
INSERT INTO `org_identity_field` (`id`, `organization_id`, `identity_field_id`, `ldap_mapping_attribute`, `version`, `created_by`, `created_date`, `last_modified_by`, `last_modified_date`) VALUES (61, 1, 94, '', 0, 'ADMIN', '2019-05-31 14:13:44', NULL, NULL);
INSERT INTO `org_identity_field` (`id`, `organization_id`, `identity_field_id`, `ldap_mapping_attribute`, `version`, `created_by`, `created_date`, `last_modified_by`, `last_modified_date`) VALUES (62, 1, 95, '', 0, 'ADMIN', '2019-05-31 14:13:44', NULL, NULL);
INSERT INTO `org_identity_field` (`id`, `organization_id`, `identity_field_id`, `ldap_mapping_attribute`, `version`, `created_by`, `created_date`, `last_modified_by`, `last_modified_date`) VALUES (63, 1, 96, '', 0, 'ADMIN', '2019-05-31 14:13:44', NULL, NULL);
INSERT INTO `org_identity_field` (`id`, `organization_id`, `identity_field_id`, `ldap_mapping_attribute`, `version`, `created_by`, `created_date`, `last_modified_by`, `last_modified_date`) VALUES (64, 1, 97, '', 0, 'ADMIN', '2019-05-31 14:13:44', NULL, NULL);
INSERT INTO `org_identity_field` (`id`, `organization_id`, `identity_field_id`, `ldap_mapping_attribute`, `version`, `created_by`, `created_date`, `last_modified_by`, `last_modified_date`) VALUES (65, 1, 98, '', 0, 'ADMIN', '2019-05-31 14:13:44', NULL, NULL);
INSERT INTO `org_identity_field` (`id`, `organization_id`, `identity_field_id`, `ldap_mapping_attribute`, `version`, `created_by`, `created_date`, `last_modified_by`, `last_modified_date`) VALUES (66, 1, 99, '', 0, 'ADMIN', '2019-05-31 14:13:44', NULL, NULL);
INSERT INTO `org_identity_field` (`id`, `organization_id`, `identity_field_id`, `ldap_mapping_attribute`, `version`, `created_by`, `created_date`, `last_modified_by`, `last_modified_date`) VALUES (67, 1, 100, '', 0, 'ADMIN', '2019-05-31 14:13:44', NULL, NULL);
INSERT INTO `org_identity_field` (`id`, `organization_id`, `identity_field_id`, `ldap_mapping_attribute`, `version`, `created_by`, `created_date`, `last_modified_by`, `last_modified_date`) VALUES (68, 1, 101, '', 0, 'ADMIN', '2019-05-31 14:13:44', NULL, NULL);
INSERT INTO `org_identity_field` (`id`, `organization_id`, `identity_field_id`, `ldap_mapping_attribute`, `version`, `created_by`, `created_date`, `last_modified_by`, `last_modified_date`) VALUES (69, 1, 102, '', 0, 'ADMIN', '2019-05-31 14:13:44', NULL, NULL);
INSERT INTO `org_identity_field` (`id`, `organization_id`, `identity_field_id`, `ldap_mapping_attribute`, `version`, `created_by`, `created_date`, `last_modified_by`, `last_modified_date`) VALUES (70, 1, 103, '', 0, 'ADMIN', '2019-05-31 14:13:44', NULL, NULL);
INSERT INTO `org_identity_field` (`id`, `organization_id`, `identity_field_id`, `ldap_mapping_attribute`, `version`, `created_by`, `created_date`, `last_modified_by`, `last_modified_date`) VALUES (71, 1, 112, '', 0, 'ADMIN', '2019-05-31 14:13:44', NULL, NULL);
INSERT INTO `org_identity_field` (`id`, `organization_id`, `identity_field_id`, `ldap_mapping_attribute`, `version`, `created_by`, `created_date`, `last_modified_by`, `last_modified_date`) VALUES (72, 1, 113, '', 0, 'ADMIN', '2019-05-31 14:13:44', NULL, NULL);
INSERT INTO `org_identity_field` (`id`, `organization_id`, `identity_field_id`, `ldap_mapping_attribute`, `version`, `created_by`, `created_date`, `last_modified_by`, `last_modified_date`) VALUES (73, 1, 114, '', 0, 'ADMIN', '2019-05-31 14:09:02', NULL, NULL);
INSERT INTO `org_identity_field` (`id`, `organization_id`, `identity_field_id`, `ldap_mapping_attribute`, `version`, `created_by`, `created_date`, `last_modified_by`, `last_modified_date`) VALUES (74, 1, 115, '', 0, 'ADMIN', '2019-05-31 14:09:02', NULL, NULL);
INSERT INTO `org_identity_field` (`id`, `organization_id`, `identity_field_id`, `ldap_mapping_attribute`, `version`, `created_by`, `created_date`, `last_modified_by`, `last_modified_date`) VALUES (75, 1, 117, '', 0, 'ADMIN', '2019-05-31 14:13:44', NULL, NULL);
INSERT INTO `org_identity_field` (`id`, `organization_id`, `identity_field_id`, `ldap_mapping_attribute`, `version`, `created_by`, `created_date`, `last_modified_by`, `last_modified_date`) VALUES (76, 1, 118, '', 0, 'ADMIN', '2019-05-31 14:13:44', NULL, NULL);
INSERT INTO `org_identity_field` (`id`, `organization_id`, `identity_field_id`, `ldap_mapping_attribute`, `version`, `created_by`, `created_date`, `last_modified_by`, `last_modified_date`) VALUES (77, 1, 119, '', 0, 'ADMIN', '2019-05-31 14:13:44', NULL, NULL);
INSERT INTO `org_identity_field` (`id`, `organization_id`, `identity_field_id`, `ldap_mapping_attribute`, `version`, `created_by`, `created_date`, `last_modified_by`, `last_modified_date`) VALUES (78, 1, 132, '', 0, 'ADMIN', '2019-05-31 14:13:44', NULL, NULL);
INSERT INTO `org_identity_field` (`id`, `organization_id`, `identity_field_id`, `ldap_mapping_attribute`, `version`, `created_by`, `created_date`, `last_modified_by`, `last_modified_date`) VALUES (79, 1, 133, '', 0, 'ADMIN', '2019-05-31 14:13:44', NULL, NULL);
INSERT INTO `org_identity_field` (`id`, `organization_id`, `identity_field_id`, `ldap_mapping_attribute`, `version`, `created_by`, `created_date`, `last_modified_by`, `last_modified_date`) VALUES (80, 1, 134, '', 0, 'ADMIN', '2019-05-31 14:13:44', NULL, NULL);
INSERT INTO `org_identity_field` (`id`, `organization_id`, `identity_field_id`, `ldap_mapping_attribute`, `version`, `created_by`, `created_date`, `last_modified_by`, `last_modified_date`) VALUES (81, 1, 135, '', 0, 'ADMIN', '2019-05-31 14:13:44', NULL, NULL);
INSERT INTO `org_identity_field` (`id`, `organization_id`, `identity_field_id`, `ldap_mapping_attribute`, `version`, `created_by`, `created_date`, `last_modified_by`, `last_modified_date`) VALUES (82, 1, 137, '', 0, 'ADMIN', '2019-05-31 14:13:44', NULL, NULL);
INSERT INTO `org_identity_field` (`id`, `organization_id`, `identity_field_id`, `ldap_mapping_attribute`, `version`, `created_by`, `created_date`, `last_modified_by`, `last_modified_date`) VALUES (83, 1, 138, '', 0, 'ADMIN', '2019-05-31 14:13:44', NULL, NULL);
INSERT INTO `org_identity_field` (`id`, `organization_id`, `identity_field_id`, `ldap_mapping_attribute`, `version`, `created_by`, `created_date`, `last_modified_by`, `last_modified_date`) VALUES (84, 1, 139, '', 0, 'ADMIN', '2019-05-31 14:13:44', NULL, NULL);
INSERT INTO `org_identity_field` (`id`, `organization_id`, `identity_field_id`, `ldap_mapping_attribute`, `version`, `created_by`, `created_date`, `last_modified_by`, `last_modified_date`) VALUES (85, 1, 140, '', 0, 'ADMIN', '2019-05-31 14:13:44', NULL, NULL);
INSERT INTO `org_identity_field` (`id`, `organization_id`, `identity_field_id`, `ldap_mapping_attribute`, `version`, `created_by`, `created_date`, `last_modified_by`, `last_modified_date`) VALUES (86, 1, 141, '', 0, 'ADMIN', '2019-05-31 14:13:44', NULL, NULL);
INSERT INTO `org_identity_field` (`id`, `organization_id`, `identity_field_id`, `ldap_mapping_attribute`, `version`, `created_by`, `created_date`, `last_modified_by`, `last_modified_date`) VALUES (87, 1, 142, '', 0, 'ADMIN', '2019-05-31 14:13:44', NULL, NULL);
INSERT INTO `org_identity_field` (`id`, `organization_id`, `identity_field_id`, `ldap_mapping_attribute`, `version`, `created_by`, `created_date`, `last_modified_by`, `last_modified_date`) VALUES (88, 1, 143, '', 0, 'ADMIN', '2019-05-31 14:13:44', NULL, NULL);
INSERT INTO `org_identity_field` (`id`, `organization_id`, `identity_field_id`, `ldap_mapping_attribute`, `version`, `created_by`, `created_date`, `last_modified_by`, `last_modified_date`) VALUES (89, 1, 144, '', 0, 'ADMIN', '2019-05-31 14:13:44', NULL, NULL);
INSERT INTO `org_identity_field` (`id`, `organization_id`, `identity_field_id`, `ldap_mapping_attribute`, `version`, `created_by`, `created_date`, `last_modified_by`, `last_modified_date`) VALUES (90, 1, 145, '', 0, 'ADMIN', '2019-05-31 14:13:44', NULL, NULL);
INSERT INTO `org_identity_field` (`id`, `organization_id`, `identity_field_id`, `ldap_mapping_attribute`, `version`, `created_by`, `created_date`, `last_modified_by`, `last_modified_date`) VALUES (91, 1, 146, '', 0, 'ADMIN', '2019-05-31 14:13:44', NULL, NULL);
INSERT INTO `org_identity_field` (`id`, `organization_id`, `identity_field_id`, `ldap_mapping_attribute`, `version`, `created_by`, `created_date`, `last_modified_by`, `last_modified_date`) VALUES (92, 1, 11, '', 0, 'ADMIN', '2019-05-31 14:13:44', NULL, NULL);
INSERT INTO `org_identity_field` (`id`, `organization_id`, `identity_field_id`, `ldap_mapping_attribute`, `version`, `created_by`, `created_date`, `last_modified_by`, `last_modified_date`) VALUES (93, 1, 48, '', 0, 'ADMIN', '2019-05-31 14:13:44', NULL, NULL);
INSERT INTO `org_identity_field` (`id`, `organization_id`, `identity_field_id`, `ldap_mapping_attribute`, `version`, `created_by`, `created_date`, `last_modified_by`, `last_modified_date`) VALUES (94, 1, 49, '', 0, 'ADMIN', '2019-05-31 14:13:44', NULL, NULL);
INSERT INTO `org_identity_field` (`id`, `organization_id`, `identity_field_id`, `ldap_mapping_attribute`, `version`, `created_by`, `created_date`, `last_modified_by`, `last_modified_date`) VALUES (95, 1, 50, '', 0, 'ADMIN', '2019-05-31 14:13:44', NULL, NULL);
INSERT INTO `org_identity_field` (`id`, `organization_id`, `identity_field_id`, `ldap_mapping_attribute`, `version`, `created_by`, `created_date`, `last_modified_by`, `last_modified_date`) VALUES (96, 1, 51, '', 0, 'ADMIN', '2019-05-31 14:13:44', NULL, NULL);
INSERT INTO `org_identity_field` (`id`, `organization_id`, `identity_field_id`, `ldap_mapping_attribute`, `version`, `created_by`, `created_date`, `last_modified_by`, `last_modified_date`) VALUES (97, 1, 152, '', 0, 'ADMIN', '2019-05-31 14:13:44', NULL, NULL);
INSERT INTO `org_identity_field` (`id`, `organization_id`, `identity_field_id`, `ldap_mapping_attribute`, `version`, `created_by`, `created_date`, `last_modified_by`, `last_modified_date`) VALUES (98, 1, 153, '', 0, 'ADMIN', '2020-07-15 08:31:13', NULL, NULL);
INSERT INTO `org_identity_field` (`id`, `organization_id`, `identity_field_id`, `ldap_mapping_attribute`, `version`, `created_by`, `created_date`, `last_modified_by`, `last_modified_date`) VALUES (99, 1, 154, '', 0, 'ADMIN', '2020-07-15 08:31:13', NULL, NULL);
INSERT INTO `org_identity_field` (`id`, `organization_id`, `identity_field_id`, `ldap_mapping_attribute`, `version`, `created_by`, `created_date`, `last_modified_by`, `last_modified_date`) VALUES (100, 1, 155, '', 0, 'ADMIN', '2020-07-15 08:31:13', NULL, NULL);
INSERT INTO `org_identity_field` (`id`, `organization_id`, `identity_field_id`, `ldap_mapping_attribute`, `version`, `created_by`, `created_date`, `last_modified_by`, `last_modified_date`) VALUES (101, 1, 156, '', 0, 'ADMIN', '2020-07-15 08:31:13', NULL, NULL);
INSERT INTO `org_identity_field` (`id`, `organization_id`, `identity_field_id`, `ldap_mapping_attribute`, `version`, `created_by`, `created_date`, `last_modified_by`, `last_modified_date`) VALUES (102, 1, 157, '', 0, 'ADMIN', '2020-07-15 08:31:13', NULL, NULL);
INSERT INTO `org_identity_field` (`id`, `organization_id`, `identity_field_id`, `ldap_mapping_attribute`, `version`, `created_by`, `created_date`, `last_modified_by`, `last_modified_date`) VALUES (103, 1, 158, '', 0, 'ADMIN', '2020-07-15 08:31:13', NULL, NULL);
INSERT INTO `org_identity_field` (`id`, `organization_id`, `identity_field_id`, `ldap_mapping_attribute`, `version`, `created_by`, `created_date`, `last_modified_by`, `last_modified_date`) VALUES (104, 1, 159, '', 0, 'ADMIN', '2020-07-15 08:31:13', NULL, NULL);
INSERT INTO `org_identity_field` (`id`, `organization_id`, `identity_field_id`, `ldap_mapping_attribute`, `version`, `created_by`, `created_date`, `last_modified_by`, `last_modified_date`) VALUES (105, 1, 160, '', 0, 'ADMIN', '2020-07-15 08:31:13', NULL, NULL);
INSERT INTO `org_identity_field` (`id`, `organization_id`, `identity_field_id`, `ldap_mapping_attribute`, `version`, `created_by`, `created_date`, `last_modified_by`, `last_modified_date`) VALUES (106, 1, 161, '', 0, 'ADMIN', '2020-07-15 08:31:13', NULL, NULL);
INSERT INTO `org_identity_field` (`id`, `organization_id`, `identity_field_id`, `ldap_mapping_attribute`, `version`, `created_by`, `created_date`, `last_modified_by`, `last_modified_date`) VALUES (107, 1, 162, '', 0, 'ADMIN', '2020-07-15 08:31:13', NULL, NULL);
INSERT INTO `org_identity_field` (`id`, `organization_id`, `identity_field_id`, `ldap_mapping_attribute`, `version`, `created_by`, `created_date`, `last_modified_by`, `last_modified_date`) VALUES (108, 1, 163, '', 0, 'ADMIN', '2020-07-15 08:31:13', NULL, NULL);
INSERT INTO `org_identity_field` (`id`, `organization_id`, `identity_field_id`, `ldap_mapping_attribute`, `version`, `created_by`, `created_date`, `last_modified_by`, `last_modified_date`) VALUES (109, 1, 164, '', 0, 'ADMIN', '2020-07-15 08:31:13', NULL, NULL);
INSERT INTO `org_identity_field` (`id`, `organization_id`, `identity_field_id`, `ldap_mapping_attribute`, `version`, `created_by`, `created_date`, `last_modified_by`, `last_modified_date`) VALUES (110, 1, 121, '', 0, 'ADMIN', '2020-07-15 08:31:13', NULL, NULL);
INSERT INTO `org_identity_field` (`id`, `organization_id`, `identity_field_id`, `ldap_mapping_attribute`, `version`, `created_by`, `created_date`, `last_modified_by`, `last_modified_date`) VALUES (111, 1, 165, '', 0, 'ADMIN', '2020-07-15 08:31:13', NULL, NULL);
INSERT INTO `org_identity_field` (`id`, `organization_id`, `identity_field_id`, `ldap_mapping_attribute`, `version`, `created_by`, `created_date`, `last_modified_by`, `last_modified_date`) VALUES (112, 1, 166, '', 0, 'ADMIN', '2020-08-20 16:33:10', NULL, NULL);
