
-- org_identities
INSERT INTO `org_identities` (`id`, `org_id`, `identity_type_id`, `is_trusted`, `can_be_issued`, `issued_identity_expiry`, `version`, `created_by`, `created_date`, `last_modified_by`, `last_modified_date`) VALUES (1, 1, 1, b'1', b'1', 365, 0, 'ADMIN', '2019-12-25 16:40:13', NULL, NULL);
INSERT INTO `org_identities` (`id`, `org_id`, `identity_type_id`, `is_trusted`, `can_be_issued`, `issued_identity_expiry`, `version`, `created_by`, `created_date`, `last_modified_by`, `last_modified_date`) VALUES (2, 1, 2, b'1', b'1', 365, 0, 'ADMIN', '2019-12-25 16:44:56', NULL, NULL);
INSERT INTO `org_identities` (`id`, `org_id`, `identity_type_id`, `is_trusted`, `can_be_issued`, `issued_identity_expiry`, `version`, `created_by`, `created_date`, `last_modified_by`, `last_modified_date`) VALUES (3, 1, 3, b'1', b'1', 365, 0, 'ADMIN', '2019-12-25 16:44:58', NULL, NULL);
INSERT INTO `org_identities` (`id`, `org_id`, `identity_type_id`, `is_trusted`, `can_be_issued`, `issued_identity_expiry`, `version`, `created_by`, `created_date`, `last_modified_by`, `last_modified_date`) VALUES (4, 1, 4, b'1', b'1', 365, 0, 'ADMIN', '2019-12-25 16:44:59', NULL, NULL);
INSERT INTO `org_identities` (`id`, `org_id`, `identity_type_id`, `is_trusted`, `can_be_issued`, `issued_identity_expiry`, `version`, `created_by`, `created_date`, `last_modified_by`, `last_modified_date`) VALUES (5, 1, 5, b'1', b'0', 365, 0, 'ADMIN', '2019-12-25 16:45:04', NULL, NULL);
INSERT INTO `org_identities` (`id`, `org_id`, `identity_type_id`, `is_trusted`, `can_be_issued`, `issued_identity_expiry`, `version`, `created_by`, `created_date`, `last_modified_by`, `last_modified_date`) VALUES (6, 1, 6, b'1', b'1', 365, 0, 'ADMIN', '2019-12-25 16:45:06', NULL, NULL);
INSERT INTO `org_identities` (`id`, `org_id`, `identity_type_id`, `is_trusted`, `can_be_issued`, `issued_identity_expiry`, `version`, `created_by`, `created_date`, `last_modified_by`, `last_modified_date`) VALUES (7, 1, 7, b'1', b'0', 365, 0, 'ADMIN', '2019-12-25 16:45:11', NULL, NULL);
INSERT INTO `org_identities` (`id`, `org_id`, `identity_type_id`, `is_trusted`, `can_be_issued`, `issued_identity_expiry`, `version`, `created_by`, `created_date`, `last_modified_by`, `last_modified_date`) VALUES (8, 1, 8, b'1', b'1', 365, 0, 'ADMIN', '2019-12-25 16:45:13', NULL, NULL);
INSERT INTO `org_identities` (`id`, `org_id`, `identity_type_id`, `is_trusted`, `can_be_issued`, `issued_identity_expiry`, `version`, `created_by`, `created_date`, `last_modified_by`, `last_modified_date`) VALUES (9, 1, 9, b'1', b'0', 365, 0, 'ADMIN', '2019-12-25 16:45:15', NULL, NULL);
INSERT INTO `org_identities` (`id`, `org_id`, `identity_type_id`, `is_trusted`, `can_be_issued`, `issued_identity_expiry`, `version`, `created_by`, `created_date`, `last_modified_by`, `last_modified_date`) VALUES (10, 1, 10, b'1', b'0', 365, 0, 'ADMIN', '2019-12-25 16:45:16', NULL, NULL);
INSERT INTO `org_identities` (`id`, `org_id`, `identity_type_id`, `is_trusted`, `can_be_issued`, `issued_identity_expiry`, `version`, `created_by`, `created_date`, `last_modified_by`, `last_modified_date`) VALUES (11, 1, 11, b'1', b'0', 365, 0, 'ADMIN', '2019-12-25 16:45:18', NULL, NULL);
INSERT INTO `org_identities` (`id`, `org_id`, `identity_type_id`, `is_trusted`, `can_be_issued`, `issued_identity_expiry`, `version`, `created_by`, `created_date`, `last_modified_by`, `last_modified_date`) VALUES (12, 1, 12, b'1', b'0', 365, 0, 'ADMIN', '2019-12-25 16:45:20', NULL, NULL);
INSERT INTO `org_identities` (`id`, `org_id`, `identity_type_id`, `is_trusted`, `can_be_issued`, `issued_identity_expiry`, `version`, `created_by`, `created_date`, `last_modified_by`, `last_modified_date`) VALUES (13, 1, 13, b'1', b'0', 365, 0, 'ADMIN', '2019-12-25 16:45:21', NULL, NULL);
INSERT INTO `org_identities` (`id`, `org_id`, `identity_type_id`, `is_trusted`, `can_be_issued`, `issued_identity_expiry`, `version`, `created_by`, `created_date`, `last_modified_by`, `last_modified_date`) VALUES (14, 1, 14, b'1', b'0', 365,0, 'ADMIN', '2019-12-25 16:45:21', NULL, NULL);

-- finger_type
INSERT INTO `finger_type` (`id`, `finger_count`, `description`, `org_id`, `config_value_id`, `version`, `created_by`, `created_date`, `last_modified_by`, `last_modified_date`) VALUES (1, 2, 'left_index finger', 1, 27, 0, 'ADMIN', '2019-12-31 08:52:25', NULL, NULL);
INSERT INTO `finger_type` (`id`, `finger_count`, `description`, `org_id`, `config_value_id`, `version`, `created_by`, `created_date`, `last_modified_by`, `last_modified_date`) VALUES (2, 2, 'right_index finger', 1, 32, 0, 'ADMIN', '2019-12-31 08:52:25', NULL, NULL);
INSERT INTO `finger_type` (`id`, `finger_count`, `description`, `org_id`, `config_value_id`, `version`, `created_by`, `created_date`, `last_modified_by`, `last_modified_date`) VALUES (3, 4, 'left_index finger', 1, 27, 0, 'ADMIN', '2019-12-31 08:52:25', NULL, NULL);
INSERT INTO `finger_type` (`id`, `finger_count`, `description`, `org_id`, `config_value_id`, `version`, `created_by`, `created_date`, `last_modified_by`, `last_modified_date`) VALUES (4, 4, 'left_middle finger', 1, 28, 0, 'ADMIN', '2019-12-31 08:52:25', NULL, NULL);
INSERT INTO `finger_type` (`id`, `finger_count`, `description`, `org_id`, `config_value_id`, `version`, `created_by`, `created_date`, `last_modified_by`, `last_modified_date`) VALUES (5, 4, 'right_index finger', 1, 32, 0, 'ADMIN', '2019-12-31 08:52:25', NULL, NULL);
INSERT INTO `finger_type` (`id`, `finger_count`, `description`, `org_id`, `config_value_id`, `version`, `created_by`, `created_date`, `last_modified_by`, `last_modified_date`) VALUES (6, 4, 'right_middle finger', 1, 33, 0, 'ADMIN', '2019-12-31 08:52:25', NULL, NULL);
INSERT INTO `finger_type` (`id`, `finger_count`, `description`, `org_id`, `config_value_id`, `version`, `created_by`, `created_date`, `last_modified_by`, `last_modified_date`) VALUES (7, 10, 'left_thumb finger', 1, 26, 0, 'ADMIN', '2019-12-31 08:52:25', NULL, NULL);
INSERT INTO `finger_type` (`id`, `finger_count`, `description`, `org_id`, `config_value_id`, `version`, `created_by`, `created_date`, `last_modified_by`, `last_modified_date`) VALUES (8, 10, 'left_index finger', 1, 27, 0, 'ADMIN', '2019-12-31 08:52:25', NULL, NULL);
INSERT INTO `finger_type` (`id`, `finger_count`, `description`, `org_id`, `config_value_id`, `version`, `created_by`, `created_date`, `last_modified_by`, `last_modified_date`) VALUES (9, 10, 'left_middle finger', 1, 28, 0, 'ADMIN', '2019-12-31 08:52:25', NULL, NULL);
INSERT INTO `finger_type` (`id`, `finger_count`, `description`, `org_id`, `config_value_id`, `version`, `created_by`, `created_date`, `last_modified_by`, `last_modified_date`) VALUES (10, 10, 'left_ring finger', 1, 29, 0, 'ADMIN', '2019-12-31 08:52:25', NULL, NULL);
INSERT INTO `finger_type` (`id`, `finger_count`, `description`, `org_id`, `config_value_id`, `version`, `created_by`, `created_date`, `last_modified_by`, `last_modified_date`) VALUES (11, 10, 'left_little finger', 1, 30, 0, 'ADMIN', '2019-12-31 08:52:25', NULL, NULL);
INSERT INTO `finger_type` (`id`, `finger_count`, `description`, `org_id`, `config_value_id`, `version`, `created_by`, `created_date`, `last_modified_by`, `last_modified_date`) VALUES (12, 10, 'right_thumb finger', 1, 31, 0, 'ADMIN', '2019-12-31 08:52:25', NULL, NULL);
INSERT INTO `finger_type` (`id`, `finger_count`, `description`, `org_id`, `config_value_id`, `version`, `created_by`, `created_date`, `last_modified_by`, `last_modified_date`) VALUES (13, 10, 'right_index finger', 1, 32, 0, 'ADMIN', '2019-12-31 08:52:25', NULL, NULL);
INSERT INTO `finger_type` (`id`, `finger_count`, `description`, `org_id`, `config_value_id`, `version`, `created_by`, `created_date`, `last_modified_by`, `last_modified_date`) VALUES (14, 10, 'right_middle finger', 1, 33, 0, 'ADMIN', '2019-12-31 08:52:25', NULL, NULL);
INSERT INTO `finger_type` (`id`, `finger_count`, `description`, `org_id`, `config_value_id`, `version`, `created_by`, `created_date`, `last_modified_by`, `last_modified_date`) VALUES (15, 10, 'right_ring finger', 1, 34, 0, 'ADMIN', '2019-12-31 08:52:25', NULL, NULL);
INSERT INTO `finger_type` (`id`, `finger_count`, `description`, `org_id`, `config_value_id`, `version`, `created_by`, `created_date`, `last_modified_by`, `last_modified_date`) VALUES (16, 10, 'right_little finger', 1, 35, 0, 'ADMIN', '2019-12-31 08:52:25', NULL, NULL);
																										
-- org_identity_field_config
INSERT INTO `org_identity_field_config` (`id`, `org_identities_id`, `identity_field_id`, `config_value_id`, `version`, `created_by`, `created_date`, `last_modified_by`, `last_modified_date`) VALUES (1, 1, 1, 48, 0, 'USER', '2020-01-23 14:32:21', NULL, NULL);
INSERT INTO `org_identity_field_config` (`id`, `org_identities_id`, `identity_field_id`, `config_value_id`, `version`, `created_by`, `created_date`, `last_modified_by`, `last_modified_date`) VALUES (2, 1, 1, 49, 0, 'USER', '2020-01-23 14:32:21', NULL, NULL);
INSERT INTO `org_identity_field_config` (`id`, `org_identities_id`, `identity_field_id`, `config_value_id`, `version`, `created_by`, `created_date`, `last_modified_by`, `last_modified_date`) VALUES (3, 1, 1, 50, 0, 'USER', '2020-01-23 14:32:21', NULL, NULL);
INSERT INTO `org_identity_field_config` (`id`, `org_identities_id`, `identity_field_id`, `config_value_id`, `version`, `created_by`, `created_date`, `last_modified_by`, `last_modified_date`) VALUES (4, 1, 1, 51, 0, 'USER', '2020-01-23 14:32:21', NULL, NULL);
INSERT INTO `org_identity_field_config` (`id`, `org_identities_id`, `identity_field_id`, `config_value_id`, `version`, `created_by`, `created_date`, `last_modified_by`, `last_modified_date`) VALUES (5, 3, 52, 48, 0, 'USER', '2020-01-23 14:32:21', NULL, NULL);
INSERT INTO `org_identity_field_config` (`id`, `org_identities_id`, `identity_field_id`, `config_value_id`, `version`, `created_by`, `created_date`, `last_modified_by`, `last_modified_date`) VALUES (6, 3, 52, 49, 0, 'USER', '2020-01-23 14:32:21', NULL, NULL);
INSERT INTO `org_identity_field_config` (`id`, `org_identities_id`, `identity_field_id`, `config_value_id`, `version`, `created_by`, `created_date`, `last_modified_by`, `last_modified_date`) VALUES (7, 3, 52, 50, 0, 'USER', '2020-01-23 14:32:21', NULL, NULL);
INSERT INTO `org_identity_field_config` (`id`, `org_identities_id`, `identity_field_id`, `config_value_id`, `version`, `created_by`, `created_date`, `last_modified_by`, `last_modified_date`) VALUES (8, 3, 52, 51, 0, 'USER', '2020-01-23 14:32:21', NULL, NULL);
INSERT INTO `org_identity_field_config` (`id`, `org_identities_id`, `identity_field_id`, `config_value_id`, `version`, `created_by`, `created_date`, `last_modified_by`, `last_modified_date`) VALUES (9, 4, 70, 48, 0, 'USER', '2020-01-23 14:32:21', NULL, NULL);
INSERT INTO `org_identity_field_config` (`id`, `org_identities_id`, `identity_field_id`, `config_value_id`, `version`, `created_by`, `created_date`, `last_modified_by`, `last_modified_date`) VALUES (10, 4, 70, 49, 0, 'USER', '2020-01-23 14:32:21', NULL, NULL);
INSERT INTO `org_identity_field_config` (`id`, `org_identities_id`, `identity_field_id`, `config_value_id`, `version`, `created_by`, `created_date`, `last_modified_by`, `last_modified_date`) VALUES (11, 4, 70, 50, 0, 'USER', '2020-01-23 14:32:21', NULL, NULL);
INSERT INTO `org_identity_field_config` (`id`, `org_identities_id`, `identity_field_id`, `config_value_id`, `version`, `created_by`, `created_date`, `last_modified_by`, `last_modified_date`) VALUES (12, 4, 70, 51, 0, 'USER', '2020-01-23 14:32:21', NULL, NULL);
INSERT INTO `org_identity_field_config` (`id`, `org_identities_id`, `identity_field_id`, `config_value_id`, `version`, `created_by`, `created_date`, `last_modified_by`, `last_modified_date`) VALUES (13, 6, 88, 48, 0, 'USER', '2020-01-23 14:32:21', NULL, NULL);
INSERT INTO `org_identity_field_config` (`id`, `org_identities_id`, `identity_field_id`, `config_value_id`, `version`, `created_by`, `created_date`, `last_modified_by`, `last_modified_date`) VALUES (14, 6, 88, 49, 0, 'USER', '2020-01-23 14:32:21', NULL, NULL);
INSERT INTO `org_identity_field_config` (`id`, `org_identities_id`, `identity_field_id`, `config_value_id`, `version`, `created_by`, `created_date`, `last_modified_by`, `last_modified_date`) VALUES (15, 6, 88, 50, 0, 'USER', '2020-01-23 14:32:21', NULL, NULL);
INSERT INTO `org_identity_field_config` (`id`, `org_identities_id`, `identity_field_id`, `config_value_id`, `version`, `created_by`, `created_date`, `last_modified_by`, `last_modified_date`) VALUES (16, 6, 88, 51, 0, 'USER', '2020-01-23 14:32:21', NULL, NULL);
INSERT INTO `org_identity_field_config` (`id`, `org_identities_id`, `identity_field_id`, `config_value_id`, `version`, `created_by`, `created_date`, `last_modified_by`, `last_modified_date`) VALUES (17, 8, 111, 48, 0, 'USER', '2020-01-23 14:32:21', NULL, NULL);
INSERT INTO `org_identity_field_config` (`id`, `org_identities_id`, `identity_field_id`, `config_value_id`, `version`, `created_by`, `created_date`, `last_modified_by`, `last_modified_date`) VALUES (18, 8, 111, 49, 0, 'USER', '2020-01-23 14:32:21', NULL, NULL);
INSERT INTO `org_identity_field_config` (`id`, `org_identities_id`, `identity_field_id`, `config_value_id`, `version`, `created_by`, `created_date`, `last_modified_by`, `last_modified_date`) VALUES (19, 8, 111, 50, 0, 'USER', '2020-01-23 14:32:21', NULL, NULL);
INSERT INTO `org_identity_field_config` (`id`, `org_identities_id`, `identity_field_id`, `config_value_id`, `version`, `created_by`, `created_date`, `last_modified_by`, `last_modified_date`) VALUES (20, 8, 111, 51, 0, 'USER', '2020-01-23 14:32:21', NULL, NULL);
INSERT INTO `org_identity_field_config` (`id`, `org_identities_id`, `identity_field_id`, `config_value_id`, `version`, `created_by`, `created_date`, `last_modified_by`, `last_modified_date`) VALUES (21, 2, 131, 48, 0, 'USER', '2020-01-23 14:32:21', NULL, NULL);
INSERT INTO `org_identity_field_config` (`id`, `org_identities_id`, `identity_field_id`, `config_value_id`, `version`, `created_by`, `created_date`, `last_modified_by`, `last_modified_date`) VALUES (22, 2, 131, 49, 0, 'USER', '2020-01-23 14:32:21', NULL, NULL);
INSERT INTO `org_identity_field_config` (`id`, `org_identities_id`, `identity_field_id`, `config_value_id`, `version`, `created_by`, `created_date`, `last_modified_by`, `last_modified_date`) VALUES (23, 2, 131, 50, 0, 'USER', '2020-01-23 14:32:21', NULL, NULL);
INSERT INTO `org_identity_field_config` (`id`, `org_identities_id`, `identity_field_id`, `config_value_id`, `version`, `created_by`, `created_date`, `last_modified_by`, `last_modified_date`) VALUES (24, 2, 131, 51, 0, 'USER', '2020-01-23 14:32:21', NULL, NULL);


