-- device_type
INSERT INTO `device_type` (`id`, `name`, `active`, `visual_applicable`, `version`, `created_by`, `created_date`, `last_modified_by`, `last_modified_date`) VALUES (1, 'Smart Card', b'1',  b'1', 0, 'USER', '2020-04-20 14:58:02', NULL, NULL);
INSERT INTO `device_type` (`id`, `name`, `active`, `visual_applicable`, `version`, `created_by`, `created_date`, `last_modified_by`, `last_modified_date`) VALUES (2, 'Token', b'1', b'0' , 0, 'USER', '2020-04-20 14:58:02', NULL, NULL);
INSERT INTO `device_type` (`id`, `name`, `active`, `visual_applicable`, `version`, `created_by`, `created_date`, `last_modified_by`, `last_modified_date`) VALUES (3, 'Mobile', b'1', b'1', 0, 'USER', '2020-04-20 14:58:02', NULL, NULL);
INSERT INTO `device_type` (`id`, `name`, `active`, `visual_applicable`, `version`, `created_by`, `created_date`, `last_modified_by`, `last_modified_date`) VALUES (4, 'Plastic Card', b'1', b'0', 0, 'USER', '2020-04-20 14:58:02', NULL, NULL);

-- device_actions
INSERT INTO `device_actions` (`id`, `name`, `active`, `version`, `created_by`, `created_date`, `last_modified_by`, `last_modified_date`) VALUES (1, 'Activate', b'1', 0, 'USER', '2020-04-20 15:02:30', NULL, NULL);
INSERT INTO `device_actions` (`id`, `name`, `active`, `version`, `created_by`, `created_date`, `last_modified_by`, `last_modified_date`) VALUES (2, 'Change Device PIN', b'1', 0, 'USER', '2020-04-20 15:02:20', NULL, NULL);
INSERT INTO `device_actions` (`id`, `name`, `active`, `version`, `created_by`, `created_date`, `last_modified_by`, `last_modified_date`) VALUES (3, 'Reset Device PIN', b'1', 0, 'USER', '2020-04-20 15:02:21', NULL, NULL);
INSERT INTO `device_actions` (`id`, `name`, `active`, `version`, `created_by`, `created_date`, `last_modified_by`, `last_modified_date`) VALUES (4, 'Report Incident', b'1', 0, 'USER', '2020-04-20 15:13:41', NULL, NULL);
INSERT INTO `device_actions` (`id`, `name`, `active`, `version`, `created_by`, `created_date`, `last_modified_by`, `last_modified_date`) VALUES (5, 'Suspend', b'1', 0, 'USER', '2020-04-20 15:13:43', NULL, NULL);
INSERT INTO `device_actions` (`id`, `name`, `active`, `version`, `created_by`, `created_date`, `last_modified_by`, `last_modified_date`) VALUES (6, 'Reactivate', b'1', 0, 'USER', '2020-04-20 15:13:45', NULL, NULL);
INSERT INTO `device_actions` (`id`, `name`, `active`, `version`, `created_by`, `created_date`, `last_modified_by`, `last_modified_date`) VALUES (7, 'Revoke', b'1', 0, 'USER', '2020-04-20 15:13:47', NULL, NULL);
INSERT INTO `device_actions` (`id`, `name`, `active`, `version`, `created_by`, `created_date`, `last_modified_by`, `last_modified_date`) VALUES (8, 'Renew', b'1', 0, 'USER', '2020-04-20 15:13:48', NULL, NULL);
INSERT INTO `device_actions` (`id`, `name`, `active`, `version`, `created_by`, `created_date`, `last_modified_by`, `last_modified_date`) VALUES (9, 'Remove', b'1', 0, 'USER', '2020-04-20 15:13:50', NULL, NULL);
INSERT INTO `device_actions` (`id`, `name`, `active`, `version`, `created_by`, `created_date`, `last_modified_by`, `last_modified_date`) VALUES (10, 'Reissue', b'1', 0, 'USER', '2020-04-20 15:13:50', NULL, NULL);
INSERT INTO `device_actions` (`id`, `name`, `active`, `version`, `created_by`, `created_date`, `last_modified_by`, `last_modified_date`) VALUES (11, 'Show PUK', b'1', 0, 'USER', '2020-07-18 15:46:32', NULL, NULL);
INSERT INTO `device_actions` (`id`, `name`, `active`, `version`, `created_by`, `created_date`, `last_modified_by`, `last_modified_date`) VALUES (12, 'Recycle', b'1', 0, 'USER', '2020-07-18 15:46:32', NULL, NULL);

-- device_type_actions_mapping
INSERT INTO `device_type_actions_mapping` (`id`, `device_type_id`, `device_actions_id`, `is_connected`, `version`, `created_by`, `created_date`, `last_modified_by`, `last_modified_date`) VALUES (1, 1, 1, b'1', 0, 'USER', '2020-04-21 14:15:31', NULL, NULL);
INSERT INTO `device_type_actions_mapping` (`id`, `device_type_id`, `device_actions_id`, `is_connected`, `version`, `created_by`, `created_date`, `last_modified_by`, `last_modified_date`) VALUES (2, 1, 2, b'1', 0, 'USER', '2020-04-21 14:15:32', NULL, NULL);
INSERT INTO `device_type_actions_mapping` (`id`, `device_type_id`, `device_actions_id`, `is_connected`, `version`, `created_by`, `created_date`, `last_modified_by`, `last_modified_date`) VALUES (3, 1, 3, b'1', 0, 'USER', '2020-04-21 14:15:32', NULL, NULL);
INSERT INTO `device_type_actions_mapping` (`id`, `device_type_id`, `device_actions_id`, `is_connected`, `version`, `created_by`, `created_date`, `last_modified_by`, `last_modified_date`) VALUES (4, 1, 4, b'1', 0, 'USER', '2020-04-21 14:15:33', NULL, NULL);
INSERT INTO `device_type_actions_mapping` (`id`, `device_type_id`, `device_actions_id`, `is_connected`, `version`, `created_by`, `created_date`, `last_modified_by`, `last_modified_date`) VALUES (5, 1, 5, b'1', 0, 'USER', '2020-04-21 14:15:34', NULL, NULL);
INSERT INTO `device_type_actions_mapping` (`id`, `device_type_id`, `device_actions_id`, `is_connected`, `version`, `created_by`, `created_date`, `last_modified_by`, `last_modified_date`) VALUES (6, 1, 6, b'1', 0, 'USER', '2020-04-21 14:15:34', NULL, NULL);
INSERT INTO `device_type_actions_mapping` (`id`, `device_type_id`, `device_actions_id`, `is_connected`, `version`, `created_by`, `created_date`, `last_modified_by`, `last_modified_date`) VALUES (7, 1, 7, b'1', 0, 'USER', '2020-04-21 14:15:35', NULL, NULL);
INSERT INTO `device_type_actions_mapping` (`id`, `device_type_id`, `device_actions_id`, `is_connected`, `version`, `created_by`, `created_date`, `last_modified_by`, `last_modified_date`) VALUES (8, 1, 8, b'1', 0, 'USER', '2020-04-21 14:15:36', NULL, NULL);
INSERT INTO `device_type_actions_mapping` (`id`, `device_type_id`, `device_actions_id`, `is_connected`, `version`, `created_by`, `created_date`, `last_modified_by`, `last_modified_date`) VALUES (9, 1, 9, b'1', 0, 'USER', '2020-04-21 14:15:37', NULL, NULL);
INSERT INTO `device_type_actions_mapping` (`id`, `device_type_id`, `device_actions_id`, `is_connected`, `version`, `created_by`, `created_date`, `last_modified_by`, `last_modified_date`) VALUES (10, 3, 1, b'1', 0, 'USER', '2020-04-21 14:15:37', NULL, NULL);
INSERT INTO `device_type_actions_mapping` (`id`, `device_type_id`, `device_actions_id`, `is_connected`, `version`, `created_by`, `created_date`, `last_modified_by`, `last_modified_date`) VALUES (11, 3, 5, b'1', 0, 'USER', '2020-04-21 14:15:38', NULL, NULL);
INSERT INTO `device_type_actions_mapping` (`id`, `device_type_id`, `device_actions_id`, `is_connected`, `version`, `created_by`, `created_date`, `last_modified_by`, `last_modified_date`) VALUES (12, 3, 6, b'1', 0, 'USER', '2020-04-21 14:15:38', NULL, NULL);
INSERT INTO `device_type_actions_mapping` (`id`, `device_type_id`, `device_actions_id`, `is_connected`, `version`, `created_by`, `created_date`, `last_modified_by`, `last_modified_date`) VALUES (13, 3, 7, b'1', 0, 'USER', '2020-04-21 14:15:39', NULL, NULL);
INSERT INTO `device_type_actions_mapping` (`id`, `device_type_id`, `device_actions_id`, `is_connected`, `version`, `created_by`, `created_date`, `last_modified_by`, `last_modified_date`) VALUES (14, 3, 9, b'1', 0, 'USER', '2020-04-24 13:28:31', NULL, NULL);
INSERT INTO `device_type_actions_mapping` (`id`, `device_type_id`, `device_actions_id`, `is_connected`, `version`, `created_by`, `created_date`, `last_modified_by`, `last_modified_date`) VALUES (15, 3, 4, b'1', 0, 'USER', '2020-04-24 11:55:19', NULL, NULL);
INSERT INTO `device_type_actions_mapping` (`id`, `device_type_id`, `device_actions_id`, `is_connected`, `version`, `created_by`, `created_date`, `last_modified_by`, `last_modified_date`) VALUES (16, 1, 4, b'0', 0, 'USER', '2020-04-21 14:16:03', NULL, NULL);
INSERT INTO `device_type_actions_mapping` (`id`, `device_type_id`, `device_actions_id`, `is_connected`, `version`, `created_by`, `created_date`, `last_modified_by`, `last_modified_date`) VALUES (17, 1, 5, b'0', 0, 'USER', '2020-04-21 14:16:10', NULL, NULL);
INSERT INTO `device_type_actions_mapping` (`id`, `device_type_id`, `device_actions_id`, `is_connected`, `version`, `created_by`, `created_date`, `last_modified_by`, `last_modified_date`) VALUES (18, 1, 6, b'0', 0, 'USER', '2020-04-21 14:16:14', NULL, NULL);
INSERT INTO `device_type_actions_mapping` (`id`, `device_type_id`, `device_actions_id`, `is_connected`, `version`, `created_by`, `created_date`, `last_modified_by`, `last_modified_date`) VALUES (19, 1, 7, b'0', 0, 'USER', '2020-04-21 14:16:25', NULL, NULL);
INSERT INTO `device_type_actions_mapping` (`id`, `device_type_id`, `device_actions_id`, `is_connected`, `version`, `created_by`, `created_date`, `last_modified_by`, `last_modified_date`) VALUES (20, 1, 9, b'0', 0, 'USER', '2020-04-21 14:16:25', NULL, NULL);
INSERT INTO `device_type_actions_mapping` (`id`, `device_type_id`, `device_actions_id`, `is_connected`, `version`, `created_by`, `created_date`, `last_modified_by`, `last_modified_date`) VALUES (21, 1, 11, b'0', 0, 'USER', '2020-07-18 16:16:24', NULL, NULL);
INSERT INTO `device_type_actions_mapping` (`id`, `device_type_id`, `device_actions_id`, `is_connected`, `version`, `created_by`, `created_date`, `last_modified_by`, `last_modified_date`) VALUES (22, 1, 11, b'1', 0, 'USER', '2020-07-18 16:16:24', NULL, NULL);
INSERT INTO `device_type_actions_mapping` (`id`, `device_type_id`, `device_actions_id`, `is_connected`, `version`, `created_by`, `created_date`, `last_modified_by`, `last_modified_date`) VALUES (23, 4, 5, b'0', 0, 'USER', '2020-08-07 10:39:20', NULL, NULL);
INSERT INTO `device_type_actions_mapping` (`id`, `device_type_id`, `device_actions_id`, `is_connected`, `version`, `created_by`, `created_date`, `last_modified_by`, `last_modified_date`) VALUES (24, 4, 7, b'0', 0, 'USER', '2020-08-07 10:39:39', NULL, NULL);
INSERT INTO `device_type_actions_mapping` (`id`, `device_type_id`, `device_actions_id`, `is_connected`, `version`, `created_by`, `created_date`, `last_modified_by`, `last_modified_date`) VALUES (25, 4, 6, b'0', 0, 'USER', '2020-08-07 10:39:39', NULL, NULL);
INSERT INTO `device_type_actions_mapping` (`id`, `device_type_id`, `device_actions_id`, `is_connected`, `version`, `created_by`, `created_date`, `last_modified_by`, `last_modified_date`) VALUES (26, 4, 8, b'0', 0, 'USER', '2020-08-07 10:39:39', NULL, NULL);
INSERT INTO `device_type_actions_mapping` (`id`, `device_type_id`, `device_actions_id`, `is_connected`, `version`, `created_by`, `created_date`, `last_modified_by`, `last_modified_date`) VALUES (27, 4, 9, b'0', 0, 'USER', '2020-08-07 10:39:39', NULL, NULL);

-- device_status
INSERT INTO `device_status` (`id`, `name`, `description`, `version`, `created_by`, `created_date`, `last_modified_by`, `last_modified_date`) VALUES (1, 'Pending Activation', 'when the device issued by operator/ admin', 0, 'USER', '2020-04-20 15:05:59', NULL, NULL);
INSERT INTO `device_status` (`id`, `name`, `description`, `version`, `created_by`, `created_date`, `last_modified_by`, `last_modified_date`) VALUES (2, 'Active', 'After activating the device', 0, 'USER', '2020-04-20 15:05:59', NULL, NULL);
INSERT INTO `device_status` (`id`, `name`, `description`, `version`, `created_by`, `created_date`, `last_modified_by`, `last_modified_date`) VALUES (3, 'OnHold', 'After raising a report', 0, 'USER', '2020-04-20 15:05:59', NULL, NULL);
INSERT INTO `device_status` (`id`, `name`, `description`, `version`, `created_by`, `created_date`, `last_modified_by`, `last_modified_date`) VALUES (4, 'Suspended', 'After suspending the device', 0, 'USER', '2020-04-20 15:05:59', NULL, NULL);
INSERT INTO `device_status` (`id`, `name`, `description`, `version`, `created_by`, `created_date`, `last_modified_by`, `last_modified_date`) VALUES (5, 'Revoked', 'After revoking the device', 0, 'USER', '2020-04-20 15:05:59', NULL, NULL);
INSERT INTO `device_status` (`id`, `name`, `description`, `version`, `created_by`, `created_date`, `last_modified_by`, `last_modified_date`) VALUES (6, 'Removed', 'After removing the device', 0, 'USER', '2020-04-20 15:05:59', NULL, NULL);
INSERT INTO `device_status` (`id`, `name`, `description`, `version`, `created_by`, `created_date`, `last_modified_by`, `last_modified_date`) VALUES (7, 'Expired', 'After expiring the identity', 0, 'USER', '2020-04-20 15:05:59', NULL, NULL);
INSERT INTO `device_status` (`id`, `name`, `description`, `version`, `created_by`, `created_date`, `last_modified_by`, `last_modified_date`) VALUES (8, 'Recycled', 'After device is recycled', 0, 'USER', '2020-04-20 15:05:59', NULL, NULL);

-- role_device_type
INSERT INTO `role_device_type` (`id`, `role_id`, `device_type_id`, `version`, `created_by`, `created_date`, `last_modified_by`, `last_modified_date`) VALUES (1, 2, 1, 0, 'USER', '2020-04-21 10:52:50', NULL, NULL);
INSERT INTO `role_device_type` (`id`, `role_id`, `device_type_id`, `version`, `created_by`, `created_date`, `last_modified_by`, `last_modified_date`) VALUES (2, 2, 2, 0, 'USER', '2020-04-21 10:52:50', NULL, NULL);
INSERT INTO `role_device_type` (`id`, `role_id`, `device_type_id`, `version`, `created_by`, `created_date`, `last_modified_by`, `last_modified_date`) VALUES (3, 2, 3, 0, 'USER', '2020-04-21 10:52:50', NULL, NULL);
INSERT INTO `role_device_type` (`id`, `role_id`, `device_type_id`, `version`, `created_by`, `created_date`, `last_modified_by`, `last_modified_date`) VALUES (4, 2, 4, 0, 'USER', '2020-04-21 10:52:50', NULL, NULL);
INSERT INTO `role_device_type` (`id`, `role_id`, `device_type_id`, `version`, `created_by`, `created_date`, `last_modified_by`, `last_modified_date`) VALUES (5, 3, 1, 0, 'USER', '2020-04-21 10:52:50', NULL, NULL);
INSERT INTO `role_device_type` (`id`, `role_id`, `device_type_id`, `version`, `created_by`, `created_date`, `last_modified_by`, `last_modified_date`) VALUES (6, 3, 2, 0, 'USER', '2020-04-21 10:53:28', NULL, NULL);
INSERT INTO `role_device_type` (`id`, `role_id`, `device_type_id`, `version`, `created_by`, `created_date`, `last_modified_by`, `last_modified_date`) VALUES (7, 3, 3, 0, 'USER', '2020-04-21 10:53:28', NULL, NULL);
INSERT INTO `role_device_type` (`id`, `role_id`, `device_type_id`, `version`, `created_by`, `created_date`, `last_modified_by`, `last_modified_date`) VALUES (8, 3, 4, 0, 'USER', '2020-04-21 10:53:28', NULL, NULL);
INSERT INTO `role_device_type` (`id`, `role_id`, `device_type_id`, `version`, `created_by`, `created_date`, `last_modified_by`, `last_modified_date`) VALUES (9, 4, 1, 0, 'USER', '2020-04-21 10:53:48', NULL, NULL);
INSERT INTO `role_device_type` (`id`, `role_id`, `device_type_id`, `version`, `created_by`, `created_date`, `last_modified_by`, `last_modified_date`) VALUES (10, 4, 2, 0, 'USER', '2020-04-21 10:53:52', NULL, NULL);
INSERT INTO `role_device_type` (`id`, `role_id`, `device_type_id`, `version`, `created_by`, `created_date`, `last_modified_by`, `last_modified_date`) VALUES (11, 4, 3, 0, 'USER', '2020-04-21 10:53:52', NULL, NULL);
INSERT INTO `role_device_type` (`id`, `role_id`, `device_type_id`, `version`, `created_by`, `created_date`, `last_modified_by`, `last_modified_date`) VALUES (12, 4, 4, 0, 'USER', '2020-04-21 10:53:52', NULL, NULL);
INSERT INTO `role_device_type` (`id`, `role_id`, `device_type_id`, `version`, `created_by`, `created_date`, `last_modified_by`, `last_modified_date`) VALUES (13, 1, 1, 0, 'USER', '2020-04-21 10:53:52', NULL, NULL);
INSERT INTO `role_device_type` (`id`, `role_id`, `device_type_id`, `version`, `created_by`, `created_date`, `last_modified_by`, `last_modified_date`) VALUES (14, 1, 2, 0, 'USER', '2020-04-21 10:53:52', NULL, NULL);
INSERT INTO `role_device_type` (`id`, `role_id`, `device_type_id`, `version`, `created_by`, `created_date`, `last_modified_by`, `last_modified_date`) VALUES (15, 1, 3, 0, 'USER', '2020-04-21 10:53:52', NULL, NULL);
INSERT INTO `role_device_type` (`id`, `role_id`, `device_type_id`, `version`, `created_by`, `created_date`, `last_modified_by`, `last_modified_date`) VALUES (16, 1, 4, 0, 'USER', '2020-04-21 10:53:52', NULL, NULL);

--  role_device_actions
INSERT INTO `role_device_actions` (`id`, `role_id`, `device_actions_id`, `version`, `created_by`, `created_date`, `last_modified_by`, `last_modified_date`) VALUES (1, 2, 3, 0, 'USER', '2020-04-21 19:29:55', NULL, NULL);
INSERT INTO `role_device_actions` (`id`, `role_id`, `device_actions_id`, `version`, `created_by`, `created_date`, `last_modified_by`, `last_modified_date`) VALUES (2, 2, 5, 0, 'USER', '2020-04-21 19:30:05', NULL, NULL);
INSERT INTO `role_device_actions` (`id`, `role_id`, `device_actions_id`, `version`, `created_by`, `created_date`, `last_modified_by`, `last_modified_date`) VALUES (3, 2, 7, 0, 'USER', '2020-04-21 19:30:09', NULL, NULL);
INSERT INTO `role_device_actions` (`id`, `role_id`, `device_actions_id`, `version`, `created_by`, `created_date`, `last_modified_by`, `last_modified_date`) VALUES (4, 2, 6, 0, 'USER', '2020-04-21 19:30:11', NULL, NULL);
INSERT INTO `role_device_actions` (`id`, `role_id`, `device_actions_id`, `version`, `created_by`, `created_date`, `last_modified_by`, `last_modified_date`) VALUES (5, 2, 9, 0, 'USER', '2020-04-21 19:30:21', NULL, NULL);
INSERT INTO `role_device_actions` (`id`, `role_id`, `device_actions_id`, `version`, `created_by`, `created_date`, `last_modified_by`, `last_modified_date`) VALUES (6, 3, 1, 0, 'USER', '2020-04-21 19:30:28', NULL, NULL);
INSERT INTO `role_device_actions` (`id`, `role_id`, `device_actions_id`, `version`, `created_by`, `created_date`, `last_modified_by`, `last_modified_date`) VALUES (7, 3, 2, 0, 'USER', '2020-04-21 19:30:43', NULL, NULL);
INSERT INTO `role_device_actions` (`id`, `role_id`, `device_actions_id`, `version`, `created_by`, `created_date`, `last_modified_by`, `last_modified_date`) VALUES (8, 3, 4, 0, 'USER', '2020-04-21 19:30:50', NULL, NULL);
INSERT INTO `role_device_actions` (`id`, `role_id`, `device_actions_id`, `version`, `created_by`, `created_date`, `last_modified_by`, `last_modified_date`) VALUES (9, 3, 5, 0, 'USER', '2020-04-21 19:30:50', NULL, NULL);
INSERT INTO `role_device_actions` (`id`, `role_id`, `device_actions_id`, `version`, `created_by`, `created_date`, `last_modified_by`, `last_modified_date`) VALUES (10, 3, 6, 0, 'USER', '2020-04-21 19:30:50', NULL, NULL);
INSERT INTO `role_device_actions` (`id`, `role_id`, `device_actions_id`, `version`, `created_by`, `created_date`, `last_modified_by`, `last_modified_date`) VALUES (11, 3, 8, 0, 'USER', '2020-04-21 19:30:50', NULL, NULL);
INSERT INTO `role_device_actions` (`id`, `role_id`, `device_actions_id`, `version`, `created_by`, `created_date`, `last_modified_by`, `last_modified_date`) VALUES (12, 4, 1, 0, 'USER', '2020-04-21 19:30:50', NULL, NULL);
INSERT INTO `role_device_actions` (`id`, `role_id`, `device_actions_id`, `version`, `created_by`, `created_date`, `last_modified_by`, `last_modified_date`) VALUES (13, 4, 3, 0, 'USER', '2020-04-21 19:30:50', NULL, NULL);
INSERT INTO `role_device_actions` (`id`, `role_id`, `device_actions_id`, `version`, `created_by`, `created_date`, `last_modified_by`, `last_modified_date`) VALUES (14, 4, 6, 0, 'USER', '2020-04-21 19:30:50', NULL, NULL);
INSERT INTO `role_device_actions` (`id`, `role_id`, `device_actions_id`, `version`, `created_by`, `created_date`, `last_modified_by`, `last_modified_date`) VALUES (15, 1, 3, 0, 'USER', '2020-04-21 19:30:50', NULL, NULL);
INSERT INTO `role_device_actions` (`id`, `role_id`, `device_actions_id`, `version`, `created_by`, `created_date`, `last_modified_by`, `last_modified_date`) VALUES (16, 1, 5, 0, 'USER', '2020-04-21 19:30:50', NULL, NULL);
INSERT INTO `role_device_actions` (`id`, `role_id`, `device_actions_id`, `version`, `created_by`, `created_date`, `last_modified_by`, `last_modified_date`) VALUES (17, 1, 7, 0, 'USER', '2020-04-21 19:30:50', NULL, NULL);
INSERT INTO `role_device_actions` (`id`, `role_id`, `device_actions_id`, `version`, `created_by`, `created_date`, `last_modified_by`, `last_modified_date`) VALUES (18, 1, 6, 0, 'USER', '2020-04-21 19:30:50', NULL, NULL);
INSERT INTO `role_device_actions` (`id`, `role_id`, `device_actions_id`, `version`, `created_by`, `created_date`, `last_modified_by`, `last_modified_date`) VALUES (19, 1, 11, 0, 'USER', '2020-07-18 15:49:49', NULL, NULL);
INSERT INTO `role_device_actions` (`id`, `role_id`, `device_actions_id`, `version`, `created_by`, `created_date`, `last_modified_by`, `last_modified_date`) VALUES (20, 2, 11, 0, 'USER', '2020-07-18 15:49:49', NULL, NULL);

-- device_action_status_relation
INSERT INTO `device_action_status_relation` (`id`, `device_status_id`, `device_actions_id`, `version`, `created_by`, `created_date`, `last_modified_by`, `last_modified_date`) VALUES (1, 1, 1, 0, 'USER', '2020-04-21 10:49:41', NULL, NULL);
INSERT INTO `device_action_status_relation` (`id`, `device_status_id`, `device_actions_id`, `version`, `created_by`, `created_date`, `last_modified_by`, `last_modified_date`) VALUES (2, 2, 2, 0, 'USER', '2020-04-21 10:49:41', NULL, NULL);
INSERT INTO `device_action_status_relation` (`id`, `device_status_id`, `device_actions_id`, `version`, `created_by`, `created_date`, `last_modified_by`, `last_modified_date`) VALUES (3, 2, 3, 0, 'USER', '2020-04-21 10:49:41', NULL, NULL);
INSERT INTO `device_action_status_relation` (`id`, `device_status_id`, `device_actions_id`, `version`, `created_by`, `created_date`, `last_modified_by`, `last_modified_date`) VALUES (4, 2, 4, 0, 'USER', '2020-04-21 10:49:41', NULL, NULL);
INSERT INTO `device_action_status_relation` (`id`, `device_status_id`, `device_actions_id`, `version`, `created_by`, `created_date`, `last_modified_by`, `last_modified_date`) VALUES (5, 2, 5, 0, 'USER', '2020-04-21 10:49:41', NULL, NULL);
INSERT INTO `device_action_status_relation` (`id`, `device_status_id`, `device_actions_id`, `version`, `created_by`, `created_date`, `last_modified_by`, `last_modified_date`) VALUES (6, 2, 8, 0, 'USER', '2020-04-21 10:49:41', NULL, NULL);
INSERT INTO `device_action_status_relation` (`id`, `device_status_id`, `device_actions_id`, `version`, `created_by`, `created_date`, `last_modified_by`, `last_modified_date`) VALUES (7, 3, 5, 0, 'USER', '2020-04-21 10:49:41', NULL, NULL);
INSERT INTO `device_action_status_relation` (`id`, `device_status_id`, `device_actions_id`, `version`, `created_by`, `created_date`, `last_modified_by`, `last_modified_date`) VALUES (8, 3, 7, 0, 'USER', '2020-04-21 10:49:41', NULL, NULL);
INSERT INTO `device_action_status_relation` (`id`, `device_status_id`, `device_actions_id`, `version`, `created_by`, `created_date`, `last_modified_by`, `last_modified_date`) VALUES (9, 3, 6, 0, 'USER', '2020-04-21 10:49:41', NULL, NULL);
INSERT INTO `device_action_status_relation` (`id`, `device_status_id`, `device_actions_id`, `version`, `created_by`, `created_date`, `last_modified_by`, `last_modified_date`) VALUES (10, 4, 6, 0, 'USER', '2020-04-21 10:49:41', NULL, NULL);
INSERT INTO `device_action_status_relation` (`id`, `device_status_id`, `device_actions_id`, `version`, `created_by`, `created_date`, `last_modified_by`, `last_modified_date`) VALUES (11, 4, 7, 0, 'USER', '2020-04-21 10:49:41', NULL, NULL);
INSERT INTO `device_action_status_relation` (`id`, `device_status_id`, `device_actions_id`, `version`, `created_by`, `created_date`, `last_modified_by`, `last_modified_date`) VALUES (12, 5, 9, 0, 'USER', '2020-04-24 11:42:13', NULL, NULL);
INSERT INTO `device_action_status_relation` (`id`, `device_status_id`, `device_actions_id`, `version`, `created_by`, `created_date`, `last_modified_by`, `last_modified_date`) VALUES (13, 2, 7, 0, 'USER', '2020-04-24 11:42:13', NULL, NULL);
INSERT INTO `device_action_status_relation` (`id`, `device_status_id`, `device_actions_id`, `version`, `created_by`, `created_date`, `last_modified_by`, `last_modified_date`) VALUES (14, 2, 11, 0, 'USER', '2020-07-18 15:49:13', NULL, NULL);
INSERT INTO `device_action_status_relation` (`id`, `device_status_id`, `device_actions_id`, `version`, `created_by`, `created_date`, `last_modified_by`, `last_modified_date`) VALUES (15, 3, 11, 0, 'USER', '2020-07-20 10:10:30', NULL, NULL);
INSERT INTO `device_action_status_relation` (`id`, `device_status_id`, `device_actions_id`, `version`, `created_by`, `created_date`, `last_modified_by`, `last_modified_date`) VALUES (16, 4, 11, 0, 'USER', '2020-07-20 10:10:30', NULL, NULL);
INSERT INTO `device_action_status_relation` (`id`, `device_status_id`, `device_actions_id`, `version`, `created_by`, `created_date`, `last_modified_by`, `last_modified_date`) VALUES (17, 5, 11, 0, 'USER', '2020-07-20 10:11:12', NULL, NULL);

