-- identity_type
INSERT INTO `identity_type` (`id`, `name`, `description`, `ref_standard`, `ref_standard_desc`, `notes`, `version`, `created_by`, `created_date`, `last_modified_by`, `last_modified_date`) VALUES (15, 'Permanent Resident ID', 'Standard for Permanent Resident ID', '', null, 'front,back,qrcode', 0, 'ADMIN', '2021-05-31 12:24:54', NULL, NULL);

-- org_identities
INSERT INTO `org_identities` (`id`, `org_id`, `identity_type_id`, `is_trusted`, `can_be_issued`, `issued_identity_expiry`, `version`, `created_by`, `created_date`, `last_modified_by`, `last_modified_date`) VALUES (29, 1, 15, b'1', b'1', 365, 0, 'ADMIN', '2019-12-25 16:45:21', NULL, NULL);

-- identity_field
INSERT INTO `identity_field` (`id`, `identity_type_id`, `name`, `display_name`, `description`, `type`, `mandatory`, `stake_holder_id`, `version`, `created_by`, `created_date`, `last_modified_by`, `last_modified_date`) VALUES (208, 15, 'Photo', 'Photo', 'Photo', 'IMAGE', 1, 73, 0, 'ADMIN', '2019-05-31 12:26:16', NULL, NULL);
INSERT INTO `identity_field` (`id`, `identity_type_id`, `name`, `display_name`, `description`, `type`, `mandatory`, `stake_holder_id`, `version`, `created_by`, `created_date`, `last_modified_by`, `last_modified_date`) VALUES (209, 15, 'Surname/Family Name', 'Family Name', 'Surname/Family Name', 'TEXTBOX', 1, 73, 0, 'ADMIN', '2019-05-31 12:27:42', NULL, NULL);
INSERT INTO `identity_field` (`id`, `identity_type_id`, `name`, `display_name`, `description`, `type`, `mandatory`, `stake_holder_id`, `version`, `created_by`, `created_date`, `last_modified_by`, `last_modified_date`) VALUES (210, 15, 'Given Name (First & Last Name)', 'Given Name', 'Given Name (First & Last Name)', 'TEXTBOX', 1, 73, 0, 'ADMIN', '2019-05-31 12:27:42', NULL, NULL);
INSERT INTO `identity_field` (`id`, `identity_type_id`, `name`, `display_name`, `description`, `type`, `mandatory`, `stake_holder_id`, `version`, `created_by`, `created_date`, `last_modified_by`, `last_modified_date`) VALUES (211, 15, 'Mother’s Maiden Name', 'Mother’s Maiden Name', 'Mother’s Maiden Name', 'TEXTBOX', 1, 73, 0, 'ADMIN', '2019-05-31 12:27:42', NULL, NULL);
INSERT INTO `identity_field` (`id`, `identity_type_id`, `name`, `display_name`, `description`, `type`, `mandatory`, `stake_holder_id`, `version`, `created_by`, `created_date`, `last_modified_by`, `last_modified_date`) VALUES (212, 15, 'Date of Birth', 'Date of Birth', 'Date of Birth', 'DATE', 1, 73, 0, 'ADMIN', '2019-05-31 12:27:42', NULL, NULL);
INSERT INTO `identity_field` (`id`, `identity_type_id`, `name`, `display_name`, `description`, `type`, `mandatory`, `stake_holder_id`, `version`, `created_by`, `created_date`, `last_modified_by`, `last_modified_date`) VALUES (213, 15, 'Place of Birth', 'Place of Birth', 'Birth Place', 'TEXTBOX', 1, 73, 0, 'ADMIN', '2019-05-31 12:27:42', NULL, NULL);
INSERT INTO `identity_field` (`id`, `identity_type_id`, `name`, `display_name`, `description`, `type`, `mandatory`, `stake_holder_id`, `version`, `created_by`, `created_date`, `last_modified_by`, `last_modified_date`) VALUES (214, 15, 'Gender', 'Gender', 'Gender', 'RADIO', 1, 73, 0, 'ADMIN', '2019-05-31 12:27:42', NULL, NULL);
INSERT INTO `identity_field` (`id`, `identity_type_id`, `name`, `display_name`, `description`, `type`, `mandatory`, `stake_holder_id`, `version`, `created_by`, `created_date`, `last_modified_by`, `last_modified_date`) VALUES (215, 15, 'Signature', 'Signature', 'Signature', 'IMAGE', 1, 73, 0, 'ADMIN', '2019-05-31 12:48:14', NULL, NULL);
INSERT INTO `identity_field` (`id`, `identity_type_id`, `name`, `display_name`, `description`, `type`, `mandatory`, `stake_holder_id`, `version`, `created_by`, `created_date`, `last_modified_by`, `last_modified_date`) VALUES (216, 15, 'Passport Number', 'Passport Number', 'Passport Number', 'TEXTBOX', 1, 73, 0, 'ADMIN', '2019-05-31 12:52:41', NULL, NULL);
INSERT INTO `identity_field` (`id`, `identity_type_id`, `name`, `display_name`, `description`, `type`, `mandatory`, `stake_holder_id`, `version`, `created_by`, `created_date`, `last_modified_by`, `last_modified_date`) VALUES (217, 15, 'Resident Card Type Number', 'Resident Card Type Number', 'Resident Card Type Number', 'TEXTBOX', 1, 73, 0, 'ADMIN', '2019-05-31 12:52:41', NULL, NULL);
INSERT INTO `identity_field` (`id`, `identity_type_id`, `name`, `display_name`, `description`, `type`, `mandatory`, `stake_holder_id`, `version`, `created_by`, `created_date`, `last_modified_by`, `last_modified_date`) VALUES (218, 15, 'Resident Card Type Code', 'Resident Card Type Code', 'Resident Card Type Code', 'TEXTBOX', 1, 73, 0, 'ADMIN', '2019-05-31 12:52:41', NULL, NULL);
INSERT INTO `identity_field` (`id`, `identity_type_id`, `name`, `display_name`, `description`, `type`, `mandatory`, `stake_holder_id`, `version`, `created_by`, `created_date`, `last_modified_by`, `last_modified_date`) VALUES (219, 15, 'Email', 'Email', 'Email', 'TEXTBOX', 1, 73, 0, 'ADMIN', '2019-05-31 12:52:41', NULL, NULL);
INSERT INTO `identity_field` (`id`, `identity_type_id`, `name`, `display_name`, `description`, `type`, `mandatory`, `stake_holder_id`, `version`, `created_by`, `created_date`, `last_modified_by`, `last_modified_date`) VALUES (220, 15, 'Nationality', 'Nationality', 'Nationality', 'TEXTBOX', 1, 73, 0, 'ADMIN', '2019-05-31 12:27:42', NULL, NULL);
INSERT INTO `identity_field` (`id`, `identity_type_id`, `name`, `display_name`, `description`, `type`, `mandatory`, `stake_holder_id`, `version`, `created_by`, `created_date`, `last_modified_by`, `last_modified_date`) VALUES (221, 15, 'Personal Code', 'Personal Code', 'Personal Code', 'TEXTBOX', 1, 73, 0, 'ADMIN', '2019-05-31 12:52:41', NULL, NULL);
INSERT INTO `identity_field` (`id`, `identity_type_id`, `name`, `display_name`, `description`, `type`, `mandatory`, `stake_holder_id`, `version`, `created_by`, `created_date`, `last_modified_by`, `last_modified_date`) VALUES (222, 15, 'Contact Number', 'Contact Number', 'Contact Number', 'TEXTBOX', 1, 73, 0, 'ADMIN', '2019-05-31 12:48:14', NULL, NULL);
INSERT INTO `identity_field` (`id`, `identity_type_id`, `name`, `display_name`, `description`, `type`, `mandatory`, `stake_holder_id`, `version`, `created_by`, `created_date`, `last_modified_by`, `last_modified_date`) VALUES (223, 15, 'Address Line1', 'Address Line1', 'Address Line1', 'TEXTBOX', 1, 73, 0, 'ADMIN', '2021-02-22 14:53:58', NULL, NULL);
INSERT INTO `identity_field` (`id`, `identity_type_id`, `name`, `display_name`, `description`, `type`, `mandatory`, `stake_holder_id`, `version`, `created_by`, `created_date`, `last_modified_by`, `last_modified_date`) VALUES (224, 15, 'Address Line2', 'Address Line2', 'Address Line2', 'TEXTBOX', 1, 73, 0, 'ADMIN', '2021-02-22 14:40:46', NULL, NULL);
INSERT INTO `identity_field` (`id`, `identity_type_id`, `name`, `display_name`, `description`, `type`, `mandatory`, `stake_holder_id`, `version`, `created_by`, `created_date`, `last_modified_by`, `last_modified_date`) VALUES (225, 15, 'City', 'City', 'City', 'TEXTBOX', 1, 73, 0, 'ADMIN', '2021-02-22 14:55:03', NULL, NULL);
INSERT INTO `identity_field` (`id`, `identity_type_id`, `name`, `display_name`, `description`, `type`, `mandatory`, `stake_holder_id`, `version`, `created_by`, `created_date`, `last_modified_by`, `last_modified_date`) VALUES (226, 15, 'State', 'State', 'State', 'TEXTBOX', 1, 73, 0, 'ADMIN', '2021-02-22 14:55:06', NULL, NULL);
INSERT INTO `identity_field` (`id`, `identity_type_id`, `name`, `display_name`, `description`, `type`, `mandatory`, `stake_holder_id`, `version`, `created_by`, `created_date`, `last_modified_by`, `last_modified_date`) VALUES (227, 15, 'Country', 'Country', 'Country', 'TEXTBOX', 1, 73, 0, 'ADMIN', '2021-02-23 12:00:56', NULL, NULL);
INSERT INTO `identity_field` (`id`, `identity_type_id`, `name`, `display_name`, `description`, `type`, `mandatory`, `stake_holder_id`, `version`, `created_by`, `created_date`, `last_modified_by`, `last_modified_date`) VALUES (228, 15, 'ZIP/Postal Code', 'ZIP/Postal Code', 'ZIP/Postal Code', 'TEXTBOX', 1, 73, 0, 'ADMIN', '2021-02-23 12:01:26', NULL, NULL);
																									 


-- org_identity_field
INSERT INTO `org_identity_field` (`id`, `organization_id`, `identity_field_id`, `ldap_mapping_attribute`, `version`, `created_by`, `created_date`, `last_modified_by`, `last_modified_date`) VALUES (248, 1, 208, '', 0, 'ADMIN', '2019-05-31 14:13:44', NULL, NULL);
INSERT INTO `org_identity_field` (`id`, `organization_id`, `identity_field_id`, `ldap_mapping_attribute`, `version`, `created_by`, `created_date`, `last_modified_by`, `last_modified_date`) VALUES (249, 1, 209, '', 0, 'ADMIN', '2019-05-31 14:13:44', NULL, NULL);
INSERT INTO `org_identity_field` (`id`, `organization_id`, `identity_field_id`, `ldap_mapping_attribute`, `version`, `created_by`, `created_date`, `last_modified_by`, `last_modified_date`) VALUES (250, 1, 210, '', 0, 'ADMIN', '2019-05-31 14:13:44', NULL, NULL);
INSERT INTO `org_identity_field` (`id`, `organization_id`, `identity_field_id`, `ldap_mapping_attribute`, `version`, `created_by`, `created_date`, `last_modified_by`, `last_modified_date`) VALUES (251, 1, 211, '', 0, 'ADMIN', '2019-05-31 14:13:44', NULL, NULL);
INSERT INTO `org_identity_field` (`id`, `organization_id`, `identity_field_id`, `ldap_mapping_attribute`, `version`, `created_by`, `created_date`, `last_modified_by`, `last_modified_date`) VALUES (252, 1, 212, '', 0, 'ADMIN', '2019-05-31 14:13:44', NULL, NULL);
INSERT INTO `org_identity_field` (`id`, `organization_id`, `identity_field_id`, `ldap_mapping_attribute`, `version`, `created_by`, `created_date`, `last_modified_by`, `last_modified_date`) VALUES (253, 1, 213, '', 0, 'ADMIN', '2019-05-31 14:13:44', NULL, NULL);
INSERT INTO `org_identity_field` (`id`, `organization_id`, `identity_field_id`, `ldap_mapping_attribute`, `version`, `created_by`, `created_date`, `last_modified_by`, `last_modified_date`) VALUES (254, 1, 214, '', 0, 'ADMIN', '2019-05-31 14:13:44', NULL, NULL);
INSERT INTO `org_identity_field` (`id`, `organization_id`, `identity_field_id`, `ldap_mapping_attribute`, `version`, `created_by`, `created_date`, `last_modified_by`, `last_modified_date`) VALUES (255, 1, 215, '', 0, 'ADMIN', '2019-05-31 14:13:44', NULL, NULL);
INSERT INTO `org_identity_field` (`id`, `organization_id`, `identity_field_id`, `ldap_mapping_attribute`, `version`, `created_by`, `created_date`, `last_modified_by`, `last_modified_date`) VALUES (256, 1, 216, '', 0, 'ADMIN', '2019-05-31 14:13:44', NULL, NULL);
INSERT INTO `org_identity_field` (`id`, `organization_id`, `identity_field_id`, `ldap_mapping_attribute`, `version`, `created_by`, `created_date`, `last_modified_by`, `last_modified_date`) VALUES (257, 1, 217, '', 0, 'ADMIN', '2019-05-31 14:13:44', NULL, NULL);
INSERT INTO `org_identity_field` (`id`, `organization_id`, `identity_field_id`, `ldap_mapping_attribute`, `version`, `created_by`, `created_date`, `last_modified_by`, `last_modified_date`) VALUES (258, 1, 218, '', 0, 'ADMIN', '2019-05-31 14:13:44', NULL, NULL);
INSERT INTO `org_identity_field` (`id`, `organization_id`, `identity_field_id`, `ldap_mapping_attribute`, `version`, `created_by`, `created_date`, `last_modified_by`, `last_modified_date`) VALUES (259, 1, 219, '', 0, 'ADMIN', '2019-05-31 14:13:44', NULL, NULL);
INSERT INTO `org_identity_field` (`id`, `organization_id`, `identity_field_id`, `ldap_mapping_attribute`, `version`, `created_by`, `created_date`, `last_modified_by`, `last_modified_date`) VALUES (260, 1, 220, '', 0, 'ADMIN', '2019-05-31 14:13:44', NULL, NULL);
INSERT INTO `org_identity_field` (`id`, `organization_id`, `identity_field_id`, `ldap_mapping_attribute`, `version`, `created_by`, `created_date`, `last_modified_by`, `last_modified_date`) VALUES (261, 1, 221, '', 0, 'ADMIN', '2019-05-31 14:13:44', NULL, NULL);
INSERT INTO `org_identity_field` (`id`, `organization_id`, `identity_field_id`, `ldap_mapping_attribute`, `version`, `created_by`, `created_date`, `last_modified_by`, `last_modified_date`) VALUES (262, 1, 222, '', 0, 'ADMIN', '2019-05-31 14:13:44', NULL, NULL);
INSERT INTO `org_identity_field` (`id`, `organization_id`, `identity_field_id`, `ldap_mapping_attribute`, `version`, `created_by`, `created_date`, `last_modified_by`, `last_modified_date`) VALUES (263, 1, 223, '', 0, 'ADMIN', '2019-05-31 14:13:44', NULL, NULL);
INSERT INTO `org_identity_field` (`id`, `organization_id`, `identity_field_id`, `ldap_mapping_attribute`, `version`, `created_by`, `created_date`, `last_modified_by`, `last_modified_date`) VALUES (264, 1, 224, '', 0, 'ADMIN', '2019-05-31 14:13:44', NULL, NULL);
INSERT INTO `org_identity_field` (`id`, `organization_id`, `identity_field_id`, `ldap_mapping_attribute`, `version`, `created_by`, `created_date`, `last_modified_by`, `last_modified_date`) VALUES (265, 1, 225, '', 0, 'ADMIN', '2019-05-31 14:13:44', NULL, NULL);
INSERT INTO `org_identity_field` (`id`, `organization_id`, `identity_field_id`, `ldap_mapping_attribute`, `version`, `created_by`, `created_date`, `last_modified_by`, `last_modified_date`) VALUES (266, 1, 226, '', 0, 'ADMIN', '2019-05-31 14:09:02', NULL, NULL);
INSERT INTO `org_identity_field` (`id`, `organization_id`, `identity_field_id`, `ldap_mapping_attribute`, `version`, `created_by`, `created_date`, `last_modified_by`, `last_modified_date`) VALUES (267, 1, 227, '', 0, 'ADMIN', '2019-05-31 14:09:02', NULL, NULL);
INSERT INTO `org_identity_field` (`id`, `organization_id`, `identity_field_id`, `ldap_mapping_attribute`, `version`, `created_by`, `created_date`, `last_modified_by`, `last_modified_date`) VALUES (268, 1, 228, '', 0, 'ADMIN', '2019-05-31 14:13:44', NULL, NULL);

-- org_identity_field_config
INSERT INTO `org_identity_field_config` (`id`, `org_identities_id`, `identity_field_id`, `config_value_id`, `version`, `created_by`, `created_date`, `last_modified_by`, `last_modified_date`) VALUES (49, 29, 208, 48, 0, 'USER', '2020-01-23 14:32:21', NULL, NULL);
INSERT INTO `org_identity_field_config` (`id`, `org_identities_id`, `identity_field_id`, `config_value_id`, `version`, `created_by`, `created_date`, `last_modified_by`, `last_modified_date`) VALUES (50, 29, 208, 49, 0, 'USER', '2020-01-23 14:32:21', NULL, NULL);
INSERT INTO `org_identity_field_config` (`id`, `org_identities_id`, `identity_field_id`, `config_value_id`, `version`, `created_by`, `created_date`, `last_modified_by`, `last_modified_date`) VALUES (51, 29, 208, 50, 0, 'USER', '2020-01-23 14:32:21', NULL, NULL);
INSERT INTO `org_identity_field_config` (`id`, `org_identities_id`, `identity_field_id`, `config_value_id`, `version`, `created_by`, `created_date`, `last_modified_by`, `last_modified_date`) VALUES (52, 29, 208, 51, 0, 'USER', '2020-01-23 14:32:21', NULL, NULL);

-- sequence_number
INSERT INTO `sequence_number` (`id`, `org_name`, `class_name`, `next_value`, `increment_value`, `id_length`, `seq_prefix`, `seq_suffix`, `created_by`, `created_date`, `last_modified_by`, `last_modified_date`) VALUES (55, 'Unifyia', 'UserPermanentResidentIdEntity', 1, 1, 13, 'MID', 'PRI', '', '2020-04-20 14:58:02', NULL, NULL);
